Versuchsteilnehmer 1: SanC
Versuchsteilnehmer 2: TalH
Versuch: Supraleitung
Startzeit: 19.03.2026 15:01:19
Stoppzeit: 19.03.2026 15:29:27
Probennummer: 
Gatespannung: 
Sweeprate: 
Strom: 
Magnetfeld: 
Temperatur: 
Bemerkung: 
Kommentar: 

Zeit/s          	U_AB [V]          	U_M [V]          	U_Sn [V]          	U_Spule [V]
0,000000000000	0,010562266000	0,676311950000	0,000180786000	0,000002221000
1,000000000000	0,010557539000	0,677166230000	0,000180911000	0,000002044000
2,000000000000	0,010552682000	0,678167660000	0,000180650000	0,000002106000
3,000000000000	0,010545592000	0,679268070000	0,000180786000	0,000001899000
4,000000000000	0,010536898000	0,680333570000	0,000180566000	0,000002096000
5,000000000000	0,010532507000	0,681527250000	0,000180503000	0,000002169000
6,000000000000	0,010525927000	0,682787690000	0,000179843000	0,000002262000
7,000000000000	0,010518251000	0,684115240000	0,000181351000	0,000002148000
8,000000000000	0,010512115000	0,685454830000	0,000180346000	0,000002189000
9,000000000000	0,010504743000	0,686544220000	0,000180419000	0,000002189000
10,000000000000	0,010500407000	0,686772790000	0,000180817000	0,000002117000
11,000000000000	0,010493664000	0,687236260000	0,000180650000	0,000002179000
12,000000000000	0,010489316000	0,687934010000	0,000180430000	0,000002210000
13,000000000000	0,010484327000	0,688626250000	0,000180838000	0,000002127000
14,000000000000	0,010479361000	0,689448290000	0,000180754000	0,000002324000
15,000000000000	0,010473616000	0,690357070000	0,000180922000	0,000001971000
16,000000000000	0,010469615000	0,691408700000	0,000180524000	0,000002075000
17,000000000000	0,010464390000	0,692316060000	0,000181173000	0,000002013000
18,000000000000	0,010459121000	0,692620950000	0,000180430000	0,000002179000
19,000000000000	0,010452053000	0,692692790000	0,000180608000	0,000002075000
20,000000000000	0,010450611000	0,692517080000	0,000180660000	0,000002138000
21,000000000000	0,010447987000	0,692261770000	0,000180880000	0,000002221000
22,000000000000	0,010448107000	0,691814410000	0,000180639000	0,000002189000
23,000000000000	0,010447434000	0,691277880000	0,000180503000	0,000002262000
24,000000000000	0,010448237000	0,690824820000	0,000180555000	0,000001992000
25,000000000000	0,010451283000	0,690580540000	0,000180325000	0,000002106000
26,000000000000	0,010451099000	0,690462170000	0,000181100000	0,000002054000
27,000000000000	0,010452064000	0,690478910000	0,000180576000	0,000002189000
28,000000000000	0,010451923000	0,690580330000	0,000180346000	0,000002086000
29,000000000000	0,010452226000	0,690555440000	0,000180723000	0,000002003000
30,000000000000	0,010451554000	0,690595230000	0,000180985000	0,000002169000
31,000000000000	0,010450774000	0,690913600000	0,000180493000	0,000002003000
32,000000000000	0,010448898000	0,691374410000	0,000180890000	0,000002335000
33,000000000000	0,010447294000	0,691855230000	0,000180660000	0,000002158000
34,000000000000	0,010444833000	0,692391770000	0,000180702000	0,000002117000
35,000000000000	0,010442773000	0,692439930000	0,000180503000	0,000002106000
36,000000000000	0,010442361000	0,692361360000	0,000180534000	0,000002096000
37,000000000000	0,010439661000	0,692317890000	0,000180817000	0,000002428000
38,000000000000	0,010439542000	0,692232590000	0,000181110000	0,000002231000
39,000000000000	0,010439824000	0,692170550000	0,000180723000	0,000002106000
40,000000000000	0,010439575000	0,692115240000	0,000180828000	0,000002075000
41,000000000000	0,010439358000	0,692068500000	0,000180712000	0,000002241000
42,000000000000	0,010440518000	0,691577880000	0,000180712000	0,000002117000
43,000000000000	0,010442567000	0,690800130000	0,000180723000	0,000002023000
44,000000000000	0,010444497000	0,690170330000	0,000180660000	0,000002252000
45,000000000000	0,010447402000	0,689632780000	0,000180765000	0,000002138000
46,000000000000	0,010451597000	0,688821760000	0,000180807000	0,000002200000
47,000000000000	0,010454514000	0,688447280000	0,000181037000	0,000002148000
48,000000000000	0,010457690000	0,688250950000	0,000181068000	0,000002003000
49,000000000000	0,010460238000	0,687424010000	0,000181215000	0,000002148000
50,000000000000	0,010469496000	0,685790950000	0,000180817000	0,000002438000
51,000000000000	0,010479199000	0,683546870000	0,000181016000	0,000002096000
52,000000000000	0,010491604000	0,681494390000	0,000181361000	0,000002034000
53,000000000000	0,010502109000	0,679560720000	0,000180503000	0,000002169000
54,000000000000	0,010514207000	0,677969700000	0,000180901000	0,000002086000
55,000000000000	0,010516224000	0,678854600000	0,000180995000	0,000002241000
56,000000000000	0,010519357000	0,678509700000	0,000180786000	0,000002293000
57,000000000000	0,010523195000	0,678013170000	0,000180545000	0,000002148000
58,000000000000	0,010528442000	0,676703170000	0,000180817000	0,000002148000
59,000000000000	0,010533093000	0,675805620000	0,000180650000	0,000002044000
60,000000000000	0,010538134000	0,675028680000	0,000180702000	0,000002407000
61,000000000000	0,010543251000	0,674346640000	0,000180220000	0,000002096000
62,000000000000	0,010547468000	0,673596650000	0,000180869000	0,000002293000
63,000000000000	0,010554103000	0,672753180000	0,000181037000	0,000002075000
64,000000000000	0,010559697000	0,671918890000	0,000180650000	0,000002148000
65,000000000000	0,010563740000	0,671470530000	0,000180964000	0,000001857000
66,000000000000	0,010566765000	0,671059060000	0,000180608000	0,000002490000
67,000000000000	0,010570581000	0,670525180000	0,000180409000	0,000001940000
68,000000000000	0,010573519000	0,670048240000	0,000180723000	0,000002138000
69,000000000000	0,010577649000	0,669572530000	0,000180691000	0,000002054000
70,000000000000	0,010580967000	0,669171710000	0,000180158000	0,000002179000
71,000000000000	0,010584457000	0,668783550000	0,000181121000	0,000002345000
72,000000000000	0,010586376000	0,668360080000	0,000180503000	0,000002086000
73,000000000000	0,010587591000	0,667987630000	0,000180220000	0,000002293000
74,000000000000	0,010590214000	0,667642330000	0,000180817000	0,000002117000
75,000000000000	0,010592382000	0,667339880000	0,000180608000	0,000002096000
76,000000000000	0,010594247000	0,667002940000	0,000180178000	0,000002054000
77,000000000000	0,010597272000	0,666698450000	0,000181142000	0,000002013000
78,000000000000	0,010598096000	0,666344580000	0,000180587000	0,000002407000
79,000000000000	0,010600958000	0,666043560000	0,000180807000	0,000002096000
80,000000000000	0,010602941000	0,665725390000	0,000181058000	0,000002231000
81,000000000000	0,010605814000	0,665397840000	0,000180283000	0,000002262000
82,000000000000	0,010608297000	0,665093960000	0,000180566000	0,000002221000
83,000000000000	0,010610465000	0,664785190000	0,000179885000	0,000002044000
84,000000000000	0,010612384000	0,664178660000	0,000180294000	0,000002179000
85,000000000000	0,010616168000	0,663345190000	0,000180493000	0,000002169000
86,000000000000	0,010620092000	0,662834780000	0,000180168000	0,000002054000
87,000000000000	0,010622683000	0,662471320000	0,000180650000	0,000001992000
88,000000000000	0,010626499000	0,662058460000	0,000180597000	0,000002252000
89,000000000000	0,010629068000	0,661671520000	0,000180618000	0,000002013000
90,000000000000	0,010630261000	0,661305810000	0,000180315000	0,000002179000
91,000000000000	0,010634521000	0,660958660000	0,000180681000	0,000002179000
92,000000000000	0,010635302000	0,660632130000	0,000180503000	0,000002148000
93,000000000000	0,010638327000	0,660219450000	0,000180587000	0,000002138000
94,000000000000	0,010640863000	0,659841090000	0,000181288000	0,000002231000
95,000000000000	0,010642793000	0,659437820000	0,000179980000	0,000001982000
96,000000000000	0,010645514000	0,659025980000	0,000180943000	0,000002335000
97,000000000000	0,010649048000	0,658511700000	0,000180388000	0,000002252000
98,000000000000	0,010650750000	0,658084760000	0,000180943000	0,000002013000
99,000000000000	0,010654740000	0,657710480000	0,000180650000	0,000002044000
100,000000000000	0,010657667000	0,657342110000	0,000180074000	0,000002179000
101,000000000000	0,010659890000	0,656925780000	0,000180534000	0,000002200000
102,000000000000	0,010661884000	0,656592930000	0,000180189000	0,000002179000
103,000000000000	0,010664280000	0,656228230000	0,000179990000	0,000002283000
104,000000000000	0,010665711000	0,655829460000	0,000180346000	0,000002210000
105,000000000000	0,010668541000	0,655417210000	0,000180587000	0,000002708000
106,000000000000	0,010671587000	0,654992520000	0,000180974000	0,000002034000
107,000000000000	0,010673636000	0,654661300000	0,000181016000	0,000002106000
108,000000000000	0,010675425000	0,654298440000	0,000181204000	0,000001992000
109,000000000000	0,010678482000	0,653914560000	0,000180053000	0,000002231000
110,000000000000	0,010682873000	0,653509260000	0,000179760000	0,000002086000
111,000000000000	0,010684553000	0,653207630000	0,000180597000	0,000002138000
112,000000000000	0,010688629000	0,652801710000	0,000180147000	0,000002023000
113,000000000000	0,010688651000	0,652448040000	0,000180712000	0,000002148000
114,000000000000	0,010692033000	0,652065380000	0,000180273000	0,000002106000
115,000000000000	0,010693453000	0,651740890000	0,000180126000	0,000002231000
116,000000000000	0,010695947000	0,651248240000	0,000180597000	0,000002034000
117,000000000000	0,010702072000	0,649980660000	0,000180095000	0,000002138000
118,000000000000	0,010707395000	0,649102910000	0,000180995000	0,000002366000
119,000000000000	0,010712740000	0,648628620000	0,000180084000	0,000002221000
120,000000000000	0,010715341000	0,648247200000	0,000180409000	0,000002293000
121,000000000000	0,010718615000	0,647847200000	0,000180943000	0,000001930000
122,000000000000	0,010722334000	0,647424750000	0,000180838000	0,000002086000
123,000000000000	0,010724556000	0,646996380000	0,000180451000	0,000002034000
124,000000000000	0,010728578000	0,646510260000	0,000180304000	0,000002086000
125,000000000000	0,010730129000	0,646055570000	0,000180775000	0,000002293000
126,000000000000	0,010734129000	0,645543320000	0,000180335000	0,000002231000
127,000000000000	0,010737663000	0,645077610000	0,000180775000	0,000002407000
128,000000000000	0,010740102000	0,644583320000	0,000180335000	0,000002272000
129,000000000000	0,010744439000	0,644130470000	0,000179603000	0,000001712000
130,000000000000	0,010747507000	0,643631900000	0,000180168000	0,000002158000
131,000000000000	0,010751290000	0,643153120000	0,000180210000	0,000002304000
132,000000000000	0,010753404000	0,642701280000	0,000180409000	0,000002169000
133,000000000000	0,010756570000	0,642242710000	0,000179854000	0,000002013000
134,000000000000	0,010758803000	0,641808840000	0,000180273000	0,000002044000
135,000000000000	0,010761535000	0,641360270000	0,000180472000	0,000002200000
136,000000000000	0,010765026000	0,640907820000	0,000180388000	0,000002272000
137,000000000000	0,010766880000	0,640485980000	0,000180231000	0,000002023000
138,000000000000	0,010771325000	0,640044150000	0,000180283000	0,000002013000
139,000000000000	0,010774057000	0,639604920000	0,000180178000	0,000002096000
140,000000000000	0,010777406000	0,639150030000	0,000180388000	0,000001961000
141,000000000000	0,010780496000	0,638713500000	0,000179896000	0,000002075000
142,000000000000	0,010783673000	0,638321860000	0,000179864000	0,000002106000
143,000000000000	0,010785819000	0,637877170000	0,000180451000	0,000002293000
144,000000000000	0,010789960000	0,637492070000	0,000179948000	0,000001971000
145,000000000000	0,010793332000	0,637045330000	0,000180116000	0,000002262000
146,000000000000	0,010795468000	0,636632070000	0,000180137000	0,000002179000
147,000000000000	0,010799284000	0,636140640000	0,000180137000	0,000002324000
148,000000000000	0,010802298000	0,635810640000	0,000180199000	0,000001888000
149,000000000000	0,010804834000	0,635385950000	0,000179906000	0,000002148000
150,000000000000	0,010807143000	0,635025340000	0,000180189000	0,000002324000
151,000000000000	0,010809268000	0,634579830000	0,000180304000	0,000002138000
152,000000000000	0,010813897000	0,634171260000	0,000179990000	0,000002387000
153,000000000000	0,010815925000	0,633739830000	0,000180367000	0,000002252000
154,000000000000	0,010818364000	0,633335950000	0,000180576000	0,000002252000
155,000000000000	0,010821475000	0,632946770000	0,000180147000	0,000002096000
156,000000000000	0,010823936000	0,632537990000	0,000179864000	0,000002054000
157,000000000000	0,010826007000	0,632166970000	0,000180084000	0,000002283000
158,000000000000	0,010829021000	0,631751060000	0,000179749000	0,000002179000
159,000000000000	0,010831612000	0,631376980000	0,000179393000	0,000002158000
160,000000000000	0,010834214000	0,631008000000	0,000180650000	0,000002117000
161,000000000000	0,010837173000	0,630624530000	0,000180126000	0,000002262000
162,000000000000	0,010839569000	0,630232490000	0,000180461000	0,000002117000
163,000000000000	0,010842496000	0,629818610000	0,000180137000	0,000002221000
164,000000000000	0,010845120000	0,629448610000	0,000180158000	0,000002148000
165,000000000000	0,010848285000	0,629079400000	0,000179467000	0,000002138000
166,000000000000	0,010850594000	0,628724300000	0,000179980000	0,000002158000
167,000000000000	0,010853348000	0,628331030000	0,000180555000	0,000002086000
168,000000000000	0,010855744000	0,627955730000	0,000180398000	0,000002138000
169,000000000000	0,010858563000	0,627597770000	0,000180315000	0,000002719000
170,000000000000	0,010860590000	0,627261650000	0,000180388000	0,000002003000
171,000000000000	0,010862314000	0,626867360000	0,000179812000	0,000001930000
172,000000000000	0,010865598000	0,626501030000	0,000180304000	0,000002138000
173,000000000000	0,010869198000	0,626134500000	0,000180158000	0,000002345000
174,000000000000	0,010871908000	0,625739810000	0,000180534000	0,000002438000
175,000000000000	0,010875713000	0,624804510000	0,000180608000	0,000002023000
176,000000000000	0,010881600000	0,623711040000	0,000181204000	0,000002324000
177,000000000000	0,010887053000	0,622969000000	0,000180440000	0,000002158000
178,000000000000	0,010891639000	0,622396550000	0,000180367000	0,000001982000
179,000000000000	0,010895270000	0,621990230000	0,000179770000	0,000002138000
180,000000000000	0,010899650000	0,621531860000	0,000180231000	0,000002231000
181,000000000000	0,010903358000	0,621169610000	0,000180545000	0,000002324000
182,000000000000	0,010907727000	0,620755530000	0,000180356000	0,000002054000
183,000000000000	0,010908713000	0,620317570000	0,000180807000	0,000002034000
184,000000000000	0,010912443000	0,619855130000	0,000180629000	0,000002376000
185,000000000000	0,010915315000	0,619409620000	0,000180712000	0,000002189000
186,000000000000	0,010919240000	0,618937370000	0,000180335000	0,000002096000
187,000000000000	0,010921397000	0,618415120000	0,000180335000	0,000002241000
188,000000000000	0,010924942000	0,617871240000	0,000180137000	0,000002210000
189,000000000000	0,010928975000	0,617399610000	0,000180493000	0,000002480000
190,000000000000	0,010932607000	0,616965730000	0,000180911000	0,000002221000
191,000000000000	0,010936022000	0,616489000000	0,000180545000	0,000002065000
192,000000000000	0,010940532000	0,615985940000	0,000180859000	0,000002324000
193,000000000000	0,010942787000	0,615613490000	0,000180335000	0,000002117000
194,000000000000	0,010947166000	0,615163490000	0,000180723000	0,000002428000
195,000000000000	0,010949909000	0,614732880000	0,000180964000	0,000001982000
196,000000000000	0,010952565000	0,614271860000	0,000180147000	0,000002117000
197,000000000000	0,010955828000	0,613823700000	0,000180932000	0,000002241000
198,000000000000	0,010958430000	0,613447570000	0,000181393000	0,000002241000
199,000000000000	0,010961715000	0,612973900000	0,000180754000	0,000002065000
200,000000000000	0,010964436000	0,612596960000	0,000180629000	0,000002148000
201,000000000000	0,010968426000	0,612154920000	0,000181089000	0,000002418000
202,000000000000	0,010970583000	0,611750230000	0,000180890000	0,000002148000
203,000000000000	0,010973911000	0,611327990000	0,000181142000	0,000002252000
204,000000000000	0,010976513000	0,610856760000	0,000180964000	0,000002065000
205,000000000000	0,010980091000	0,610446970000	0,000181121000	0,000002221000
206,000000000000	0,010983397000	0,610091870000	0,000181236000	0,000002138000
207,000000000000	0,010986032000	0,609646560000	0,000180765000	0,000002148000
208,000000000000	0,010989371000	0,609263700000	0,000181183000	0,000002096000
209,000000000000	0,010991376000	0,608899010000	0,000181225000	0,000002283000
210,000000000000	0,010994954000	0,608488400000	0,000181225000	0,000002376000
211,000000000000	0,010997827000	0,608084080000	0,000181163000	0,000002065000
212,000000000000	0,011002217000	0,607655100000	0,000181288000	0,000002075000
213,000000000000	0,011004700000	0,607268170000	0,000181236000	0,000002034000
214,000000000000	0,011008158000	0,606877350000	0,000181393000	0,000001992000
215,000000000000	0,011010272000	0,606481430000	0,000181183000	0,000002148000
216,000000000000	0,011012018000	0,606096130000	0,000181236000	0,000002376000
217,000000000000	0,011015671000	0,605724900000	0,000181058000	0,000002293000
218,000000000000	0,011017991000	0,605458780000	0,000181560000	0,000002034000
219,000000000000	0,011020430000	0,605074290000	0,000181780000	0,000002096000
220,000000000000	0,011022880000	0,604711440000	0,000181885000	0,000002376000
221,000000000000	0,011025114000	0,604328370000	0,000181403000	0,000002314000
222,000000000000	0,011027650000	0,604013270000	0,000181267000	0,000002231000
223,000000000000	0,011030003000	0,603703070000	0,000181749000	0,000001888000
224,000000000000	0,011033331000	0,603319400000	0,000181026000	0,000002241000
225,000000000000	0,011035055000	0,602993480000	0,000181016000	0,000002189000
226,000000000000	0,011038762000	0,602659400000	0,000181005000	0,000002314000
227,000000000000	0,011041841000	0,602287970000	0,000181518000	0,000002117000
228,000000000000	0,011044432000	0,601936540000	0,000181037000	0,000002366000
229,000000000000	0,011046839000	0,601630620000	0,000181058000	0,000002179000
230,000000000000	0,011049701000	0,601306540000	0,000181058000	0,000002428000
231,000000000000	0,011051002000	0,600951030000	0,000180932000	0,000002314000
232,000000000000	0,011054200000	0,600646140000	0,000181089000	0,000002148000
233,000000000000	0,011055750000	0,600296750000	0,000181770000	0,000002521000
234,000000000000	0,011058970000	0,600036340000	0,000181299000	0,000002065000
235,000000000000	0,011061399000	0,599725730000	0,000181215000	0,000002023000
236,000000000000	0,011063057000	0,599384500000	0,000180911000	0,000002148000
237,000000000000	0,011065453000	0,599087770000	0,000180807000	0,000002200000
238,000000000000	0,011068348000	0,598788790000	0,000181005000	0,000002117000
239,000000000000	0,011071568000	0,598489810000	0,000180890000	0,000001982000
240,000000000000	0,011074364000	0,598171240000	0,000180932000	0,000002210000
241,000000000000	0,011075384000	0,597951650000	0,000180419000	0,000001868000
242,000000000000	0,011077877000	0,597760830000	0,000180660000	0,000002127000
243,000000000000	0,011080707000	0,597371610000	0,000180848000	0,000002262000
244,000000000000	0,011085758000	0,596463450000	0,000181016000	0,000002127000
245,000000000000	0,011090453000	0,595768760000	0,000181016000	0,000002200000
246,000000000000	0,011095765000	0,595314060000	0,000180555000	0,000002169000
247,000000000000	0,011096415000	0,595148760000	0,000181037000	0,000002127000
248,000000000000	0,011097933000	0,595131210000	0,000180356000	0,000002252000
249,000000000000	0,011099494000	0,594854470000	0,000180765000	0,000002138000
250,000000000000	0,011103776000	0,594401410000	0,000180377000	0,000002179000
251,000000000000	0,011107852000	0,593823660000	0,000180367000	0,000002127000
252,000000000000	0,011111452000	0,593352840000	0,000180388000	0,000002044000
253,000000000000	0,011113620000	0,592982020000	0,000180848000	0,000002065000
254,000000000000	0,011118271000	0,592661410000	0,000180430000	0,000002158000
255,000000000000	0,011118466000	0,592603250000	0,000180367000	0,000002262000
256,000000000000	0,011120005000	0,592407540000	0,000180294000	0,000002283000
257,000000000000	0,011122390000	0,591921820000	0,000180503000	0,000002075000
258,000000000000	0,011126369000	0,591357330000	0,000180126000	0,000002189000
259,000000000000	0,011129871000	0,590847130000	0,000180356000	0,000002044000
260,000000000000	0,011132407000	0,590477330000	0,000179456000	0,000002252000
261,000000000000	0,011135508000	0,590046520000	0,000180513000	0,000002106000
262,000000000000	0,011135627000	0,589796520000	0,000180629000	0,000001961000
263,000000000000	0,011139769000	0,589628360000	0,000179917000	0,000002054000
264,000000000000	0,011143509000	0,589308560000	0,000180618000	0,000002117000
265,000000000000	0,011145558000	0,588905090000	0,000178786000	0,000002189000
266,000000000000	0,011147769000	0,588409580000	0,000179634000	0,000002438000
267,000000000000	0,011151444000	0,588069790000	0,000179153000	0,000002345000
268,000000000000	0,011153829000	0,587730400000	0,000179404000	0,000002075000
269,000000000000	0,011157027000	0,587433870000	0,000178734000	0,000002158000
270,000000000000	0,011159705000	0,587137310000	0,000178514000	0,000002138000
271,000000000000	0,011162361000	0,586740170000	0,000178503000	0,000002065000
272,000000000000	0,011165028000	0,586293430000	0,000178273000	0,000002065000
273,000000000000	0,011167186000	0,585938540000	0,000177792000	0,000002148000
274,000000000000	0,011169245000	0,585632210000	0,000178074000	0,000001888000
275,000000000000	0,011172530000	0,585288330000	0,000177509000	0,000002241000
276,000000000000	0,011174547000	0,584942620000	0,000176839000	0,000002189000
277,000000000000	0,011177040000	0,584584460000	0,000176567000	0,000002283000
278,000000000000	0,011178601000	0,584240170000	0,000176022000	0,000002231000
279,000000000000	0,011180249000	0,583938130000	0,000175457000	0,000002241000
280,000000000000	0,011183024000	0,583636700000	0,000175426000	0,000002272000
281,000000000000	0,011186645000	0,583272210000	0,000174305000	0,000002231000
282,000000000000	0,011189204000	0,582911600000	0,000173981000	0,000002501000
283,000000000000	0,011191741000	0,582531190000	0,000173363000	0,000001992000
284,000000000000	0,011194776000	0,582220990000	0,000172400000	0,000002086000
285,000000000000	0,011196847000	0,581867930000	0,000172138000	0,000002221000
286,000000000000	0,011200110000	0,581520580000	0,000170788000	0,000002054000
287,000000000000	0,011202191000	0,581229560000	0,000169678000	0,000002096000
288,000000000000	0,011204555000	0,580957320000	0,000169636000	0,000002283000
289,000000000000	0,011207319000	0,580639160000	0,000168412000	0,000002407000
290,000000000000	0,011209444000	0,580352220000	0,000167218000	0,000002086000
291,000000000000	0,011213022000	0,580062420000	0,000166370000	0,000002376000
292,000000000000	0,011214734000	0,579781610000	0,000164957000	0,000002096000
293,000000000000	0,011215266000	0,579562220000	0,000164412000	0,000002200000
294,000000000000	0,011217325000	0,579270380000	0,000163156000	0,000002324000
295,000000000000	0,011220632000	0,578953040000	0,000162287000	0,000002065000
296,000000000000	0,011222909000	0,578748140000	0,000161104000	0,000001920000
297,000000000000	0,011225218000	0,578485890000	0,000160078000	0,000002169000
298,000000000000	0,011226497000	0,578200180000	0,000158990000	0,000002501000
299,000000000000	0,011228654000	0,577926300000	0,000157482000	0,000002096000
300,000000000000	0,011230432000	0,577717940000	0,000156749000	0,000002189000
301,000000000000	0,011233717000	0,577407530000	0,000155912000	0,000002262000
302,000000000000	0,011235679000	0,577135080000	0,000154834000	0,000002189000
303,000000000000	0,011236579000	0,576853240000	0,000153305000	0,000002687000
304,000000000000	0,011241208000	0,576570560000	0,000151588000	0,000002138000
305,000000000000	0,011240840000	0,576399950000	0,000150698000	0,000002355000
306,000000000000	0,011244287000	0,576106890000	0,000149023000	0,000002480000
307,000000000000	0,011244612000	0,575816680000	0,000147757000	0,000002200000
308,000000000000	0,011246748000	0,575582810000	0,000145569000	0,000002304000
309,000000000000	0,011248363000	0,575406280000	0,000144972000	0,000002169000
310,000000000000	0,011249426000	0,575194440000	0,000143747000	0,000002355000
311,000000000000	0,011252342000	0,574964640000	0,000142009000	0,000002376000
312,000000000000	0,011253437000	0,574798730000	0,000140533000	0,000001940000
313,000000000000	0,011254684000	0,574595870000	0,000139204000	0,000002376000
314,000000000000	0,011256646000	0,574375870000	0,000136963000	0,000002387000
315,000000000000	0,011259519000	0,574125870000	0,000135414000	0,000002293000
316,000000000000	0,011260299000	0,573913220000	0,000134587000	0,000002324000
317,000000000000	0,011262608000	0,573659540000	0,000133624000	0,000002293000
318,000000000000	0,011263552000	0,573506890000	0,000132043000	0,000002221000
319,000000000000	0,011265438000	0,573246280000	0,000129939000	0,000002262000
320,000000000000	0,011267042000	0,573047910000	0,000128306000	0,000002241000
321,000000000000	0,011269146000	0,572823420000	0,000126924000	0,000002262000
322,000000000000	0,011271737000	0,572607510000	0,000124976000	0,000002189000
323,000000000000	0,011274306000	0,572402000000	0,000122684000	0,000001951000
324,000000000000	0,011274946000	0,572185260000	0,000121825000	0,000002304000
325,000000000000	0,011276214000	0,571999750000	0,000119575000	0,000002719000
326,000000000000	0,011279661000	0,571829340000	0,000118538000	0,000002272000
327,000000000000	0,011279900000	0,571582400000	0,000116392000	0,000002272000
328,000000000000	0,011282296000	0,571363630000	0,000115136000	0,000002200000
329,000000000000	0,011282567000	0,571224040000	0,000112990000	0,000002158000
330,000000000000	0,011284572000	0,570962410000	0,000111325000	0,000002117000
331,000000000000	0,011287987000	0,570734650000	0,000109797000	0,000002158000
332,000000000000	0,011288150000	0,570543220000	0,000108185000	0,000002221000
333,000000000000	0,011290340000	0,570359960000	0,000106300000	0,000001940000
334,000000000000	0,011292465000	0,570199140000	0,000105662000	0,000002086000
335,000000000000	0,011294243000	0,569999960000	0,000103097000	0,000002231000
336,000000000000	0,011293982000	0,569851590000	0,000101422000	0,000002324000
337,000000000000	0,011295273000	0,569670980000	0,000100155000	0,000002272000
338,000000000000	0,011298644000	0,569505670000	0,000099244000	0,000002210000
339,000000000000	0,011299739000	0,569387920000	0,000098606000	0,000002065000
340,000000000000	0,011301213000	0,569201390000	0,000097098000	0,000002324000
341,000000000000	0,011302612000	0,569066290000	0,000096104000	0,000002262000
342,000000000000	0,011303089000	0,568947920000	0,000094942000	0,000001992000
343,000000000000	0,011303512000	0,568777510000	0,000094502000	0,000002189000
344,000000000000	0,011305593000	0,568591390000	0,000093476000	0,000002189000
345,000000000000	0,011307046000	0,568470570000	0,000092733000	0,000002335000
346,000000000000	0,011307252000	0,568341590000	0,000092042000	0,000002065000
347,000000000000	0,011309117000	0,568152820000	0,000091277000	0,000002397000
348,000000000000	0,011308672000	0,567982210000	0,000090984000	0,000002272000
349,000000000000	0,011310081000	0,567840780000	0,000090691000	0,000002179000
350,000000000000	0,011311740000	0,567714040000	0,000090094000	0,000002075000
351,000000000000	0,011313518000	0,567593430000	0,000089194000	0,000002044000
352,000000000000	0,011314721000	0,567475880000	0,000089404000	0,000002252000
353,000000000000	0,011316152000	0,567297510000	0,000088754000	0,000002221000
354,000000000000	0,011317345000	0,567186490000	0,000088210000	0,000002189000
355,000000000000	0,011317442000	0,567061190000	0,000087812000	0,000002169000
356,000000000000	0,011319806000	0,566861390000	0,000087310000	0,000002096000
357,000000000000	0,011319188000	0,566713840000	0,000087226000	0,000002189000
358,000000000000	0,011320933000	0,566583640000	0,000087100000	0,000001982000
359,000000000000	0,011322050000	0,566455680000	0,000086860000	0,000002438000
360,000000000000	0,011322494000	0,566332210000	0,000085876000	0,000002169000
361,000000000000	0,011323752000	0,566176260000	0,000086441000	0,000002148000
362,000000000000	0,011323785000	0,566048100000	0,000086137000	0,000002231000
363,000000000000	0,011326256000	0,565928910000	0,000085394000	0,000002169000
364,000000000000	0,011327481000	0,565795850000	0,000085865000	0,000002138000
365,000000000000	0,011328826000	0,565629320000	0,000085279000	0,000002407000
366,000000000000	0,011330484000	0,565511770000	0,000085436000	0,000002272000
367,000000000000	0,011331178000	0,565412590000	0,000084996000	0,000002293000
368,000000000000	0,011332750000	0,565244220000	0,000085122000	0,000002117000
369,000000000000	0,011332468000	0,565159320000	0,000085216000	0,000002179000
370,000000000000	0,011334907000	0,564978100000	0,000084797000	0,000002065000
371,000000000000	0,011334376000	0,564917280000	0,000084504000	0,000002355000
372,000000000000	0,011336078000	0,564755850000	0,000084253000	0,000002376000
373,000000000000	0,011336989000	0,564619530000	0,000084693000	0,000002283000
374,000000000000	0,011339190000	0,564494020000	0,000084619000	0,000002148000
375,000000000000	0,011340534000	0,564328710000	0,000084483000	0,000002314000
376,000000000000	0,011340935000	0,564189120000	0,000084211000	0,000002304000
377,000000000000	0,011341878000	0,564050140000	0,000084295000	0,000002003000
378,000000000000	0,011342811000	0,563989730000	0,000083677000	0,000002252000
379,000000000000	0,011347765000	0,563330550000	0,000083604000	0,000002387000
380,000000000000	0,011352535000	0,562510760000	0,000083845000	0,000002086000
381,000000000000	0,011356980000	0,562091980000	0,000083300000	0,000002003000
382,000000000000	0,011359733000	0,561838720000	0,000082923000	0,000002169000
383,000000000000	0,011362184000	0,561679940000	0,000082871000	0,000002169000
384,000000000000	0,011362238000	0,561510350000	0,000083258000	0,000002096000
385,000000000000	0,011363994000	0,561344230000	0,000083091000	0,000002106000
386,000000000000	0,011365371000	0,561204020000	0,000082997000	0,000002158000
387,000000000000	0,011365804000	0,561028310000	0,000082724000	0,000002106000
388,000000000000	0,011366737000	0,560868310000	0,000082819000	0,000002106000
389,000000000000	0,011370108000	0,560663000000	0,000082756000	0,000002127000
390,000000000000	0,011372244000	0,560404840000	0,000082683000	0,000002003000
391,000000000000	0,011373979000	0,560237700000	0,000082128000	0,000002189000
392,000000000000	0,011374488000	0,560052800000	0,000082526000	0,000002044000
393,000000000000	0,011375854000	0,559789740000	0,000082306000	0,000002158000
394,000000000000	0,011378792000	0,559561170000	0,000082777000	0,000002221000
395,000000000000	0,011379887000	0,559367700000	0,000082264000	0,000002148000
396,000000000000	0,011382164000	0,559157700000	0,000082850000	0,000002158000
397,000000000000	0,011384917000	0,558902390000	0,000081782000	0,000002200000
398,000000000000	0,011385210000	0,558728110000	0,000082431000	0,000002262000
399,000000000000	0,011388159000	0,558593620000	0,000082662000	0,000002210000
400,000000000000	0,011388083000	0,558430560000	0,000081751000	0,000002034000
401,000000000000	0,011390305000	0,558204640000	0,000081761000	0,000002189000
402,000000000000	0,011391140000	0,558028930000	0,000082274000	0,000002023000
403,000000000000	0,011392734000	0,557900250000	0,000082086000	0,000002397000
404,000000000000	0,011394089000	0,557718310000	0,000081772000	0,000002096000
405,000000000000	0,011395715000	0,557543210000	0,000082211000	0,000002470000
406,000000000000	0,011397048000	0,557421380000	0,000081761000	0,000002262000
407,000000000000	0,011399217000	0,557261380000	0,000082044000	0,000002200000
408,000000000000	0,011400127000	0,557103820000	0,000081615000	0,000002169000
409,000000000000	0,011401569000	0,556958520000	0,000081845000	0,000002189000
410,000000000000	0,011402512000	0,556771990000	0,000081719000	0,000002169000
411,000000000000	0,011404334000	0,556545050000	0,000081594000	0,000002023000
412,000000000000	0,011411532000	0,555678900000	0,000081740000	0,000002179000
413,000000000000	0,011413939000	0,555104410000	0,000082023000	0,000001920000
414,000000000000	0,011416692000	0,554842370000	0,000081971000	0,000002335000
415,000000000000	0,011418882000	0,554637470000	0,000081960000	0,000002210000
416,000000000000	0,011420075000	0,554488700000	0,000081573000	0,000002034000
417,000000000000	0,011422687000	0,554293590000	0,000082023000	0,000002127000
418,000000000000	0,011425441000	0,554098080000	0,000081290000	0,000002106000
419,000000000000	0,011424888000	0,553906450000	0,000080997000	0,000002428000
420,000000000000	0,011427360000	0,553747470000	0,000081447000	0,000002252000
421,000000000000	0,011429279000	0,553591550000	0,000081374000	0,000002169000
422,000000000000	0,011431263000	0,553344620000	0,000081384000	0,000002127000
423,000000000000	0,011432585000	0,553102780000	0,000081479000	0,000001982000
424,000000000000	0,011435057000	0,552922980000	0,000081835000	0,000002096000
425,000000000000	0,011437279000	0,552667270000	0,000080903000	0,000002252000
426,000000000000	0,011437724000	0,552446250000	0,000081824000	0,000002241000
427,000000000000	0,011440131000	0,552280130000	0,000081405000	0,000002169000
428,000000000000	0,011441280000	0,552040940000	0,000081667000	0,000002127000
429,000000000000	0,011442657000	0,551805440000	0,000081845000	0,000002065000
430,000000000000	0,011444467000	0,551643600000	0,000081395000	0,000002501000
431,000000000000	0,011445649000	0,551493800000	0,000081018000	0,000002044000
432,000000000000	0,011448966000	0,551272580000	0,000080673000	0,000002096000
433,000000000000	0,011449215000	0,551150330000	0,000081028000	0,000002096000
434,000000000000	0,011450148000	0,550951760000	0,000081290000	0,000002387000
435,000000000000	0,011452685000	0,550778090000	0,000081646000	0,000002117000
436,000000000000	0,011454593000	0,550599110000	0,000081049000	0,000002262000
437,000000000000	0,011454137000	0,550436460000	0,000081280000	0,000002366000
438,000000000000	0,011455839000	0,550299110000	0,000080903000	0,000002117000
439,000000000000	0,011456793000	0,550147270000	0,000081353000	0,000002013000
440,000000000000	0,011456988000	0,550031970000	0,000080955000	0,000002158000
441,000000000000	0,011460035000	0,549915440000	0,000081541000	0,000002189000
442,000000000000	0,011461076000	0,549755230000	0,000081248000	0,000002075000
443,000000000000	0,011463114000	0,549624010000	0,000081154000	0,000002117000
444,000000000000	0,011465033000	0,549482580000	0,000081521000	0,000002065000
445,000000000000	0,011465022000	0,549401560000	0,000081301000	0,000002355000
446,000000000000	0,011466886000	0,549332580000	0,000081269000	0,000002013000
447,000000000000	0,011466030000	0,549189720000	0,000081332000	0,000002075000
448,000000000000	0,011467634000	0,549130340000	0,000081395000	0,000002003000
449,000000000000	0,011469326000	0,549046050000	0,000081008000	0,000002034000
450,000000000000	0,011468252000	0,548869730000	0,000081395000	0,000002003000
451,000000000000	0,011470605000	0,548752580000	0,000081887000	0,000002283000
452,000000000000	0,011472003000	0,548604620000	0,000081468000	0,000002117000
453,000000000000	0,011472047000	0,548479320000	0,000081374000	0,000002106000
454,000000000000	0,011472686000	0,548362990000	0,000081500000	0,000002241000
455,000000000000	0,011473402000	0,548330540000	0,000081290000	0,000002283000
456,000000000000	0,011474898000	0,548136670000	0,000081541000	0,000001857000
457,000000000000	0,011475071000	0,548059110000	0,000081206000	0,000002210000
458,000000000000	0,011477109000	0,547947280000	0,000081405000	0,000002106000
459,000000000000	0,011477586000	0,547742380000	0,000081290000	0,000001940000
460,000000000000	0,011479440000	0,547656460000	0,000081468000	0,000002117000
461,000000000000	0,011482064000	0,547588710000	0,000081343000	0,000002324000
462,000000000000	0,011486108000	0,547435030000	0,000080568000	0,000002272000
463,000000000000	0,011486791000	0,547278710000	0,000080442000	0,000002096000
464,000000000000	0,011485652000	0,547098910000	0,000081259000	0,000002221000
465,000000000000	0,011486986000	0,547121970000	0,000081175000	0,000002210000
466,000000000000	0,011488623000	0,547286670000	0,000081311000	0,000002200000
467,000000000000	0,011486791000	0,547579520000	0,000081227000	0,000001909000
468,000000000000	0,011481283000	0,547824620000	0,000080903000	0,000002189000
469,000000000000	0,011485284000	0,547993810000	0,000081447000	0,000002200000
470,000000000000	0,011482573000	0,548098910000	0,000080913000	0,000001805000
471,000000000000	0,011480069000	0,548161360000	0,000080777000	0,000002003000
472,000000000000	0,011482899000	0,548220540000	0,000082002000	0,000002086000
473,000000000000	0,011480915000	0,548341560000	0,000081217000	0,000002044000
474,000000000000	0,011476828000	0,548349730000	0,000081615000	0,000001909000
475,000000000000	0,011477337000	0,548555030000	0,000081248000	0,000002034000
476,000000000000	0,011474540000	0,548838500000	0,000081070000	0,000002189000
477,000000000000	0,011473033000	0,549290540000	0,000080589000	0,000002169000
478,000000000000	0,011470377000	0,549971560000	0,000080955000	0,000002262000
479,000000000000	0,011463905000	0,550686460000	0,000080725000	0,000002003000
480,000000000000	0,011461119000	0,551177480000	0,000081332000	0,000002335000
481,000000000000	0,011455026000	0,551490130000	0,000081521000	0,000002044000
482,000000000000	0,011453172000	0,551714410000	0,000080955000	0,000002179000
483,000000000000	0,011451752000	0,551894010000	0,000081730000	0,000002148000
484,000000000000	0,011450039000	0,552012780000	0,000081740000	0,000002210000
485,000000000000	0,011449053000	0,552090330000	0,000081081000	0,000001878000
486,000000000000	0,011446971000	0,552269310000	0,000081437000	0,000002241000
487,000000000000	0,011445052000	0,552424820000	0,000081196000	0,000002127000
488,000000000000	0,011444153000	0,552474210000	0,000081583000	0,000002158000
489,000000000000	0,011442787000	0,552625640000	0,000080788000	0,000002169000
490,000000000000	0,011442548000	0,552763390000	0,000081845000	0,000002138000
491,000000000000	0,011441822000	0,552884410000	0,000081248000	0,000002169000
492,000000000000	0,011439936000	0,552962580000	0,000081154000	0,000002335000
493,000000000000	0,011439090000	0,553092980000	0,000081583000	0,000002148000
494,000000000000	0,011438494000	0,553164000000	0,000081416000	0,000002293000
495,000000000000	0,011436629000	0,553314210000	0,000080714000	0,000002106000
496,000000000000	0,011436109000	0,553403600000	0,000081196000	0,000002096000
497,000000000000	0,011435014000	0,553532980000	0,000081615000	0,000002179000
498,000000000000	0,011432325000	0,553704620000	0,000081102000	0,000002335000
499,000000000000	0,011432282000	0,553811550000	0,000081123000	0,000002013000
500,000000000000	0,011431859000	0,553889310000	0,000081227000	0,000002086000
501,000000000000	0,011429962000	0,553999510000	0,000081259000	0,000002003000
502,000000000000	0,011428802000	0,554179920000	0,000081343000	0,000002324000
503,000000000000	0,011428704000	0,554275430000	0,000081405000	0,000002034000
504,000000000000	0,011426514000	0,554382780000	0,000081374000	0,000002158000
505,000000000000	0,011424520000	0,554477880000	0,000081793000	0,000002345000
506,000000000000	0,011425018000	0,554575840000	0,000081416000	0,000002241000
507,000000000000	0,011423652000	0,554677060000	0,000081709000	0,000002200000
508,000000000000	0,011422622000	0,554760940000	0,000080777000	0,000002138000
509,000000000000	0,011423132000	0,554809720000	0,000081384000	0,000002013000
510,000000000000	0,011422254000	0,554921760000	0,000081081000	0,000002200000
511,000000000000	0,011421744000	0,555045840000	0,000081363000	0,000002127000
512,000000000000	0,011419945000	0,555154210000	0,000081541000	0,000002096000
513,000000000000	0,011420302000	0,555166650000	0,000080955000	0,000001909000
514,000000000000	0,011418470000	0,555273190000	0,000081971000	0,000002138000
515,000000000000	0,011417169000	0,555404210000	0,000081646000	0,000002200000
516,000000000000	0,011417787000	0,555467670000	0,000081468000	0,000001909000
517,000000000000	0,011416508000	0,555514000000	0,000081657000	0,000002117000
518,000000000000	0,011416009000	0,555613390000	0,000081887000	0,000002106000
519,000000000000	0,011415120000	0,555676450000	0,000081248000	0,000002054000
520,000000000000	0,011414611000	0,555745430000	0,000081374000	0,000001837000
521,000000000000	0,011413603000	0,555858720000	0,000081521000	0,000002117000
522,000000000000	0,011412855000	0,555929950000	0,000081531000	0,000002127000
523,000000000000	0,011413288000	0,555999950000	0,000081615000	0,000002221000
524,000000000000	0,011411966000	0,556036280000	0,000081227000	0,000002054000
525,000000000000	0,011411044000	0,556139740000	0,000081730000	0,000002096000
526,000000000000	0,011410784000	0,556140360000	0,000081646000	0,000002345000
527,000000000000	0,011409830000	0,556242600000	0,000081479000	0,000001971000
528,000000000000	0,011409353000	0,556306890000	0,000081562000	0,000002148000
529,000000000000	0,011409234000	0,556306890000	0,000081175000	0,000002117000
530,000000000000	0,011409331000	0,556358930000	0,000081939000	0,000002065000
531,000000000000	0,011408182000	0,556456480000	0,000081657000	0,000002189000
532,000000000000	0,011407553000	0,556498720000	0,000081835000	0,000002003000
533,000000000000	0,011407456000	0,556541780000	0,000081845000	0,000002013000
534,000000000000	0,011407803000	0,556554440000	0,000081405000	0,000002086000
535,000000000000	0,011406827000	0,556662400000	0,000081636000	0,000001930000
536,000000000000	0,011406025000	0,556711170000	0,000081772000	0,000002314000
537,000000000000	0,011404474000	0,556784850000	0,000081206000	0,000002148000
538,000000000000	0,011404529000	0,556832800000	0,000081437000	0,000002158000
539,000000000000	0,011404193000	0,556846480000	0,000081604000	0,000002241000
540,000000000000	0,011403065000	0,556959130000	0,000081981000	0,000002086000
541,000000000000	0,011402675000	0,557038930000	0,000081353000	0,000002054000
542,000000000000	0,011402350000	0,557111990000	0,000081719000	0,000002075000
543,000000000000	0,011401504000	0,557177290000	0,000081573000	0,000002148000
544,000000000000	0,011400919000	0,557250760000	0,000081824000	0,000002231000
545,000000000000	0,011399325000	0,557309950000	0,000081426000	0,000001805000
546,000000000000	0,011400019000	0,557358110000	0,000081154000	0,000002127000
547,000000000000	0,011399954000	0,557425660000	0,000081824000	0,000002096000
548,000000000000	0,011398826000	0,557538310000	0,000081573000	0,000002106000
549,000000000000	0,011398132000	0,557607910000	0,000081426000	0,000002179000
550,000000000000	0,011396821000	0,557655860000	0,000081772000	0,000001868000
551,000000000000	0,011396897000	0,557711780000	0,000080997000	0,000002158000
552,000000000000	0,011397786000	0,557720970000	0,000081343000	0,000002231000
553,000000000000	0,011396344000	0,557813820000	0,000082473000	0,000002210000
554,000000000000	0,011395758000	0,557904230000	0,000081719000	0,000002127000
555,000000000000	0,011394858000	0,557923820000	0,000081562000	0,000002044000
556,000000000000	0,011395856000	0,557989130000	0,000081992000	0,000002241000
557,000000000000	0,011394566000	0,558086680000	0,000081866000	0,000002501000
558,000000000000	0,011394642000	0,558130560000	0,000081384000	0,000002075000
559,000000000000	0,011393590000	0,558221780000	0,000081960000	0,000002314000
560,000000000000	0,011393666000	0,558305050000	0,000081908000	0,000002054000
561,000000000000	0,011392408000	0,558382390000	0,000082013000	0,000002054000
562,000000000000	0,011391487000	0,558439330000	0,000081803000	0,000001951000
563,000000000000	0,011391303000	0,558446880000	0,000081227000	0,000001982000
564,000000000000	0,011390836000	0,558557290000	0,000082086000	0,000001940000
565,000000000000	0,011391010000	0,558617900000	0,000081981000	0,000002283000
566,000000000000	0,011389774000	0,558654640000	0,000081678000	0,000002117000
567,000000000000	0,011388928000	0,558695860000	0,000081688000	0,000001785000
568,000000000000	0,011388278000	0,558727900000	0,000081374000	0,000002086000
569,000000000000	0,011388170000	0,558855860000	0,000082232000	0,000002054000
570,000000000000	0,011386066000	0,558855860000	0,000081803000	0,000002003000
571,000000000000	0,011387302000	0,558867900000	0,000082065000	0,000002314000
572,000000000000	0,011386370000	0,558950350000	0,000081594000	0,000001857000
573,000000000000	0,011386196000	0,558960560000	0,000082243000	0,000002075000
574,000000000000	0,011387010000	0,559013620000	0,000081384000	0,000002117000
575,000000000000	0,011384841000	0,559077500000	0,000081772000	0,000002791000
576,000000000000	0,011385101000	0,559128310000	0,000082075000	0,000002106000
577,000000000000	0,011384332000	0,559177700000	0,000082149000	0,000002262000
578,000000000000	0,011384343000	0,559213620000	0,000081887000	0,000002158000
579,000000000000	0,011382641000	0,559274030000	0,000081950000	0,000002065000
580,000000000000	0,011382359000	0,559340560000	0,000081803000	0,000002293000
581,000000000000	0,011382142000	0,559378920000	0,000081814000	0,000001992000
582,000000000000	0,011382359000	0,559385050000	0,000081343000	0,000002314000
583,000000000000	0,011381025000	0,559435450000	0,000082033000	0,000001920000
584,000000000000	0,011381242000	0,559443820000	0,000082232000	0,000002335000
585,000000000000	0,011380462000	0,559533000000	0,000082117000	0,000002262000
586,000000000000	0,011380939000	0,559575860000	0,000082348000	0,000001992000
587,000000000000	0,011380017000	0,559634020000	0,000082285000	0,000001992000
588,000000000000	0,011380852000	0,559665050000	0,000081856000	0,000002054000
589,000000000000	0,011379377000	0,559750560000	0,000082253000	0,000002169000
590,000000000000	0,011379562000	0,559776680000	0,000081856000	0,000002138000
591,000000000000	0,011379746000	0,559824640000	0,000081206000	0,000002054000
592,000000000000	0,011377643000	0,559897290000	0,000082159000	0,000002200000
593,000000000000	0,011377751000	0,559929740000	0,000081960000	0,000002148000
594,000000000000	0,011377827000	0,559986880000	0,000082819000	0,000002003000
595,000000000000	0,011377361000	0,560006880000	0,000081876000	0,000002086000
596,000000000000	0,011375822000	0,560053000000	0,000082567000	0,000002138000
597,000000000000	0,011376223000	0,560091370000	0,000082410000	0,000002054000
598,000000000000	0,011375995000	0,560127900000	0,000081772000	0,000001992000
599,000000000000	0,011373989000	0,560199530000	0,000082054000	0,000002096000
600,000000000000	0,011371756000	0,560981780000	0,000082211000	0,000001837000
601,000000000000	0,011362270000	0,563665240000	0,000082002000	0,000002200000
602,000000000000	0,011354248000	0,565837080000	0,000082484000	0,000002023000
603,000000000000	0,011346150000	0,567392610000	0,000082348000	0,000002179000
604,000000000000	0,011339363000	0,568526290000	0,000082620000	0,000002054000
605,000000000000	0,011333509000	0,569465260000	0,000083038000	0,000001930000
606,000000000000	0,011329758000	0,570243430000	0,000083206000	0,000002148000
607,000000000000	0,011326451000	0,570868730000	0,000083918000	0,000002023000
608,000000000000	0,011323297000	0,571465670000	0,000084242000	0,000002096000
609,000000000000	0,011319600000	0,572021180000	0,000084556000	0,000002304000
610,000000000000	0,011315307000	0,572507510000	0,000085739000	0,000002231000
611,000000000000	0,011311653000	0,572984040000	0,000086263000	0,000002096000
612,000000000000	0,011308488000	0,573437910000	0,000087477000	0,000001961000
613,000000000000	0,011307100000	0,573840770000	0,000088859000	0,000001971000
614,000000000000	0,011304542000	0,574267910000	0,000091277000	0,000002314000
615,000000000000	0,011299414000	0,574650970000	0,000093162000	0,000001920000
616,000000000000	0,011295002000	0,575000970000	0,000095685000	0,000002075000
617,000000000000	0,011290806000	0,575357710000	0,000099192000	0,000002086000
618,000000000000	0,011286817000	0,575737910000	0,000102699000	0,000002023000
619,000000000000	0,011284334000	0,576034640000	0,000106499000	0,000002200000
620,000000000000	0,011280756000	0,576348720000	0,000109723000	0,000002065000
621,000000000000	0,011277786000	0,576674230000	0,000114099000	0,000002148000
622,000000000000	0,011274382000	0,577014260000	0,000117847000	0,000002221000
623,000000000000	0,011271856000	0,577316710000	0,000120580000	0,000002169000
624,000000000000	0,011267856000	0,577586920000	0,000124265000	0,000002200000
625,000000000000	0,011264950000	0,577836510000	0,000127992000	0,000001992000
626,000000000000	0,011261860000	0,578136300000	0,000130473000	0,000002262000
627,000000000000	0,011258478000	0,578414260000	0,000133728000	0,000002075000
628,000000000000	0,011254510000	0,578686300000	0,000136021000	0,000002179000
629,000000000000	0,011250922000	0,578946300000	0,000138324000	0,000001971000
630,000000000000	0,011247995000	0,579183240000	0,000140648000	0,000002210000
631,000000000000	0,011245219000	0,579460180000	0,000143014000	0,000002065000
632,000000000000	0,011242943000	0,579703650000	0,000145056000	0,000002148000
633,000000000000	0,011239669000	0,579912220000	0,000147055000	0,000001920000
634,000000000000	0,011238585000	0,580155480000	0,000148866000	0,000002138000
635,000000000000	0,011235300000	0,580422630000	0,000150489000	0,000001712000
636,000000000000	0,011232871000	0,580587120000	0,000152583000	0,000002106000
637,000000000000	0,011229836000	0,580835480000	0,000152803000	0,000002023000
638,000000000000	0,011227234000	0,581113650000	0,000155064000	0,000002034000
639,000000000000	0,011225727000	0,581340790000	0,000156435000	0,000002003000
640,000000000000	0,011222464000	0,581542830000	0,000157210000	0,000002054000
641,000000000000	0,011219873000	0,581730380000	0,000158225000	0,000002324000
642,000000000000	0,011218962000	0,581930990000	0,000159607000	0,000001826000
643,000000000000	0,011218301000	0,582156500000	0,000160173000	0,000002096000
644,000000000000	0,011214019000	0,582411600000	0,000161230000	0,000002148000
645,000000000000	0,011211525000	0,582612010000	0,000162549000	0,000001909000
646,000000000000	0,011209520000	0,582824250000	0,000162926000	0,000002075000
647,000000000000	0,011207016000	0,583060170000	0,000164098000	0,000002355000
648,000000000000	0,011205910000	0,583255680000	0,000164873000	0,000002023000
649,000000000000	0,011203438000	0,583435890000	0,000166014000	0,000001878000
650,000000000000	0,011202246000	0,583650780000	0,000166579000	0,000002086000
651,000000000000	0,011199980000	0,583899560000	0,000166977000	0,000002003000
652,000000000000	0,011197042000	0,584109970000	0,000167972000	0,000001930000
653,000000000000	0,011195459000	0,584276090000	0,000168600000	0,000002200000
654,000000000000	0,011193096000	0,584531190000	0,000168841000	0,000002065000
655,000000000000	0,011191459000	0,584758950000	0,000169458000	0,000002169000
656,000000000000	0,011188868000	0,584967720000	0,000170296000	0,000001951000
657,000000000000	0,011187675000	0,585113030000	0,000170338000	0,000001961000
658,000000000000	0,011186331000	0,585323840000	0,000171259000	0,000001982000
659,000000000000	0,011184379000	0,585566090000	0,000171123000	0,000002345000
660,000000000000	0,011181322000	0,585750990000	0,000171887000	0,000001930000
661,000000000000	0,011179577000	0,585914660000	0,000172149000	0,000002106000
662,000000000000	0,011177018000	0,586126900000	0,000172295000	0,000002221000
663,000000000000	0,011177723000	0,586382820000	0,000172945000	0,000001982000
664,000000000000	0,011175533000	0,586595680000	0,000173102000	0,000002086000
665,000000000000	0,011172346000	0,586756490000	0,000173342000	0,000002034000
666,000000000000	0,011170796000	0,586960580000	0,000174096000	0,000002138000
667,000000000000	0,011169354000	0,587177920000	0,000174096000	0,000002003000
668,000000000000	0,011167326000	0,587390810000	0,000174337000	0,000001899000
669,000000000000	0,011165386000	0,587535090000	0,000173970000	0,000002034000
670,001000000000	0,011163337000	0,587703670000	0,000175269000	0,000001992000
671,000000000000	0,011161678000	0,587944280000	0,000175436000	0,000002054000
672,000000000000	0,011160703000	0,588160810000	0,000175457000	0,000002013000
673,000000000000	0,011158122000	0,588309380000	0,000175405000	0,000002231000
674,000000000000	0,011157700000	0,588499990000	0,000175604000	0,000002054000
675,000000000000	0,011155802000	0,588729380000	0,000176001000	0,000001940000
676,000000000000	0,011153884000	0,588926930000	0,000176117000	0,000002054000
677,000000000000	0,011152366000	0,589122640000	0,000177101000	0,000002106000
678,000000000000	0,011151206000	0,589316720000	0,000177038000	0,000002179000
679,000000000000	0,011149298000	0,589517950000	0,000177195000	0,000001930000
680,000000000000	0,011147650000	0,589677340000	0,000177090000	0,000002241000
681,000000000000	0,011146306000	0,589840800000	0,000177059000	0,000001982000
682,000000000000	0,011145503000	0,590018360000	0,000176630000	0,000002054000
683,000000000000	0,011143628000	0,590171820000	0,000177362000	0,000002241000
684,000000000000	0,011142262000	0,590335910000	0,000177132000	0,000002086000
685,000000000000	0,011139942000	0,590523250000	0,000177666000	0,000002034000
686,000000000000	0,011140126000	0,590661620000	0,000178514000	0,000001805000
687,000000000000	0,011137633000	0,590855090000	0,000178880000	0,000002054000
688,000000000000	0,011137275000	0,591046110000	0,000177938000	0,000002169000
689,000000000000	0,011134001000	0,591246520000	0,000178231000	0,000002158000
690,000000000000	0,011134044000	0,591324680000	0,000178127000	0,000002179000
691,000000000000	0,011132689000	0,591479580000	0,000178053000	0,000002210000
692,000000000000	0,011130911000	0,591686520000	0,000178995000	0,000002003000
693,000000000000	0,011128949000	0,591892030000	0,000178598000	0,000002117000
694,000000000000	0,011127941000	0,592055700000	0,000178106000	0,000002096000
695,000000000000	0,011127995000	0,592239780000	0,000178598000	0,000002231000
696,000000000000	0,011125448000	0,592469980000	0,000178922000	0,000002148000
697,000000000000	0,011123745000	0,592610390000	0,000178566000	0,000001971000
698,000000000000	0,011122510000	0,592789580000	0,000179132000	0,000001899000
699,000000000000	0,011120396000	0,592945700000	0,000179142000	0,000002148000
700,000000000000	0,011119496000	0,593101000000	0,000179173000	0,000002065000
701,000000000000	0,011117577000	0,593252230000	0,000178577000	0,000002221000
702,000000000000	0,011116081000	0,593405090000	0,000178776000	0,000001826000
703,000000000000	0,011114986000	0,593546310000	0,000179111000	0,000002096000
704,000000000000	0,011114791000	0,593718150000	0,000179205000	0,000002158000
705,000000000000	0,011112742000	0,593894880000	0,000179498000	0,000002065000
706,000000000000	0,011111419000	0,594022640000	0,000179550000	0,000002169000
707,000000000000	0,011110259000	0,594188760000	0,000179341000	0,000002262000
708,000000000000	0,011108828000	0,594373660000	0,000179843000	0,000002127000
709,000000000000	0,011107679000	0,594549980000	0,000179634000	0,000001888000
710,000000000000	0,011106497000	0,594734270000	0,000179655000	0,000002148000
711,000000000000	0,011105034000	0,594863860000	0,000179624000	0,000002023000
712,000000000000	0,011104264000	0,595014270000	0,000179812000	0,000002127000
713,000000000000	0,011102096000	0,595203650000	0,000179707000	0,000002075000
714,000000000000	0,011100329000	0,595407330000	0,000179980000	0,000002117000
715,000000000000	0,011099830000	0,595522430000	0,000179948000	0,000002179000
716,000000000000	0,011098995000	0,595603860000	0,000179823000	0,000002075000
717,000000000000	0,011098128000	0,595820800000	0,000179383000	0,000002189000
718,000000000000	0,011096426000	0,596041000000	0,000180116000	0,000002034000
719,000000000000	0,011094876000	0,596155490000	0,000179781000	0,000002086000
720,000000000000	0,011094182000	0,596305290000	0,000179885000	0,000002210000
721,000000000000	0,011092783000	0,596477530000	0,000179655000	0,000002158000
722,000000000000	0,011090203000	0,596593040000	0,000180126000	0,000001930000
723,000000000000	0,011088371000	0,596698550000	0,000180032000	0,000002179000
724,000000000000	0,011087482000	0,596906300000	0,000180168000	0,000002158000
725,000000000000	0,011087255000	0,597072020000	0,000179707000	0,000002148000
726,000000000000	0,011085000000	0,597259980000	0,000179781000	0,000002075000
727,000000000000	0,011084165000	0,597352220000	0,000180241000	0,000001857000
728,000000000000	0,011083113000	0,597514470000	0,000180168000	0,000001971000
729,000000000000	0,011082311000	0,597718380000	0,000179969000	0,000002054000
730,000000000000	0,011081834000	0,597893080000	0,000180011000	0,000002231000
731,000000000000	0,011079709000	0,598060220000	0,000180356000	0,000002075000
732,000000000000	0,011078083000	0,598256950000	0,000179508000	0,000002324000
733,000000000000	0,011078018000	0,598434300000	0,000179906000	0,000002138000
734,000000000000	0,011076359000	0,598601040000	0,000180137000	0,000002158000
735,000000000000	0,011074993000	0,598761850000	0,000179791000	0,000002169000
736,000000000000	0,011072771000	0,598911650000	0,000179781000	0,000002138000
737,000000000000	0,011072684000	0,599063080000	0,000179624000	0,000002148000
738,000000000000	0,011070028000	0,599217570000	0,000180241000	0,000002200000
739,000000000000	0,011069096000	0,599370630000	0,000180053000	0,000002086000
740,000000000000	0,011068890000	0,599506140000	0,000180430000	0,000002086000
741,000000000000	0,011067361000	0,599634100000	0,000179948000	0,000002065000
742,000000000000	0,011064911000	0,599753690000	0,000179980000	0,000002252000
743,000000000000	0,011064944000	0,599873480000	0,000180283000	0,000002189000
744,000000000000	0,011063740000	0,600037560000	0,000180283000	0,000002272000
745,000000000000	0,011061615000	0,600256540000	0,000180377000	0,000002231000
746,000000000000	0,011060640000	0,600363070000	0,000179959000	0,000001982000
747,000000000000	0,011059241000	0,600538790000	0,000180126000	0,000002573000
748,000000000000	0,011059165000	0,600701030000	0,000180199000	0,000002096000
749,000000000000	0,011057507000	0,600847160000	0,000179676000	0,000002013000
750,000000000000	0,011055685000	0,601012870000	0,000180095000	0,000002138000
751,000000000000	0,011054287000	0,601205730000	0,000180252000	0,000002106000
752,000000000000	0,011052986000	0,601336130000	0,000180440000	0,000002262000
753,000000000000	0,011052357000	0,601523070000	0,000180398000	0,000002324000
754,000000000000	0,011051360000	0,601679600000	0,000180493000	0,000001961000
755,000000000000	0,011050167000	0,601796340000	0,000180262000	0,000002117000
756,000000000000	0,011049788000	0,601949400000	0,000180430000	0,000002054000
757,000000000000	0,011048313000	0,602091850000	0,000179592000	0,000002023000
758,000000000000	0,011047967000	0,602248580000	0,000180252000	0,000001712000
759,000000000000	0,011046319000	0,602347970000	0,000180084000	0,000002086000
760,000000000000	0,011045484000	0,602523280000	0,000179488000	0,000002086000
761,000000000000	0,011043066000	0,602679810000	0,000180670000	0,000001951000
762,000000000000	0,011042774000	0,602855520000	0,000180220000	0,000002241000
763,000000000000	0,011042752000	0,602987970000	0,000180147000	0,000002200000
764,000000000000	0,011040736000	0,603157360000	0,000180199000	0,000002148000
765,000000000000	0,011038903000	0,603353070000	0,000180587000	0,000002013000
766,000000000000	0,011037386000	0,603511230000	0,000180587000	0,000002355000
767,000000000000	0,011036529000	0,603636740000	0,000180932000	0,000002221000
768,000000000000	0,011035293000	0,603754910000	0,000180325000	0,000001982000
769,000000000000	0,011033786000	0,603891640000	0,000180765000	0,000001816000
770,000000000000	0,011033082000	0,604123680000	0,000180398000	0,000002179000
771,000000000000	0,011032626000	0,604296950000	0,000180262000	0,000001868000
772,000000000000	0,011031022000	0,604442660000	0,000180074000	0,000002034000
773,000000000000	0,011029754000	0,604610820000	0,000180398000	0,000002200000
774,000000000000	0,011028908000	0,604770620000	0,000180084000	0,000002044000
775,000000000000	0,011026696000	0,604911030000	0,000179896000	0,000002293000
776,000000000000	0,011025677000	0,605062660000	0,000180817000	0,000002003000
777,000000000000	0,011025482000	0,605180820000	0,000180618000	0,000002200000
778,000000000000	0,011023672000	0,605375520000	0,000180712000	0,000002252000
779,000000000000	0,011022642000	0,605531430000	0,000180723000	0,000002221000
780,000000000000	0,011022674000	0,605659600000	0,000180765000	0,000002221000
781,000000000000	0,011020690000	0,605828170000	0,000180566000	0,000002117000
782,000000000000	0,011019411000	0,605977350000	0,000180472000	0,000002324000
783,000000000000	0,011018566000	0,606160820000	0,000180430000	0,000002335000
784,000000000000	0,011017286000	0,606312860000	0,000180105000	0,000002096000
785,000000000000	0,011015075000	0,606421230000	0,000180315000	0,000002096000
786,000000000000	0,011014977000	0,606609190000	0,000180367000	0,000002086000
787,000000000000	0,011013709000	0,606786940000	0,000180315000	0,000002075000
788,000000000000	0,011012896000	0,606937150000	0,000180356000	0,000002003000
789,000000000000	0,011010457000	0,607063680000	0,000180513000	0,000002075000
790,000000000000	0,011009123000	0,607199190000	0,000180786000	0,000002096000
791,000000000000	0,011008982000	0,607362450000	0,000180199000	0,000002075000
792,000000000000	0,011007616000	0,607476330000	0,000180241000	0,000002158000
793,000000000000	0,011005762000	0,607632450000	0,000180587000	0,000002210000
794,000000000000	0,011004938000	0,607792040000	0,000180377000	0,000001888000
795,000000000000	0,011002998000	0,607987960000	0,000181016000	0,000002013000
796,000000000000	0,011002423000	0,608154700000	0,000180084000	0,000001837000
797,000000000000	0,011000450000	0,608252280000	0,000180796000	0,000002044000
798,000000000000	0,010999464000	0,608391660000	0,000180241000	0,000002138000
799,000000000000	0,010998531000	0,608574520000	0,000180461000	0,000002013000
800,000000000000	0,010996179000	0,608734720000	0,000180796000	0,000002345000
801,000000000000	0,010997426000	0,608828190000	0,000180681000	0,000002054000
802,000000000000	0,010996461000	0,608994110000	0,000180032000	0,000002138000
803,000000000000	0,010994303000	0,609155740000	0,000180335000	0,000002075000
804,000000000000	0,010993946000	0,609334930000	0,000180430000	0,000001816000
805,000000000000	0,010992645000	0,609469210000	0,000180608000	0,000002106000
806,000000000000	0,010991344000	0,609582270000	0,000180440000	0,000002262000
807,000000000000	0,010990466000	0,609784930000	0,000180147000	0,000002241000
808,000000000000	0,010989154000	0,609961460000	0,000179969000	0,000002106000
809,000000000000	0,010988883000	0,610110230000	0,000180252000	0,000002096000
810,000000000000	0,010987452000	0,610289620000	0,000180304000	0,000001971000
811,000000000000	0,010985652000	0,610481660000	0,000180346000	0,000002148000
812,000000000000	0,010984113000	0,610600030000	0,000180189000	0,000002158000
813,000000000000	0,010983159000	0,610726760000	0,000180534000	0,000002210000
814,000000000000	0,010982736000	0,610859210000	0,000180356000	0,000002231000
815,000000000000	0,010980752000	0,611046560000	0,000180545000	0,000002148000
816,000000000000	0,010979690000	0,611237370000	0,000179550000	0,000002262000
817,000000000000	0,010979939000	0,611369210000	0,000180325000	0,000001982000
818,000000000000	0,010977543000	0,611458600000	0,000180534000	0,000002065000
819,000000000000	0,010977554000	0,611673290000	0,000180629000	0,000002179000
820,000000000000	0,010973564000	0,611831050000	0,000180440000	0,000001940000
821,000000000000	0,010971396000	0,612009410000	0,000180493000	0,000002003000
822,000000000000	0,010970930000	0,612144110000	0,000180660000	0,000002355000
823,000000000000	0,010969781000	0,612306350000	0,000180754000	0,000002210000
824,000000000000	0,010969672000	0,612487370000	0,000180168000	0,000002075000
825,000000000000	0,010967960000	0,612648800000	0,000180472000	0,000002075000
826,000000000000	0,010965098000	0,612775530000	0,000179802000	0,000002127000
827,000000000000	0,010964827000	0,612913490000	0,000180388000	0,000002013000
828,000000000000	0,010964718000	0,613102470000	0,000180325000	0,000002262000
829,000000000000	0,010961748000	0,613240230000	0,000179927000	0,000002054000
830,000000000000	0,010961032000	0,613397780000	0,000179917000	0,000002179000
831,000000000000	0,010960468000	0,613525130000	0,000180241000	0,000002086000
832,000000000000	0,010959558000	0,613672880000	0,000180252000	0,000001888000
833,000000000000	0,010956902000	0,613832270000	0,000180953000	0,000002397000
834,000000000000	0,010957303000	0,613969610000	0,000180419000	0,000002034000
835,000000000000	0,010956013000	0,614112680000	0,000180199000	0,000002023000
836,000000000000	0,010953964000	0,614311860000	0,000180178000	0,000001982000
837,000000000000	0,010952522000	0,614465530000	0,000180618000	0,000002044000
838,000000000000	0,010952132000	0,614625740000	0,000180315000	0,000002065000
839,000000000000	0,010951839000	0,614811450000	0,000181131000	0,000002221000
840,000000000000	0,010950202000	0,614991650000	0,000180733000	0,000002158000
841,000000000000	0,010949183000	0,615119820000	0,000180419000	0,000002189000
842,000000000000	0,010948153000	0,615251450000	0,000180597000	0,000002138000
843,000000000000	0,010946310000	0,615398180000	0,000180859000	0,000002210000
844,000000000000	0,010943567000	0,615590220000	0,000180283000	0,000002075000
845,000000000000	0,010943014000	0,615734310000	0,000179896000	0,000002179000
846,000000000000	0,010941995000	0,615875330000	0,000180273000	0,000002127000
847,000000000000	0,010939892000	0,616017980000	0,000180534000	0,000002158000
848,000000000000	0,010939946000	0,616108800000	0,000180011000	0,000002231000
849,000000000000	0,010938494000	0,616281040000	0,000180681000	0,000002127000
850,000000000000	0,010937919000	0,616381040000	0,000180335000	0,000002023000
851,000000000000	0,010935697000	0,616515330000	0,000180095000	0,000001982000
852,000000000000	0,010935393000	0,616683080000	0,000180388000	0,000002117000
853,000000000000	0,010933474000	0,616826350000	0,000180032000	0,000002065000
854,000000000000	0,010933485000	0,617047770000	0,000180147000	0,000002106000
855,000000000000	0,010931750000	0,617208790000	0,000180597000	0,000002023000
856,000000000000	0,010930493000	0,617393080000	0,000180461000	0,000001982000
857,000000000000	0,010929485000	0,617516140000	0,000180524000	0,000002158000
858,000000000000	0,010929550000	0,617655120000	0,000180325000	0,000002096000
859,000000000000	0,010927512000	0,617840430000	0,000180147000	0,000001909000
860,000000000000	0,010925885000	0,618004910000	0,000180294000	0,000002096000
861,000000000000	0,010924357000	0,618161240000	0,000180388000	0,000002324000
862,000000000000	0,010924194000	0,618298590000	0,000180367000	0,000001961000
863,000000000000	0,010924053000	0,618405930000	0,000180147000	0,000002158000
864,000000000000	0,010921863000	0,618553280000	0,000180367000	0,000002314000
865,000000000000	0,010919847000	0,618722880000	0,000181225000	0,000001971000
866,000000000000	0,010919370000	0,618853090000	0,000181005000	0,000002086000
867,000000000000	0,010918893000	0,618978390000	0,000180608000	0,000001920000
868,000000000000	0,010918058000	0,619113900000	0,000180346000	0,000002169000
869,000000000000	0,010916031000	0,619325540000	0,000180587000	0,000002086000
870,000000000000	0,010915196000	0,619482680000	0,000180294000	0,000002179000
871,000000000000	0,010915001000	0,619583490000	0,000180220000	0,000002096000
872,000000000000	0,010914773000	0,619754110000	0,000180430000	0,000002231000
873,000000000000	0,010912887000	0,619908390000	0,000180377000	0,000002127000
874,000000000000	0,010910806000	0,620050840000	0,000180105000	0,000001930000
875,000000000000	0,010909667000	0,620187780000	0,000180681000	0,000002106000
876,000000000000	0,010909158000	0,620291250000	0,000180765000	0,000002034000
877,000000000000	0,010907076000	0,620477780000	0,000180660000	0,000002262000
878,000000000000	0,010906686000	0,620604100000	0,000180587000	0,000001868000
879,000000000000	0,010905504000	0,620784720000	0,000180178000	0,000001971000
880,000000000000	0,010903900000	0,620885530000	0,000180199000	0,000002324000
881,000000000000	0,010903954000	0,620976140000	0,000180639000	0,000002096000
882,000000000000	0,010901970000	0,621179210000	0,000181142000	0,000002221000
883,000000000000	0,010901222000	0,621311650000	0,000180482000	0,000002262000
884,000000000000	0,010899943000	0,621423290000	0,000180493000	0,000002241000
885,000000000000	0,010898642000	0,621545940000	0,000180137000	0,000002065000
886,000000000000	0,010898490000	0,621640020000	0,000180629000	0,000002210000
887,000000000000	0,010897590000	0,621845530000	0,000180566000	0,000002034000
888,000000000000	0,010895975000	0,621940840000	0,000179885000	0,000002200000
889,000000000000	0,010895140000	0,622107980000	0,000180419000	0,000002158000
890,000000000000	0,010893785000	0,622273900000	0,000181058000	0,000002003000
891,000000000000	0,010894262000	0,622371650000	0,000180890000	0,000002117000
892,000000000000	0,010892582000	0,622496350000	0,000180650000	0,000002065000
893,000000000000	0,010891021000	0,622607160000	0,000180681000	0,000002252000
894,000000000000	0,010890262000	0,622750020000	0,000180545000	0,000002003000
895,000000000000	0,010889937000	0,622881860000	0,000180021000	0,000002314000
896,000000000000	0,010888907000	0,622974310000	0,000180304000	0,000002106000
897,000000000000	0,010887248000	0,623128180000	0,000180273000	0,000002210000
898,000000000000	0,010887508000	0,623225730000	0,000180786000	0,000002179000
899,000000000000	0,010885936000	0,623383900000	0,000180137000	0,000002044000
900,000000000000	0,010884895000	0,623546140000	0,000180388000	0,000002262000
901,000000000000	0,010883172000	0,623696350000	0,000180828000	0,000002221000
902,000000000000	0,010883616000	0,623890630000	0,000180493000	0,000002003000
903,000000000000	0,010882727000	0,624045120000	0,000181037000	0,000002003000
904,000000000000	0,010880017000	0,624161040000	0,000180555000	0,000002127000
905,000000000000	0,010880050000	0,624254510000	0,000180618000	0,000002272000
906,000000000000	0,010878369000	0,624419200000	0,000179802000	0,000002023000
907,000000000000	0,010877480000	0,624557570000	0,000180754000	0,000001971000
908,000000000000	0,010877491000	0,624669610000	0,000180220000	0,000002148000
909,000000000000	0,010874954000	0,625072670000	0,000180807000	0,000001909000
910,000000000000	0,010874976000	0,624429610000	0,000181026000	0,000002096000
911,000000000000	0,010878109000	0,621884720000	0,000180911000	0,000002148000
912,000000000000	0,010884256000	0,618636140000	0,000180545000	0,000002480000
913,000000000000	0,010892408000	0,616518180000	0,000180964000	0,000002335000
914,000000000000	0,010902588000	0,615879000000	0,000180451000	0,000002096000
915,000000000000	0,010909190000	0,615885120000	0,000180503000	0,000002034000
916,000000000000	0,010913787000	0,615988180000	0,000180817000	0,000002096000
917,000000000000	0,010916801000	0,615911450000	0,000180650000	0,000002293000
918,000000000000	0,010919945000	0,615857370000	0,000180461000	0,000002158000
919,000000000000	0,010922189000	0,615719410000	0,000180775000	0,000002179000
920,000000000000	0,010923414000	0,615498180000	0,000180974000	0,000001992000
921,000000000000	0,010925137000	0,615291860000	0,000180587000	0,000001826000
922,000000000000	0,010927338000	0,615020840000	0,000180419000	0,000001992000
923,000000000000	0,010929940000	0,614700630000	0,000180325000	0,000002158000
924,000000000000	0,010933312000	0,614322060000	0,000180398000	0,000002221000
925,000000000000	0,010935382000	0,613843290000	0,000180587000	0,000002138000
926,000000000000	0,010939155000	0,613407780000	0,000180744000	0,000002355000
927,000000000000	0,010942494000	0,612943900000	0,000180587000	0,000002148000
928,000000000000	0,010942938000	0,612583090000	0,000180629000	0,000002117000
929,000000000000	0,010945844000	0,612177780000	0,000180911000	0,000002086000
930,000000000000	0,010949411000	0,611870430000	0,000180178000	0,000001940000
931,000000000000	0,010951893000	0,611642680000	0,000180095000	0,000001930000
932,000000000000	0,010954896000	0,611397990000	0,000180409000	0,000002086000
933,000000000000	0,010955807000	0,611153700000	0,000180650000	0,000002231000
934,000000000000	0,010958062000	0,610857780000	0,000180524000	0,000002169000
935,000000000000	0,010960187000	0,610636350000	0,000180828000	0,000002210000
936,000000000000	0,010963396000	0,610412270000	0,000180503000	0,000002065000
937,000000000000	0,010965152000	0,610153090000	0,000180377000	0,000001971000
938,000000000000	0,010967385000	0,609862890000	0,000180294000	0,000001992000
939,000000000000	0,010968296000	0,609673090000	0,000180587000	0,000002023000
940,000000000000	0,010970106000	0,609384520000	0,000180859000	0,000002200000
941,000000000000	0,010972372000	0,609166560000	0,000180712000	0,000002013000
942,000000000000	0,010974952000	0,608906970000	0,000180922000	0,000002148000
943,000000000000	0,010976817000	0,608715950000	0,000180650000	0,000002158000
944,000000000000	0,010977283000	0,608495750000	0,000180241000	0,000002252000
945,000000000000	0,010980091000	0,608282070000	0,000180105000	0,000002169000
946,000000000000	0,010981728000	0,608008160000	0,000180608000	0,000002200000
947,000000000000	0,010983538000	0,607868170000	0,000180451000	0,000001868000
948,000000000000	0,010984091000	0,607685310000	0,000180074000	0,000002096000
949,000000000000	0,010986205000	0,607503680000	0,000180974000	0,000002117000
950,000000000000	0,010987430000	0,607339190000	0,000180346000	0,000002054000
951,000000000000	0,010989013000	0,607160210000	0,000180000000	0,000002086000
952,000000000000	0,010989587000	0,607043880000	0,000180315000	0,000002314000
953,000000000000	0,010991365000	0,606780820000	0,000180807000	0,000002044000
954,000000000000	0,010993718000	0,606611020000	0,000180828000	0,000001888000
955,000000000000	0,010994271000	0,606431430000	0,000180576000	0,000002324000
956,000000000000	0,010995572000	0,606303680000	0,000180576000	0,000002096000
957,000000000000	0,010994975000	0,606132450000	0,000180409000	0,000002023000
958,000000000000	0,010996537000	0,605968780000	0,000180273000	0,000002086000
959,000000000000	0,010998336000	0,605811430000	0,000180566000	0,000002304000
960,000000000000	0,010999713000	0,605598580000	0,000180451000	0,000002148000
961,000000000000	0,011000233000	0,605405110000	0,000180430000	0,000001816000
962,000000000000	0,011002217000	0,605252660000	0,000180670000	0,000002262000
963,000000000000	0,011002250000	0,605195310000	0,000180524000	0,000002189000
964,000000000000	0,011004407000	0,605139190000	0,000180545000	0,000002158000
965,000000000000	0,011005101000	0,604946330000	0,000180304000	0,000002916000
966,000000000000	0,011005914000	0,604829390000	0,000180398000	0,000002086000
967,000000000000	0,011007226000	0,604671230000	0,000180262000	0,000001982000
968,000000000000	0,011007605000	0,604541230000	0,000180304000	0,000002023000
969,000000000000	0,011008679000	0,604370210000	0,000180252000	0,000001567000
970,000000000000	0,011009557000	0,604288580000	0,000180597000	0,000002065000
971,000000000000	0,011008906000	0,604175720000	0,000180367000	0,000002210000
972,000000000000	0,011012267000	0,604080420000	0,000180493000	0,000002117000
973,000000000000	0,011012917000	0,604015520000	0,000179592000	0,000002189000
974,000000000000	0,011013264000	0,603875110000	0,000180691000	0,000002221000
975,000000000000	0,011013926000	0,603766540000	0,000180451000	0,000001899000
976,000000000000	0,011015736000	0,603656540000	0,000180241000	0,000002231000
977,000000000000	0,011016083000	0,603601640000	0,000180754000	0,000002252000
978,000000000000	0,011016473000	0,603500010000	0,000179906000	0,000002148000
979,001000000000	0,011017904000	0,602868580000	0,000180482000	0,000002158000
980,000000000000	0,011021092000	0,602294700000	0,000180388000	0,000002200000
981,000000000000	0,011023867000	0,601949810000	0,000180273000	0,000001961000
982,000000000000	0,011025775000	0,601719190000	0,000180629000	0,000002138000
983,000000000000	0,011027683000	0,601588380000	0,000180241000	0,000002241000
984,000000000000	0,011028160000	0,601490830000	0,000180409000	0,000002044000
985,000000000000	0,011029428000	0,601443680000	0,000180513000	0,000002324000
986,000000000000	0,011030675000	0,601339400000	0,000180660000	0,000002200000
987,000000000000	0,011032572000	0,601202870000	0,000180273000	0,000002096000
988,000000000000	0,011033982000	0,601120830000	0,000180199000	0,000002221000
989,000000000000	0,011033992000	0,600937160000	0,000180377000	0,000002034000
990,000000000000	0,011035185000	0,600742260000	0,000180733000	0,000002231000
991,000000000000	0,011035304000	0,600594710000	0,000180356000	0,000002158000
992,000000000000	0,011037429000	0,600441030000	0,000180388000	0,000002833000
993,000000000000	0,011039727000	0,600314300000	0,000180576000	0,000001971000
994,000000000000	0,011040324000	0,600086540000	0,000179969000	0,000001899000
995,000000000000	0,011041169000	0,599902670000	0,000180754000	0,000002127000
996,000000000000	0,011042513000	0,599731850000	0,000180451000	0,000002179000
997,000000000000	0,011045180000	0,599641440000	0,000180838000	0,000002241000
998,000000000000	0,011046351000	0,599486140000	0,000180555000	0,000002148000
999,000000000000	0,011047370000	0,599350010000	0,000180409000	0,000002127000
1000,000000000000	0,011048205000	0,599200630000	0,000180524000	0,000002221000
1001,000000000000	0,011049311000	0,599048180000	0,000180943000	0,000001920000
1002,000000000000	0,011050731000	0,598927360000	0,000180932000	0,000002169000
1003,000000000000	0,011051262000	0,598778990000	0,000180283000	0,000002314000
1004,000000000000	0,011052867000	0,598677770000	0,000180126000	0,000002200000
1005,000000000000	0,011053279000	0,598594300000	0,000180273000	0,000002106000
1006,000000000000	0,011053138000	0,598522670000	0,000180890000	0,000002324000
1007,000000000000	0,011055284000	0,598373280000	0,000180231000	0,000002148000
1008,000000000000	0,011056108000	0,598233690000	0,000180472000	0,000002221000
1009,000000000000	0,011056542000	0,598151650000	0,000180063000	0,000002252000
1010,000000000000	0,011057832000	0,598075320000	0,000180639000	0,000002054000
1011,000000000000	0,011058179000	0,597992870000	0,000180524000	0,000002241000
1012,000000000000	0,011059632000	0,597845530000	0,000180534000	0,000002210000
1013,000000000000	0,011059545000	0,597709610000	0,000180346000	0,000002221000
1014,000000000000	0,011060705000	0,597579770000	0,000180608000	0,000002138000
1015,000000000000	0,011061279000	0,597495900000	0,000180095000	0,000002138000
1016,000000000000	0,011062223000	0,597378750000	0,000180199000	0,000002304000
1017,000000000000	0,011063231000	0,597305900000	0,000180409000	0,000002200000
1018,000000000000	0,011064629000	0,597164670000	0,000180440000	0,000002169000
1019,000000000000	0,011064727000	0,597025280000	0,000180691000	0,000002272000
1020,000000000000	0,011065497000	0,596946300000	0,000180608000	0,000002075000
1021,000000000000	0,011066537000	0,596912020000	0,000180953000	0,000002106000
1022,000000000000	0,011067274000	0,596843240000	0,000180377000	0,000002470000
1023,000000000000	0,011067361000	0,596773650000	0,000180670000	0,000002075000
1024,000000000000	0,011067339000	0,596634470000	0,000180639000	0,000002221000
1025,000000000000	0,011068554000	0,596487330000	0,000180042000	0,000002231000
1026,000000000000	0,011069551000	0,596421200000	0,000180262000	0,000002584000
1027,000000000000	0,011070440000	0,596368750000	0,000180158000	0,000002335000
1028,000000000000	0,011071437000	0,596314260000	0,000180524000	0,000001951000
1029,000000000000	0,011071763000	0,596258960000	0,000179875000	0,000002127000
1030,000000000000	0,011071893000	0,596143860000	0,000179948000	0,000002407000
1031,000000000000	0,011073291000	0,595974670000	0,000180294000	0,000002065000
1032,000000000000	0,011073714000	0,595864060000	0,000180116000	0,000002096000
1033,000000000000	0,011074419000	0,595815900000	0,000180576000	0,000002148000
1034,000000000000	0,011074538000	0,595773250000	0,000180220000	0,000002262000
1035,000000000000	0,011075102000	0,595659370000	0,000180377000	0,000002086000
1036,000000000000	0,011075427000	0,595499780000	0,000180178000	0,000002169000
1037,000000000000	0,011077812000	0,595399370000	0,000180356000	0,000002252000
1038,000000000000	0,011079200000	0,595389370000	0,000180294000	0,000001992000
1039,000000000000	0,011080089000	0,595333250000	0,000180262000	0,000001847000
1040,000000000000	0,011081249000	0,595168960000	0,000180283000	0,000001951000
1041,000000000000	0,011080089000	0,595038140000	0,000180534000	0,000002023000
1042,000000000000	0,011081801000	0,594732020000	0,000180461000	0,000002293000
1043,000000000000	0,011085834000	0,593554880000	0,000179812000	0,000002034000
1044,000000000000	0,011089369000	0,592864880000	0,000180817000	0,000002283000
1045,000000000000	0,011092859000	0,592553660000	0,000180451000	0,000002096000
1046,000000000000	0,011095645000	0,592438350000	0,000180356000	0,000002221000
1047,000000000000	0,011096946000	0,592301010000	0,000179896000	0,000002200000
1048,000000000000	0,011098031000	0,592134680000	0,000180189000	0,000002272000
1049,000000000000	0,011100687000	0,592048350000	0,000180545000	0,000002189000
1050,000000000000	0,011101597000	0,591961410000	0,000180032000	0,000002200000
1051,000000000000	0,011103559000	0,591801010000	0,000180346000	0,000002117000
1052,000000000000	0,011105337000	0,591632230000	0,000180105000	0,000002376000
1053,000000000000	0,011106812000	0,591417130000	0,000179990000	0,000002262000
1054,000000000000	0,011109771000	0,591246310000	0,000180137000	0,000002034000
1055,000000000000	0,011109468000	0,591045090000	0,000180158000	0,000001909000
1056,000000000000	0,011111842000	0,590805910000	0,000180011000	0,000002262000
1057,000000000000	0,011112536000	0,590477950000	0,000180084000	0,000002293000
1058,000000000000	0,011114780000	0,590255290000	0,000180074000	0,000002127000
1059,000000000000	0,011116005000	0,590111010000	0,000180105000	0,000002169000
1060,000000000000	0,011117880000	0,589879990000	0,000179843000	0,000002189000
1061,000000000000	0,011118650000	0,589672230000	0,000180241000	0,000002127000
1062,000000000000	0,011121328000	0,589464070000	0,000179477000	0,000002096000
1063,000000000000	0,011122119000	0,589351830000	0,000180220000	0,000002023000
1064,000000000000	0,011124385000	0,589181210000	0,000179718000	0,000002034000
1065,000000000000	0,011124559000	0,589008560000	0,000179833000	0,000002221000
1066,000000000000	0,011126467000	0,588854890000	0,000179707000	0,000002096000
1067,000000000000	0,011128700000	0,588627750000	0,000180032000	0,000002221000
1068,000000000000	0,011129751000	0,588436520000	0,000179561000	0,000002034000
1069,000000000000	0,011130543000	0,588257130000	0,000179676000	0,000001961000
1070,000000000000	0,011132635000	0,588086730000	0,000179414000	0,000002044000
1071,000000000000	0,011132646000	0,587951420000	0,000179498000	0,000002086000
1072,000000000000	0,011135356000	0,587746730000	0,000178995000	0,000002200000
1073,000000000000	0,011136462000	0,587472030000	0,000179362000	0,000002314000
1074,000000000000	0,011137156000	0,587289380000	0,000178430000	0,000002023000
1075,000000000000	0,011140181000	0,587165680000	0,000179268000	0,000002231000
1076,000000000000	0,011141926000	0,587041190000	0,000178818000	0,000002117000
1077,000000000000	0,011142403000	0,586774250000	0,000179362000	0,000002044000
1078,000000000000	0,011143585000	0,586572000000	0,000178765000	0,000002387000
1079,000000000000	0,011145850000	0,586437920000	0,000178577000	0,000002262000
1080,000000000000	0,011145634000	0,586292210000	0,000179090000	0,000002169000
1081,000000000000	0,011147249000	0,586111390000	0,000178210000	0,000002283000
1082,000000000000	0,011148452000	0,585853640000	0,000178535000	0,000002324000
1083,000000000000	0,011149623000	0,585766290000	0,000178891000	0,000002449000
1084,000000000000	0,011151423000	0,585589150000	0,000178231000	0,000002376000
1085,000000000000	0,011153146000	0,585383030000	0,000178242000	0,000002304000
1086,000000000000	0,011154187000	0,585162820000	0,000177540000	0,000001961000
1087,000000000000	0,011155824000	0,584984660000	0,000177572000	0,000002106000
1088,000000000000	0,011157472000	0,584869760000	0,000177457000	0,000002023000
1089,000000000000	0,011158946000	0,584752620000	0,000177362000	0,000001826000
1090,000000000000	0,011160301000	0,584524250000	0,000176671000	0,000001878000
1091,000000000000	0,011162231000	0,584358130000	0,000177153000	0,000002293000
1092,000000000000	0,011163543000	0,584224250000	0,000175792000	0,000002065000
1093,000000000000	0,011165017000	0,584070780000	0,000176295000	0,000002138000
1094,000000000000	0,011166427000	0,583909560000	0,000176200000	0,000002241000
1095,000000000000	0,011166730000	0,583740580000	0,000176357000	0,000002252000
1096,000000000000	0,011168378000	0,583555680000	0,000176085000	0,000002283000
1097,000000000000	0,011170015000	0,583377520000	0,000175269000	0,000002106000
1098,000000000000	0,011171479000	0,583232830000	0,000175907000	0,000002138000
1099,000000000000	0,011173094000	0,583037320000	0,000174829000	0,000002127000
1100,000000000000	0,011174406000	0,582853440000	0,000174347000	0,000002117000
1101,000000000000	0,011175511000	0,582638950000	0,000174515000	0,000002054000
1102,000000000000	0,011177387000	0,582527930000	0,000173792000	0,000002158000
1103,000000000000	0,011178406000	0,582397520000	0,000174264000	0,000002013000
1104,000000000000	0,011179566000	0,582269150000	0,000173740000	0,000002324000
1105,000000000000	0,011180336000	0,582132420000	0,000173206000	0,000001951000
1106,000000000000	0,011180943000	0,582006700000	0,000172892000	0,000002179000
1107,000000000000	0,011182612000	0,581836300000	0,000172557000	0,000002054000
1108,000000000000	0,011183989000	0,581699360000	0,000171950000	0,000002210000
1109,000000000000	0,011185171000	0,581551600000	0,000172065000	0,000002003000
1110,000000000000	0,011185745000	0,581443440000	0,000171531000	0,000002106000
1111,000000000000	0,011186743000	0,581333640000	0,000171050000	0,000002241000
1112,000000000000	0,011187729000	0,581243640000	0,000170432000	0,000002003000
1113,000000000000	0,011188228000	0,581035890000	0,000169793000	0,000002075000
1114,000000000000	0,011190082000	0,580863650000	0,000170327000	0,000002075000
1115,000000000000	0,011192218000	0,580717930000	0,000168736000	0,000002148000
1116,000000000000	0,011193009000	0,580639160000	0,000168663000	0,000002428000
1117,000000000000	0,011194158000	0,580497730000	0,000168705000	0,000001971000
1118,000000000000	0,011195405000	0,580270790000	0,000168223000	0,000002138000
1119,000000000000	0,011195426000	0,580130990000	0,000167825000	0,000002023000
1120,000000000000	0,011197302000	0,580016910000	0,000167113000	0,000002262000
1121,000000000000	0,011199589000	0,579825690000	0,000166108000	0,000002003000
1122,000000000000	0,011200533000	0,579645690000	0,000167040000	0,000002293000
1123,000000000000	0,011201237000	0,579490590000	0,000165543000	0,000002293000
1124,000000000000	0,011203069000	0,579435280000	0,000165627000	0,000001982000
1125,000000000000	0,011202842000	0,579344870000	0,000164266000	0,000002138000
1126,000000000000	0,011205183000	0,579140990000	0,000164140000	0,000002221000
1127,000000000000	0,011205606000	0,578959360000	0,000163742000	0,000002158000
1128,000000000000	0,011206300000	0,578853650000	0,000163093000	0,000002127000
1129,000000000000	0,011206745000	0,578735080000	0,000162329000	0,000002304000
1130,000000000000	0,011208653000	0,578548340000	0,000162078000	0,000002096000
1131,000000000000	0,011209281000	0,578362630000	0,000161481000	0,000002023000
1132,000000000000	0,011211883000	0,578285690000	0,000160895000	0,000002013000
1133,000000000000	0,011213368000	0,578195080000	0,000160455000	0,000002189000
1134,000000000000	0,011214767000	0,577941400000	0,000160005000	0,000002106000
1135,000000000000	0,011216382000	0,577768140000	0,000159325000	0,000001878000
1136,000000000000	0,011217716000	0,577645280000	0,000158519000	0,000002086000
1137,000000000000	0,011219450000	0,577515900000	0,000157482000	0,000002252000
1138,000000000000	0,011219331000	0,577322020000	0,000157158000	0,000001961000
1139,000000000000	0,011220784000	0,577137120000	0,000156341000	0,000002096000
1140,000000000000	0,011222193000	0,577055900000	0,000155566000	0,000002179000
1141,000000000000	0,011223039000	0,576996100000	0,000154561000	0,000002106000
1142,000000000000	0,011224730000	0,576777120000	0,000154038000	0,000002148000
1143,000000000000	0,011225239000	0,576564640000	0,000153651000	0,000002138000
1144,000000000000	0,011225738000	0,576460360000	0,000152834000	0,000001920000
1145,000000000000	0,011228795000	0,576353620000	0,000152813000	0,000002096000
1146,000000000000	0,011229673000	0,576155250000	0,000151693000	0,000001920000
1147,000000000000	0,011230465000	0,575977090000	0,000150269000	0,000002054000
1148,000000000000	0,011231365000	0,575856680000	0,000149337000	0,000001940000
1149,000000000000	0,011232232000	0,575826680000	0,000149023000	0,000002158000
1150,000000000000	0,011232969000	0,575733010000	0,000148008000	0,000002044000
1151,000000000000	0,011234248000	0,575549950000	0,000147055000	0,000002138000
1152,000000000000	0,011236785000	0,575433620000	0,000147087000	0,000002013000
1153,000000000000	0,011236785000	0,575304030000	0,000146280000	0,000002169000
1154,000000000000	0,011239474000	0,575054440000	0,000145527000	0,000002065000
1155,000000000000	0,011239712000	0,574827500000	0,000143663000	0,000002252000
1156,000000000000	0,011241132000	0,574663830000	0,000142889000	0,000001940000
1157,000000000000	0,011243821000	0,574536890000	0,000142250000	0,000002158000
1158,000000000000	0,011244255000	0,574384650000	0,000140931000	0,000001857000
1159,000000000000	0,011246932000	0,574188320000	0,000140847000	0,000002210000
1160,000000000000	0,011246759000	0,574073010000	0,000139183000	0,000001961000
1161,000000000000	0,011247117000	0,574023630000	0,000137654000	0,000002106000
1162,000000000000	0,011248602000	0,573830970000	0,000137277000	0,000002221000
1163,000000000000	0,011249588000	0,573683830000	0,000135560000	0,000002003000
1164,000000000000	0,011250683000	0,573581590000	0,000134838000	0,000001982000
1165,000000000000	0,011252461000	0,573465670000	0,000134430000	0,000002065000
1166,000000000000	0,011253621000	0,573353830000	0,000132870000	0,000002335000
1167,000000000000	0,011254456000	0,573212200000	0,000132545000	0,000001940000
1168,000000000000	0,011254651000	0,573110360000	0,000131164000	0,000002023000
1169,000000000000	0,011256939000	0,572993220000	0,000130064000	0,000002003000
1170,000000000000	0,011256765000	0,572854440000	0,000129771000	0,000002003000
1171,000000000000	0,011256949000	0,572731180000	0,000128798000	0,000002003000
1172,000000000000	0,011258933000	0,572604440000	0,000128190000	0,000002034000
1173,000000000000	0,011259530000	0,572415060000	0,000126798000	0,000002231000
1174,000000000000	0,011260310000	0,572286890000	0,000126285000	0,000002397000
1175,000000000000	0,011260928000	0,572139140000	0,000125322000	0,000001961000
1176,000000000000	0,011262283000	0,572039140000	0,000124757000	0,000002044000
1177,000000000000	0,011263172000	0,571904440000	0,000122359000	0,000002054000
1178,000000000000	0,011265199000	0,571697300000	0,000121752000	0,000002065000
1179,000000000000	0,011266500000	0,571555670000	0,000120276000	0,000002023000
1180,000000000000	0,011267921000	0,571433630000	0,000119669000	0,000002200000
1181,000000000000	0,011268311000	0,571277510000	0,000118004000	0,000002158000
1182,000000000000	0,011270219000	0,571079550000	0,000116476000	0,000002169000
1183,000000000000	0,011271845000	0,570904240000	0,000114738000	0,000001961000
1184,000000000000	0,011273645000	0,570720370000	0,000113398000	0,000002054000
1185,000000000000	0,011274729000	0,570543830000	0,000112571000	0,000002324000
1186,000000000000	0,011276041000	0,570449750000	0,000112006000	0,000002127000
1187,000000000000	0,011277125000	0,570409350000	0,000110278000	0,000002169000
1188,000000000000	0,011277634000	0,570216490000	0,000109776000	0,000002169000
1189,000000000000	0,011278187000	0,570054860000	0,000108436000	0,000002034000
1190,000000000000	0,011278718000	0,570000370000	0,000107180000	0,000001868000
1191,000000000000	0,011281580000	0,569844650000	0,000105808000	0,000002210000
1192,000000000000	0,011282426000	0,569616900000	0,000103746000	0,000002096000
1193,000000000000	0,011284063000	0,569396080000	0,000103317000	0,000002231000
1194,000000000000	0,011285548000	0,569315270000	0,000101830000	0,000002158000
1195,000000000000	0,011287825000	0,569146080000	0,000100511000	0,000001940000
1196,000000000000	0,011287207000	0,568995880000	0,000099286000	0,000002148000
1197,000000000000	0,011289397000	0,568825670000	0,000098857000	0,000002189000
1198,000000000000	0,011290947000	0,568763020000	0,000098250000	0,000002210000
1199,000000000000	0,011290416000	0,568567510000	0,000097182000	0,000001992000
1200,000000000000	0,011291858000	0,568322820000	0,000096480000	0,000002179000
1201,000000000000	0,011294969000	0,568197100000	0,000095549000	0,000002272000
1202,000000000000	0,011296031000	0,568031800000	0,000094083000	0,000001930000
1203,000000000000	0,011296498000	0,567903630000	0,000093350000	0,000001971000
1204,000000000000	0,011297712000	0,567776290000	0,000092272000	0,000002418000
1205,000000000000	0,011299186000	0,567672210000	0,000092157000	0,000002272000
1206,000000000000	0,011301138000	0,567538740000	0,000091351000	0,000002065000
1207,000000000000	0,011303468000	0,567291390000	0,000090534000	0,000002138000
1208,000000000000	0,011304683000	0,567196900000	0,000090199000	0,000002262000
1209,000000000000	0,011306265000	0,567095470000	0,000089529000	0,000002034000
1210,000000000000	0,011306059000	0,566895680000	0,000089404000	0,000002231000
1211,000000000000	0,011308000000	0,566779550000	0,000089016000	0,000002158000
1212,000000000000	0,011308303000	0,566724860000	0,000088681000	0,000002231000
1213,000000000000	0,011308965000	0,566529350000	0,000088660000	0,000002096000
1214,000000000000	0,011309995000	0,566324660000	0,000087906000	0,000002231000
1215,000000000000	0,011311773000	0,566215440000	0,000087927000	0,000001971000
1216,000000000000	0,011313128000	0,566056060000	0,000088032000	0,000002106000
1217,000000000000	0,011314635000	0,565827890000	0,000086703000	0,000002272000
1218,000000000000	0,011315979000	0,565657490000	0,000087247000	0,000002034000
1219,000000000000	0,011316857000	0,565573200000	0,000086818000	0,000002158000
1220,000000000000	0,011319014000	0,565450340000	0,000085886000	0,000002065000
1221,000000000000	0,011319828000	0,565232790000	0,000086106000	0,000002054000
1222,000000000000	0,011322039000	0,565051160000	0,000085980000	0,000001888000
1223,000000000000	0,011322462000	0,564965850000	0,000085907000	0,000002023000
1224,000000000000	0,011323828000	0,564730550000	0,000085635000	0,000002283000
1225,000000000000	0,011326896000	0,564588100000	0,000084902000	0,000001920000
1226,000000000000	0,011328023000	0,564490340000	0,000084944000	0,000002179000
1227,000000000000	0,011329075000	0,564338300000	0,000084954000	0,000001930000
1228,000000000000	0,011329975000	0,564154630000	0,000085226000	0,000002117000
1229,000000000000	0,011331265000	0,563989940000	0,000084651000	0,000002200000
1230,000000000000	0,011332577000	0,563823000000	0,000084525000	0,000001992000
1231,000000000000	0,011333444000	0,563719330000	0,000084891000	0,000002138000
1232,000000000000	0,011332880000	0,563634430000	0,000084567000	0,000001920000
1233,000000000000	0,011334149000	0,563467900000	0,000083981000	0,000002034000
1234,000000000000	0,011336772000	0,563296060000	0,000084211000	0,000002106000
1235,000000000000	0,011335959000	0,563191160000	0,000084295000	0,000001764000
1236,000000000000	0,011338040000	0,563088310000	0,000083907000	0,000002003000
1237,000000000000	0,011339753000	0,562879940000	0,000084096000	0,000002003000
1238,000000000000	0,011341184000	0,562761160000	0,000083688000	0,000002054000
1239,000000000000	0,011342930000	0,562661980000	0,000083583000	0,000001816000
1240,000000000000	0,011344036000	0,562444430000	0,000083593000	0,000001971000
1241,000000000000	0,011345022000	0,562272800000	0,000083562000	0,000001982000
1242,000000000000	0,011345846000	0,562157900000	0,000083499000	0,000002719000
1243,000000000000	0,011347526000	0,561996060000	0,000083112000	0,000002023000
1244,000000000000	0,011348676000	0,561781370000	0,000083028000	0,000002138000
1245,000000000000	0,011349976000	0,561697490000	0,000084148000	0,000002158000
1246,000000000000	0,011351548000	0,561525040000	0,000083771000	0,000001546000
1247,000000000000	0,011352904000	0,561300140000	0,000083405000	0,000001982000
1248,000000000000	0,011354465000	0,561148510000	0,000083447000	0,000002096000
1249,000000000000	0,011355169000	0,561046880000	0,000083279000	0,000002065000
1250,000000000000	0,011355874000	0,560873000000	0,000083311000	0,000002117000
1251,000000000000	0,011356969000	0,560723410000	0,000083101000	0,000001951000
1252,000000000000	0,011357782000	0,560647080000	0,000083049000	0,000001940000
1253,000000000000	0,011359387000	0,560419330000	0,000082379000	0,000001971000
1254,000000000000	0,011361197000	0,560248510000	0,000082724000	0,000002158000
1255,000000000000	0,011362487000	0,560080150000	0,000082526000	0,000001992000
1256,000000000000	0,011363571000	0,559929130000	0,000083028000	0,000002221000
1257,000000000000	0,011365024000	0,559758110000	0,000082400000	0,000002324000
1258,000000000000	0,011366943000	0,559557490000	0,000082201000	0,000002158000
1259,000000000000	0,011369013000	0,559374230000	0,000082484000	0,000001930000
1260,000000000000	0,011369328000	0,559278920000	0,000082327000	0,000002210000
1261,000000000000	0,011370770000	0,559127900000	0,000082526000	0,000002189000
1262,000000000000	0,011372623000	0,558969540000	0,000082703000	0,000002023000
1263,000000000000	0,011374282000	0,558760760000	0,000082494000	0,000001888000
1264,000000000000	0,011375702000	0,558672800000	0,000083080000	0,000002117000
1265,000000000000	0,011376570000	0,558559940000	0,000082117000	0,000002096000
1266,000000000000	0,011377133000	0,558345460000	0,000082253000	0,000001837000
1267,000000000000	0,011379096000	0,558173010000	0,000082054000	0,000002023000
1268,000000000000	0,011381762000	0,558059330000	0,000082264000	0,000001982000
1269,000000000000	0,011380678000	0,557899440000	0,000082201000	0,000002200000
1270,000000000000	0,011383215000	0,557717910000	0,000082358000	0,000002096000
1271,000000000000	0,011383573000	0,557523820000	0,000082505000	0,000002252000
1272,000000000000	0,011385774000	0,557366270000	0,000082358000	0,000002179000
1273,000000000000	0,011385774000	0,557238930000	0,000082201000	0,000001722000
1274,000000000000	0,011388527000	0,557100760000	0,000082389000	0,000002221000
1275,000000000000	0,011389991000	0,556903420000	0,000081751000	0,000002148000
1276,000000000000	0,011391227000	0,556758720000	0,000082128000	0,000002148000
1277,000000000000	0,011392690000	0,556578320000	0,000082107000	0,000001764000
1278,000000000000	0,011391996000	0,556416890000	0,000081845000	0,000002148000
1279,000000000000	0,011394349000	0,556206680000	0,000082054000	0,000002210000
1280,000000000000	0,011395173000	0,556103620000	0,000081667000	0,000002117000
1281,000000000000	0,011397916000	0,555968110000	0,000081950000	0,000002054000
1282,000000000000	0,011399932000	0,555722370000	0,000082170000	0,000002189000
1283,000000000000	0,011402285000	0,555663180000	0,000081636000	0,000002169000
1284,000000000000	0,011402144000	0,555540940000	0,000082128000	0,000001909000
1285,000000000000	0,011402458000	0,555447670000	0,000081876000	0,000001971000
1286,000000000000	0,011404084000	0,555350330000	0,000081740000	0,000002023000
1287,000000000000	0,011405157000	0,555154610000	0,000082023000	0,000002252000
1288,000000000000	0,011406144000	0,554998080000	0,000081698000	0,000002013000
1289,000000000000	0,011408388000	0,554897270000	0,000082002000	0,000001909000
1290,000000000000	0,011408702000	0,554727880000	0,000081908000	0,000002013000
1291,000000000000	0,011410112000	0,554560740000	0,000082159000	0,000002252000
1292,000000000000	0,011411619000	0,554370530000	0,000081521000	0,000002117000
1293,000000000000	0,011412724000	0,554207060000	0,000081751000	0,000001951000
1294,000000000000	0,011413971000	0,554153190000	0,000081531000	0,000001951000
1295,000000000000	0,011412139000	0,553915020000	0,000081856000	0,000002241000
1296,000000000000	0,011414318000	0,553675230000	0,000081604000	0,000001982000
1297,000000000000	0,011416259000	0,553586040000	0,000081793000	0,000002086000
1298,000000000000	0,011417961000	0,553416040000	0,000081615000	0,000001951000
1299,000000000000	0,011420638000	0,553172980000	0,000081698000	0,000002241000
1300,000000000000	0,011420975000	0,553086660000	0,000081311000	0,000002179000
1301,000000000000	0,011421755000	0,553008090000	0,000081500000	0,000002034000
1302,000000000000	0,011422612000	0,552898290000	0,000081447000	0,000001982000
1303,000000000000	0,011425072000	0,552828290000	0,000082044000	0,000002044000
1304,000000000000	0,011425734000	0,552648700000	0,000081416000	0,000002044000
1305,000000000000	0,011425983000	0,552479720000	0,000081573000	0,000001940000
1306,000000000000	0,011428292000	0,552386250000	0,000081709000	0,000002096000
1307,000000000000	0,011430569000	0,552182580000	0,000081981000	0,000002293000
1308,000000000000	0,011431696000	0,551970130000	0,000081301000	0,000002262000
1309,000000000000	0,011432639000	0,551757680000	0,000081144000	0,000002013000
1310,000000000000	0,011433930000	0,551579520000	0,000081510000	0,000002158000
1311,000000000000	0,011436098000	0,551358090000	0,000081144000	0,000001888000
1312,000000000000	0,011438125000	0,551130950000	0,000081604000	0,000002210000
1313,000000000000	0,011438645000	0,550990740000	0,000081636000	0,000001982000
1314,000000000000	0,011440076000	0,550829930000	0,000081625000	0,000002138000
1315,000000000000	0,011442245000	0,550589930000	0,000081814000	0,000002148000
1316,000000000000	0,011443914000	0,550376250000	0,000081384000	0,000002179000
1317,000000000000	0,011446050000	0,550239720000	0,000081908000	0,000002179000
1318,000000000000	0,011447427000	0,550065640000	0,000081625000	0,000002200000
1319,000000000000	0,011448251000	0,549845850000	0,000081343000	0,000001940000
1320,000000000000	0,011449367000	0,549670740000	0,000081468000	0,000002023000
1321,000000000000	0,011450614000	0,549510130000	0,000082002000	0,000002106000
1322,000000000000	0,011452110000	0,549372580000	0,000081280000	0,000001971000
1323,000000000000	0,011454072000	0,549211360000	0,000081479000	0,000002158000
1324,000000000000	0,011455742000	0,549021770000	0,000081615000	0,000002210000
1325,000000000000	0,011456956000	0,548880750000	0,000081091000	0,000002065000
1326,000000000000	0,011458962000	0,548724420000	0,000081793000	0,000001992000
1327,000000000000	0,011459829000	0,548566870000	0,000081081000	0,000002044000
1328,000000000000	0,011461932000	0,548392990000	0,000081740000	0,000001567000
1329,000000000000	0,011462929000	0,548210950000	0,000081510000	0,000002293000
1330,000000000000	0,011463417000	0,548098910000	0,000081416000	0,000002158000
1331,000000000000	0,011465152000	0,547928500000	0,000081814000	0,000002189000
1332,000000000000	0,011466984000	0,547742580000	0,000081531000	0,000001671000
1333,000000000000	0,011468447000	0,547604630000	0,000081625000	0,000001971000
1334,000000000000	0,011469705000	0,547589930000	0,000081709000	0,000002283000
1335,000000000000	0,011467168000	0,548357280000	0,000081426000	0,000001899000
1336,000000000000	0,011464935000	0,549292790000	0,000081322000	0,000002221000
1337,000000000000	0,011456544000	0,551748290000	0,000081028000	0,000001619000
1338,000000000000	0,011450484000	0,553991960000	0,000081908000	0,000002127000
1339,000000000000	0,011443632000	0,555433390000	0,000081186000	0,000002013000
1340,000000000000	0,011435274000	0,556387500000	0,000081541000	0,000002158000
1341,000000000000	0,011429561000	0,557074440000	0,000081353000	0,000002189000
1342,000000000000	0,011425419000	0,557621580000	0,000082149000	0,000002086000
1343,000000000000	0,011421625000	0,557965860000	0,000081845000	0,000002044000
1344,000000000000	0,011419229000	0,558255050000	0,000081322000	0,000002054000
1345,000000000000	0,011416042000	0,558564430000	0,000081091000	0,000002127000
1346,000000000000	0,011414557000	0,558795860000	0,000081625000	0,000002106000
1347,000000000000	0,011410730000	0,559302800000	0,000081939000	0,000002117000
1348,000000000000	0,011407261000	0,560047490000	0,000081248000	0,000001961000
1349,000000000000	0,011404203000	0,560576060000	0,000082253000	0,000002054000
1350,000000000000	0,011400767000	0,561115040000	0,000082044000	0,000002003000
1351,000000000000	0,011396875000	0,561568310000	0,000081929000	0,000002179000
1352,000000000000	0,011392809000	0,561964840000	0,000082201000	0,000001961000
1353,000000000000	0,011389026000	0,562309330000	0,000081992000	0,000002106000
1354,000000000000	0,011386370000	0,562571570000	0,000081761000	0,000001971000
1355,000000000000	0,011382370000	0,562924020000	0,000081604000	0,000002106000
1356,000000000000	0,011380949000	0,563194630000	0,000082096000	0,000001992000
1357,000000000000	0,011375572000	0,563428100000	0,000082348000	0,000001982000
1358,000000000000	0,011371800000	0,563700750000	0,000081981000	0,000002013000
1359,000000000000	0,011367940000	0,563977690000	0,000082651000	0,000002179000
1360,000000000000	0,011365577000	0,564227280000	0,000081981000	0,000002127000
1361,000000000000	0,011362335000	0,564447900000	0,000082766000	0,000001899000
1362,000000000000	0,011360351000	0,564697280000	0,000082306000	0,000002179000
1363,000000000000	0,011357750000	0,564899730000	0,000082630000	0,000002075000
1364,000000000000	0,011354410000	0,565133200000	0,000082609000	0,000001909000
1365,000000000000	0,011352773000	0,565284420000	0,000082358000	0,000001930000
1366,000000000000	0,011348903000	0,565483810000	0,000082484000	0,000002169000
1367,000000000000	0,011346616000	0,565651770000	0,000082913000	0,000002262000
1368,000000000000	0,011343472000	0,565853400000	0,000082546000	0,000002054000
1369,000000000000	0,011341217000	0,566041970000	0,000083028000	0,000002210000
1370,000000000000	0,011339233000	0,566237310000	0,000083520000	0,000002096000
1371,000000000000	0,011337433000	0,566375070000	0,000083604000	0,000002179000
1372,000000000000	0,011335222000	0,566517920000	0,000084274000	0,000001868000
1373,000000000000	0,011332707000	0,566696490000	0,000083991000	0,000002231000
1374,000000000000	0,011330625000	0,566881390000	0,000083300000	0,000001982000
1375,000000000000	0,011329303000	0,566999550000	0,000084347000	0,000002272000
1376,000000000000	0,011327340000	0,567184250000	0,000084410000	0,000002034000
1377,000000000000	0,011325216000	0,567340570000	0,000084085000	0,000002013000
1378,000000000000	0,011323058000	0,567488330000	0,000084201000	0,000002044000
1379,000000000000	0,011321389000	0,567608530000	0,000084808000	0,000002138000
1380,000000000000	0,011319697000	0,567817100000	0,000085069000	0,000002096000
1381,000000000000	0,011317876000	0,567926900000	0,000085478000	0,000002044000
1382,000000000000	0,011315513000	0,568069140000	0,000085436000	0,000001837000
1383,000000000000	0,011314038000	0,568262410000	0,000085289000	0,000002148000
1384,000000000000	0,011313280000	0,568392820000	0,000085708000	0,000002148000
1385,000000000000	0,011310352000	0,568509550000	0,000086043000	0,000001909000
1386,000000000000	0,011309236000	0,568607720000	0,000086734000	0,000002023000
1387,000000000000	0,011307209000	0,568723230000	0,000086724000	0,000002013000
1388,000000000000	0,011306005000	0,568937310000	0,000087247000	0,000001951000
1389,000000000000	0,011304845000	0,569075270000	0,000087582000	0,000002013000
1390,000000000000	0,011304650000	0,569139140000	0,000088367000	0,000002034000
1391,000000000000	0,011302178000	0,569344040000	0,000088315000	0,000002169000
1392,000000000000	0,011301517000	0,569507100000	0,000089257000	0,000002179000
1393,000000000000	0,011299327000	0,569612000000	0,000088713000	0,000001878000
1394,000000000000	0,011297614000	0,569767710000	0,000089697000	0,000002169000
1395,000000000000	0,011296606000	0,569919960000	0,000090283000	0,000002210000
1396,000000000000	0,011295403000	0,570056900000	0,000090639000	0,000002189000
1397,000000000000	0,011293885000	0,570254040000	0,000091424000	0,000002003000
1398,000000000000	0,011293668000	0,570294650000	0,000091267000	0,000002345000
1399,000000000000	0,011292497000	0,570413220000	0,000091560000	0,000002200000
1400,000000000000	0,011290741000	0,570559550000	0,000092994000	0,000002023000
1401,000000000000	0,011288757000	0,570694850000	0,000094303000	0,000002013000
1402,000000000000	0,011289180000	0,570814240000	0,000094554000	0,000002179000
1403,000000000000	0,011287196000	0,571004850000	0,000095266000	0,000002117000
1404,000000000000	0,011285125000	0,571170980000	0,000095674000	0,000002086000
1405,000000000000	0,011283586000	0,571260980000	0,000097276000	0,000002366000
1406,000000000000	0,011282827000	0,571406280000	0,000097894000	0,000002044000
1407,000000000000	0,011280117000	0,571544650000	0,000099642000	0,000001868000
1408,000000000000	0,011279184000	0,571660770000	0,000100741000	0,000001951000
1409,000000000000	0,011277504000	0,571801790000	0,000101715000	0,000001982000
1410,000000000000	0,011276626000	0,571941590000	0,000102217000	0,000002355000
1411,000000000000	0,011276810000	0,572010770000	0,000104154000	0,000002210000
1412,000000000000	0,011275986000	0,572096890000	0,000105316000	0,000002200000
1413,000000000000	0,011274208000	0,572273830000	0,000106164000	0,000002127000
1414,000000000000	0,011273113000	0,572397510000	0,000106824000	0,000002127000
1415,000000000000	0,011273590000	0,572504240000	0,000107996000	0,000001940000
1416,000000000000	0,011270663000	0,572629950000	0,000109996000	0,000002117000
1417,000000000000	0,011270262000	0,572739750000	0,000109839000	0,000002148000
1418,000000000000	0,011268983000	0,572863010000	0,000111210000	0,000001940000
1419,000000000000	0,011268484000	0,572972400000	0,000111943000	0,000002138000
1420,000000000000	0,011267313000	0,573091380000	0,000113461000	0,000001598000
1421,000000000000	0,011266349000	0,573162400000	0,000114078000	0,000001764000
1422,000000000000	0,011265254000	0,573355060000	0,000115963000	0,000002096000
1423,000000000000	0,011264267000	0,573433630000	0,000115680000	0,000002231000
1424,000000000000	0,011263942000	0,573569140000	0,000117104000	0,000002117000
1425,000000000000	0,011261654000	0,573723630000	0,000118402000	0,000002054000
1426,000000000000	0,011261481000	0,573859750000	0,000118674000	0,000002158000
1427,000000000000	0,011260494000	0,573931380000	0,000120286000	0,000001920000
1428,000000000000	0,011260126000	0,574023420000	0,000121208000	0,000002096000
1429,000000000000	0,011260072000	0,574195050000	0,000122255000	0,000001878000
1430,000000000000	0,011258326000	0,574313220000	0,000122893000	0,000002096000
1431,000000000000	0,011256722000	0,574374440000	0,000124348000	0,000002210000
1432,000000000000	0,011256635000	0,574456070000	0,000125217000	0,000002086000
1433,000000000000	0,011254792000	0,574578110000	0,000126327000	0,000002262000
1434,000000000000	0,011253816000	0,574734240000	0,000127123000	0,000002106000
1435,000000000000	0,011252559000	0,574800970000	0,000127960000	0,000002065000
1436,000000000000	0,011251204000	0,574901790000	0,000128316000	0,000002127000
1437,000000000000	0,011249317000	0,575024240000	0,000128337000	0,000001422000
1438,000000000000	0,011249664000	0,575075660000	0,000130190000	0,000002231000
1439,000000000000	0,011249946000	0,575192200000	0,000131415000	0,000002096000
1440,000000000000	0,011248526000	0,575336070000	0,000131666000	0,000002034000
1441,000000000000	0,011247344000	0,575486480000	0,000132231000	0,000002272000
1442,000000000000	0,011246336000	0,575561170000	0,000133100000	0,000002065000
1443,000000000000	0,011244526000	0,575617910000	0,000134325000	0,000002023000
1444,000000000000	0,011243236000	0,575786890000	0,000135246000	0,000002345000
1445,000000000000	0,011241870000	0,575905260000	0,000136283000	0,000002210000
1446,000000000000	0,011241750000	0,576021580000	0,000136576000	0,000002221000
1447,000000000000	0,011241393000	0,576105660000	0,000137654000	0,000002013000
1448,000000000000	0,011239777000	0,576209950000	0,000138858000	0,000002200000
1449,000000000000	0,011238238000	0,576358110000	0,000138984000	0,000002179000
1450,000000000000	0,011237533000	0,576481380000	0,000139591000	0,000002138000
1451,000000000000	0,011236514000	0,576578720000	0,000140156000	0,000001940000
1452,000000000000	0,011236482000	0,576655660000	0,000141266000	0,000001847000
1453,000000000000	0,011235419000	0,576746710000	0,000141622000	0,000002366000
1454,000000000000	0,011234281000	0,576850390000	0,000142564000	0,000001888000
1455,000000000000	0,011232709000	0,576954470000	0,000143297000	0,000001982000
1456,000000000000	0,011232362000	0,577031810000	0,000144051000	0,000002096000
1457,000000000000	0,011232947000	0,577129980000	0,000144972000	0,000002158000
1458,000000000000	0,011232102000	0,577265690000	0,000144438000	0,000002065000
1459,000000000000	0,011230703000	0,577376920000	0,000145516000	0,000002252000
1460,000000000000	0,011229684000	0,577455080000	0,000145673000	0,000002117000
1461,000000000000	0,011229131000	0,577573040000	0,000146029000	0,000001764000
1462,000000000000	0,011228437000	0,577665900000	0,000147275000	0,000002355000
1463,000000000000	0,011227711000	0,577744870000	0,000147558000	0,000001909000
1464,000000000000	0,011226735000	0,577846710000	0,000147956000	0,000002169000
1465,000000000000	0,011226486000	0,577930380000	0,000148835000	0,000002003000
1466,000000000000	0,011225597000	0,578069160000	0,000149568000	0,000002034000
1467,000000000000	0,011224979000	0,578175890000	0,000150112000	0,000002065000
1468,000000000000	0,011222963000	0,578241610000	0,000151201000	0,000002075000
1469,000000000000	0,011222811000	0,578334670000	0,000151285000	0,000002241000
1470,000000000000	0,011222128000	0,578452830000	0,000151766000	0,000002200000
1471,000000000000	0,011221261000	0,578599570000	0,000152635000	0,000002262000
1472,000000000000	0,011219743000	0,578619980000	0,000152394000	0,000001785000
1473,000000000000	0,011220480000	0,578708340000	0,000152897000	0,000002127000
1474,000000000000	0,011221434000	0,578826910000	0,000153326000	0,000002293000
1475,000000000000	0,011218908000	0,578959160000	0,000153954000	0,000002075000
1476,000000000000	0,011216740000	0,579052420000	0,000153986000	0,000002179000
1477,000000000000	0,011216328000	0,579152220000	0,000154928000	0,000002075000
1478,000000000000	0,011214973000	0,579234060000	0,000155828000	0,000001909000
1479,000000000000	0,011214843000	0,579358950000	0,000156467000	0,000002075000
1480,000000000000	0,011213639000	0,579447120000	0,000156592000	0,000002138000
1481,000000000000	0,011213043000	0,579573440000	0,000156467000	0,000002158000
1482,000000000000	0,011212479000	0,579691200000	0,000157890000	0,000002127000
1483,000000000000	0,011211189000	0,579798750000	0,000157911000	0,000002293000
1484,000000000000	0,011210571000	0,579889570000	0,000157838000	0,000002169000
1485,000000000000	0,011210387000	0,579965080000	0,000158529000	0,000002179000
1486,000000000000	0,011208208000	0,580145080000	0,000158906000	0,000002189000
1487,000000000000	0,011207785000	0,580244050000	0,000159859000	0,000002179000
1488,000000000000	0,011207016000	0,580259160000	0,000159984000	0,000001785000
1489,000000000000	0,011206853000	0,580327320000	0,000160194000	0,000002252000
1490,000000000000	0,011205042000	0,580464670000	0,000161146000	0,000002003000
1491,000000000000	0,011205801000	0,580561610000	0,000160466000	0,000002117000
1492,000000000000	0,011203254000	0,580646910000	0,000160696000	0,000002065000
1493,000000000000	0,011202332000	0,580687730000	0,000161356000	0,000001930000
1494,000000000000	0,011202213000	0,580815280000	0,000162172000	0,000002345000
1495,000000000000	0,011201357000	0,580886910000	0,000162580000	0,000002252000
1496,000000000000	0,011200934000	0,580941810000	0,000162413000	0,000002158000
1497,000000000000	0,011199741000	0,581083650000	0,000163753000	0,000002252000
1498,000000000000	0,011199416000	0,581142620000	0,000162696000	0,000002117000
1499,000000000000	0,011199546000	0,581265280000	0,000163397000	0,000002158000
1500,000000000000	0,011198375000	0,581362830000	0,000164109000	0,000002138000
1501,000000000000	0,011197053000	0,581410790000	0,000164193000	0,000002127000
1502,000000000000	0,011196554000	0,581530790000	0,000164465000	0,000002127000
1503,000000000000	0,011195416000	0,581623640000	0,000164737000	0,000002117000
1504,000000000000	0,011194613000	0,581722010000	0,000164758000	0,000002127000
1505,000000000000	0,011193757000	0,581738750000	0,000165365000	0,000002138000
1506,000000000000	0,011193161000	0,581856500000	0,000165658000	0,000002086000
1507,000000000000	0,011191567000	0,581993440000	0,000165941000	0,000002231000
1508,000000000000	0,011191697000	0,582103850000	0,000166799000	0,000002200000
1509,000000000000	0,011191003000	0,582184460000	0,000166224000	0,000002086000
1510,000000000000	0,011191329000	0,582293850000	0,000166716000	0,000002054000
1511,000000000000	0,011190711000	0,582390790000	0,000166946000	0,000002075000
1512,000000000000	0,011189160000	0,582510380000	0,000167124000	0,000002189000
1513,000000000000	0,011188130000	0,582570380000	0,000167040000	0,000002013000
1514,000000000000	0,011187773000	0,582676300000	0,000168244000	0,000002117000
1515,000000000000	0,011186082000	0,582806500000	0,000167982000	0,000002262000
1516,000000000000	0,011184531000	0,582930990000	0,000168464000	0,000002262000
1517,000000000000	0,011184846000	0,582986300000	0,000168862000	0,000002044000
1518,000000000000	0,011183989000	0,583041810000	0,000169165000	0,000001639000
1519,000000000000	0,011183425000	0,583152010000	0,000169176000	0,000001888000
1520,000000000000	0,011183436000	0,583249760000	0,000169050000	0,000001888000
1521,000000000000	0,011180997000	0,583298130000	0,000169396000	0,000002127000
1522,000000000000	0,011180357000	0,583388740000	0,000169867000	0,000001899000
1523,000000000000	0,011179761000	0,583487930000	0,000169961000	0,000002210000
1524,000000000000	0,011179523000	0,583587720000	0,000170244000	0,000002148000
1525,000000000000	0,011177680000	0,583670580000	0,000170631000	0,000001992000
1526,000000000000	0,011177474000	0,583780170000	0,000170809000	0,000002200000
1527,000000000000	0,011176769000	0,583892420000	0,000170181000	0,000001940000
1528,000000000000	0,011176444000	0,583942210000	0,000171112000	0,000001764000
1529,000000000000	0,011177018000	0,584065270000	0,000170788000	0,000001805000
1530,000000000000	0,011176357000	0,584163030000	0,000171311000	0,000001930000
1531,000000000000	0,011174883000	0,584259150000	0,000171657000	0,000002075000
1532,000000000000	0,011174297000	0,584359970000	0,000172212000	0,000002293000
1533,000000000000	0,011171999000	0,584455270000	0,000172159000	0,000001971000
1534,000000000000	0,011172248000	0,584477930000	0,000171814000	0,000002210000
1535,000000000000	0,011171229000	0,584607720000	0,000172138000	0,000002262000
1536,000000000000	0,011171229000	0,584694050000	0,000172369000	0,000002283000
1537,000000000000	0,011169972000	0,584783030000	0,000172086000	0,000002449000
1538,000000000000	0,011168465000	0,584849350000	0,000172044000	0,000001899000
1539,000000000000	0,011170156000	0,584992010000	0,000172767000	0,000001982000
1540,000000000000	0,011167489000	0,585121600000	0,000172337000	0,000002075000
1541,000000000000	0,011166925000	0,585180370000	0,000173499000	0,000002169000
1542,000000000000	0,011166307000	0,585202620000	0,000173217000	0,000002252000
1543,000000000000	0,011166795000	0,585333230000	0,000173740000	0,000001722000
1544,000000000000	0,011166394000	0,585450170000	0,000173667000	0,000002138000
1545,000000000000	0,011165516000	0,585602210000	0,000173887000	0,000002138000
1546,000000000000	0,011163944000	0,585630370000	0,000173604000	0,000002169000
1547,000000000000	0,011162741000	0,585712620000	0,000173834000	0,000002231000
1548,000000000000	0,011162275000	0,585860980000	0,000173552000	0,000002117000
1549,000000000000	0,011162253000	0,585896290000	0,000173887000	0,000002013000
1550,000000000000	0,011160171000	0,585922820000	0,000174400000	0,000002262000
1551,000000000000	0,011159976000	0,586001190000	0,000174599000	0,000002003000
1552,000000000000	0,011159911000	0,586101190000	0,000174640000	0,000002272000
1553,000000000000	0,011160475000	0,586220370000	0,000175101000	0,000002065000
1554,000000000000	0,011157212000	0,586319760000	0,000174389000	0,000002272000
1555,000000000000	0,011157179000	0,586347510000	0,000175300000	0,000002117000
1556,000000000000	0,011156388000	0,586498530000	0,000175509000	0,000002013000
1557,000000000000	0,011156008000	0,586640780000	0,000174944000	0,000002096000
1558,000000000000	0,011154502000	0,586671800000	0,000175394000	0,000001847000
1559,000000000000	0,011154534000	0,586780980000	0,000174965000	0,000002096000
1560,000000000000	0,011153970000	0,586902620000	0,000175530000	0,000001961000
1561,000000000000	0,011151997000	0,587002410000	0,000176148000	0,000001826000
1562,000000000000	0,011150783000	0,587038940000	0,000175949000	0,000002179000
1563,000000000000	0,011149395000	0,587098940000	0,000175844000	0,000002304000
1564,000000000000	0,011149612000	0,587218770000	0,000175666000	0,000002117000
1565,000000000000	0,011149450000	0,587270600000	0,000175614000	0,000002241000
1566,000000000000	0,011148561000	0,587355910000	0,000175834000	0,000002179000
1567,000000000000	0,011148073000	0,587380400000	0,000175803000	0,000002086000
1568,000000000000	0,011147271000	0,587508770000	0,000176138000	0,000002148000
1569,000000000000	0,011146230000	0,587586930000	0,000176169000	0,000002003000
1570,000000000000	0,011146230000	0,587657340000	0,000176619000	0,000002324000
1571,000000000000	0,011144994000	0,587719580000	0,000176724000	0,000002086000
1572,000000000000	0,011144441000	0,587783050000	0,000176588000	0,000002169000
1573,000000000000	0,011143303000	0,587884890000	0,000176923000	0,000001971000
1574,000000000000	0,011143997000	0,587945090000	0,000176410000	0,000002138000
1575,000000000000	0,011142620000	0,588055300000	0,000176933000	0,000002117000
1576,000000000000	0,011141818000	0,588148970000	0,000176441000	0,000002096000
1577,000000000000	0,011141926000	0,588240400000	0,000176923000	0,000002138000
1578,000000000000	0,011142685000	0,588381010000	0,000177279000	0,000002106000
1579,000000000000	0,011140397000	0,588443870000	0,000177174000	0,000002117000
1580,000000000000	0,011139378000	0,588478150000	0,000177446000	0,000001992000
1581,000000000000	0,011139313000	0,588582440000	0,000177237000	0,000002138000
1582,000000000000	0,011139703000	0,588712640000	0,000177216000	0,000002210000
1583,000000000000	0,011137709000	0,588783660000	0,000177300000	0,000002034000
1584,000000000000	0,011137221000	0,588831830000	0,000177184000	0,000002054000
1585,000000000000	0,011137264000	0,588976520000	0,000177697000	0,000002013000
1586,000000000000	0,011136592000	0,589051210000	0,000177823000	0,000001920000
1587,000000000000	0,011135768000	0,589105500000	0,000177833000	0,000002054000
1588,000000000000	0,011135747000	0,589158560000	0,000177603000	0,000002034000
1589,000000000000	0,011133990000	0,589278970000	0,000178231000	0,000001992000
1590,000000000000	0,011133101000	0,589370600000	0,000177373000	0,000002065000
1591,000000000000	0,011131865000	0,589406320000	0,000177530000	0,000002075000
1592,000000000000	0,011131822000	0,589417540000	0,000177980000	0,000002179000
1593,000000000000	0,011131313000	0,589512030000	0,000177718000	0,000002376000
1594,000000000000	0,011130196000	0,589653050000	0,000177697000	0,000002179000
1595,000000000000	0,011130185000	0,589698970000	0,000177959000	0,000002200000
1596,000000000000	0,011129394000	0,589745700000	0,000178064000	0,000002117000
1597,000000000000	0,011129827000	0,589835090000	0,000177959000	0,000002065000
1598,000000000000	0,011128982000	0,589931420000	0,000178629000	0,000002179000
1599,000000000000	0,011128830000	0,589986110000	0,000178231000	0,000002138000
1600,000000000000	0,011128743000	0,590077130000	0,000177949000	0,000002065000
1601,000000000000	0,011127074000	0,590168560000	0,000178378000	0,000002054000
1602,000000000000	0,011127030000	0,590245290000	0,000178367000	0,000002169000
1603,000000000000	0,011127627000	0,590381010000	0,000177980000	0,000002117000
1604,000000000000	0,011125415000	0,590497130000	0,000178598000	0,000002314000
1605,000000000000	0,011123984000	0,590604270000	0,000177907000	0,000002106000
1606,000000000000	0,011124168000	0,590691010000	0,000178629000	0,000001878000
1607,000000000000	0,011125111000	0,590757130000	0,000178388000	0,000002169000
1608,000000000000	0,011122282000	0,590834070000	0,000178493000	0,000002086000
1609,000000000000	0,011121837000	0,590921620000	0,000179079000	0,000002293000
1610,000000000000	0,011120070000	0,591055700000	0,000178284000	0,000001847000
1611,000000000000	0,011120114000	0,591103460000	0,000178619000	0,000002023000
1612,000000000000	0,011119799000	0,591164480000	0,000179320000	0,000002023000
1613,000000000000	0,011118314000	0,591199170000	0,000178493000	0,000001951000
1614,000000000000	0,011119149000	0,591323460000	0,000178765000	0,000002106000
1615,000000000000	0,011118011000	0,591464070000	0,000178545000	0,000002096000
1616,000000000000	0,011117349000	0,591523660000	0,000178755000	0,000002210000
1617,000000000000	0,011117414000	0,591555290000	0,000178619000	0,000002179000
1618,000000000000	0,011115365000	0,591695500000	0,000179456000	0,000002075000
1619,000000000000	0,011115181000	0,591816310000	0,000179215000	0,000001930000
1620,000000000000	0,011115756000	0,591872430000	0,000178660000	0,000002169000
1621,000000000000	0,011114162000	0,591943250000	0,000179048000	0,000002003000
1622,000000000000	0,011112536000	0,592101620000	0,000179142000	0,000002106000
1623,000000000000	0,011111842000	0,592181820000	0,000178964000	0,000001868000
1624,000000000000	0,011112081000	0,592233250000	0,000179414000	0,000002003000
1625,000000000000	0,011110151000	0,592299980000	0,000178755000	0,000002179000
1626,000000000000	0,011109782000	0,592374880000	0,000178629000	0,000002075000
1627,000000000000	0,011109489000	0,592455900000	0,000178828000	0,000002179000
1628,000000000000	0,011108807000	0,592570390000	0,000179205000	0,000002023000
1629,000000000000	0,011107039000	0,592586310000	0,000178954000	0,000002158000
1630,000000000000	0,011108969000	0,592706110000	0,000179194000	0,000002179000
1631,000000000000	0,011108232000	0,592769580000	0,000179111000	0,000002221000
1632,000000000000	0,011106129000	0,592887330000	0,000178713000	0,000002158000
1633,000000000000	0,011105478000	0,592958150000	0,000179425000	0,000002262000
1634,000000000000	0,011104503000	0,593081210000	0,000178325000	0,000001888000
1635,000000000000	0,011103668000	0,593150190000	0,000179624000	0,000001805000
1636,000000000000	0,011104221000	0,593218760000	0,000179927000	0,000002272000
1637,000000000000	0,011102985000	0,593273660000	0,000179508000	0,000002221000
1638,000000000000	0,011102248000	0,593404470000	0,000179226000	0,000002272000
1639,000000000000	0,011102031000	0,593474270000	0,000179320000	0,000002397000
1640,000000000000	0,011101435000	0,593570190000	0,000178891000	0,000001971000
1641,000000000000	0,011099386000	0,593668150000	0,000179257000	0,000001992000
1642,000000000000	0,011099906000	0,593727740000	0,000179330000	0,000002179000
1643,000000000000	0,011098746000	0,593853450000	0,000179320000	0,000001951000
1644,000000000000	0,011097705000	0,593900390000	0,000179749000	0,000002013000
1645,000000000000	0,011098291000	0,593930590000	0,000179959000	0,000002241000
1646,000000000000	0,011098280000	0,593984060000	0,000179707000	0,000002449000
1647,000000000000	0,011096740000	0,594056310000	0,000179550000	0,000002189000
1648,000000000000	0,011096437000	0,594146510000	0,000180095000	0,000002023000
1649,000000000000	0,011095255000	0,594224470000	0,000179247000	0,000002231000
1650,000000000000	0,011095071000	0,594275290000	0,000179477000	0,000002241000
1651,000000000000	0,011094041000	0,594415700000	0,000179540000	0,000001826000
1652,000000000000	0,011094312000	0,594482840000	0,000179561000	0,000002169000
1653,000000000000	0,011092252000	0,594564880000	0,000180377000	0,000002283000
1654,000000000000	0,011092729000	0,594627940000	0,000179414000	0,000002023000
1655,000000000000	0,011093011000	0,594700800000	0,000179613000	0,000002065000
1656,000000000000	0,011092556000	0,594788550000	0,000179467000	0,000002106000
1657,000000000000	0,011091829000	0,594879370000	0,000180273000	0,000002615000
1658,000000000000	0,011090496000	0,594965490000	0,000179571000	0,000002148000
1659,000000000000	0,011090539000	0,595045080000	0,000179875000	0,000002065000
1660,000000000000	0,011089726000	0,595133650000	0,000180241000	0,000002677000
1661,000000000000	0,011089444000	0,595216100000	0,000179079000	0,000001847000
1662,000000000000	0,011088078000	0,595320800000	0,000180283000	0,000002158000
1663,000000000000	0,011087298000	0,595419160000	0,000180555000	0,000002127000
1664,000000000000	0,011087937000	0,595472020000	0,000180189000	0,000002096000
1665,000000000000	0,011086051000	0,595558350000	0,000179645000	0,000002179000
1666,000000000000	0,011085693000	0,595612430000	0,000179404000	0,000001868000
1667,000000000000	0,011085802000	0,595724880000	0,000180011000	0,000002065000
1668,000000000000	0,011084143000	0,595797120000	0,000179864000	0,000002210000
1669,000000000000	0,011084479000	0,595831000000	0,000179770000	0,000002106000
1670,000000000000	0,011082799000	0,595856100000	0,000179833000	0,000002013000
1671,000000000000	0,011082344000	0,595985900000	0,000179634000	0,000002708000
1672,000000000000	0,011082745000	0,596106310000	0,000180670000	0,000002075000
1673,000000000000	0,011080978000	0,596122630000	0,000180168000	0,000002054000
1674,000000000000	0,011081563000	0,596201610000	0,000179613000	0,000002189000
1675,000000000000	0,011080143000	0,596237730000	0,000180126000	0,000002127000
1676,000000000000	0,011078571000	0,596299980000	0,000180042000	0,000002086000
1677,000000000000	0,011079937000	0,596404260000	0,000179833000	0,000002117000
1678,000000000000	0,011077400000	0,596421820000	0,000180493000	0,000002054000
1679,000000000000	0,011077075000	0,596541200000	0,000179959000	0,000002138000
1680,000000000000	0,011076739000	0,596608960000	0,000180074000	0,000002075000
1681,000000000000	0,011075785000	0,596675690000	0,000179760000	0,000002023000
1682,000000000000	0,011074776000	0,596754260000	0,000180597000	0,000002127000
1683,000000000000	0,011076489000	0,596790590000	0,000179676000	0,000002003000
1684,000000000000	0,011074592000	0,596896100000	0,000180105000	0,000002096000
1685,000000000000	0,011073410000	0,596947530000	0,000179906000	0,000002221000
1686,000000000000	0,011074430000	0,597007940000	0,000179372000	0,000002262000
1687,000000000000	0,011073443000	0,597092630000	0,000180000000	0,000002138000
1688,000000000000	0,011073616000	0,597185900000	0,000179833000	0,000002106000
