Versuchsteilnehmer 1: SanC
Versuchsteilnehmer 2: TalH
Versuch: Supraleitung
Startzeit: 19.03.2026 10:11:31
Stoppzeit: 19.03.2026 11:08:01
Probennummer: 
Gatespannung: 
Sweeprate: 
Strom: 
Magnetfeld: 
Temperatur: 
Bemerkung: 
Kommentar: 

Zeit/s          	U_AB [V]          	U_M [V]          	U_Sn [V]          	U_Spule [V]
0,000000000000	0,009190002000	0,966653420000	0,000182858000	0,000000892000
1,000000000000	0,009188809000	0,966674640000	0,000182932000	0,000000789000
2,000000000000	0,009189308000	0,966658720000	0,000182639000	0,000000591000
3,000000000000	0,009189254000	0,966660150000	0,000182932000	0,000000892000
4,000000000000	0,009189015000	0,966704230000	0,000182649000	0,000000716000
5,000000000000	0,009188191000	0,966681790000	0,000182764000	0,000000674000
6,000000000000	0,009187248000	0,966689540000	0,000182660000	0,000000643000
7,000000000000	0,009187704000	0,966662810000	0,000182942000	0,000000633000
8,000000000000	0,009187162000	0,966695760000	0,000182660000	0,000000685000
9,000000000000	0,009187064000	0,966677910000	0,000182408000	0,000000747000
10,000000000000	0,009186847000	0,966677500000	0,000182743000	0,000000955000
11,000000000000	0,009186110000	0,966668110000	0,000182838000	0,000000737000
12,000000000000	0,009186229000	0,966679950000	0,000182314000	0,000000612000
13,000000000000	0,009185752000	0,966694850000	0,000182272000	0,000000726000
14,000000000000	0,009185319000	0,966685870000	0,000182346000	0,000000747000
15,000000000000	0,009186012000	0,966712810000	0,000182681000	0,000000508000
16,000000000000	0,009185232000	0,966685050000	0,000182482000	0,000000436000
17,000000000000	0,009186316000	0,966686070000	0,000182471000	0,000000643000
18,000000000000	0,009185871000	0,966673420000	0,000182743000	0,000000695000
19,000000000000	0,009186067000	0,966676280000	0,000182743000	0,000000581000
20,000000000000	0,009185123000	0,966676070000	0,000182544000	0,000000851000
21,000000000000	0,009185156000	0,966659950000	0,000182670000	0,000000685000
22,000000000000	0,009184711000	0,966692400000	0,000182838000	0,000000789000
23,000000000000	0,009185026000	0,966655870000	0,000182743000	0,000000571000
24,000000000000	0,009184939000	0,966657500000	0,000182639000	0,000001027000
25,000000000000	0,009183822000	0,966692190000	0,000182701000	0,000000550000
26,000000000000	0,009184018000	0,966686680000	0,000182597000	0,000000664000
27,000000000000	0,009183725000	0,966663620000	0,000183036000	0,000000757000
28,000000000000	0,009183313000	0,966696070000	0,000182670000	0,000000757000
29,000000000000	0,009183161000	0,966670970000	0,000182639000	0,000000747000
30,000000000000	0,009182684000	0,966683210000	0,000182461000	0,000000882000
31,000000000000	0,009182261000	0,966698320000	0,000182565000	0,000000498000
32,000000000000	0,009183009000	0,966673420000	0,000182607000	0,000000550000
33,000000000000	0,009182641000	0,966665660000	0,000182419000	0,000000778000
34,000000000000	0,009181362000	0,966679130000	0,000182471000	0,000000623000
35,000000000000	0,009181296000	0,966702190000	0,000182681000	0,000000830000
36,000000000000	0,009181069000	0,966640150000	0,000182754000	0,000000602000
37,000000000000	0,009180408000	0,966651990000	0,000182492000	0,000000778000
38,000000000000	0,009180462000	0,966671170000	0,000183089000	0,000000768000
39,000000000000	0,009179920000	0,966697700000	0,000181927000	0,000000706000
40,000000000000	0,009179768000	0,966665460000	0,000182576000	0,000000674000
41,000000000000	0,009178586000	0,966661990000	0,000182628000	0,000000446000
42,000000000000	0,009178771000	0,966708320000	0,000182503000	0,000000882000
43,000000000000	0,009178673000	0,966681580000	0,000182691000	0,000000591000
44,000000000000	0,009179334000	0,966693210000	0,000182628000	0,000000716000
45,000000000000	0,009179031000	0,966662810000	0,000182482000	0,000000809000
46,000000000000	0,009178304000	0,966686890000	0,000182670000	0,000000737000
47,000000000000	0,009177990000	0,966664030000	0,000182681000	0,000000581000
48,000000000000	0,009178228000	0,966661380000	0,000182848000	0,000000737000
49,000000000000	0,009177795000	0,966653210000	0,000182534000	0,000000726000
50,000000000000	0,009177220000	0,966687700000	0,000182618000	0,000000861000
51,000000000000	0,009177502000	0,966668520000	0,000182429000	0,000000581000
52,000000000000	0,009176223000	0,966699130000	0,000182534000	0,000000768000
53,000000000000	0,009176657000	0,966669540000	0,000182722000	0,000000685000
54,000000000000	0,009176375000	0,966649950000	0,000182565000	0,000000612000
55,000000000000	0,009175616000	0,966677300000	0,000182722000	0,000000643000
56,001000000000	0,009176006000	0,966686280000	0,000182838000	0,000000571000
57,000000000000	0,009176212000	0,966658320000	0,000182995000	0,000000726000
58,001000000000	0,009175843000	0,966669130000	0,000182398000	0,000000706000
59,000000000000	0,009175724000	0,966679540000	0,000182241000	0,000000789000
60,000000000000	0,009175399000	0,966695050000	0,000182356000	0,000000861000
61,000000000000	0,009174423000	0,966670360000	0,000182482000	0,000000768000
62,000000000000	0,009175150000	0,966650760000	0,000182995000	0,000000737000
63,000000000000	0,009174944000	0,966679950000	0,000182712000	0,000000560000
64,000000000000	0,009174456000	0,966684640000	0,000182701000	0,000000872000
65,000000000000	0,009173914000	0,966718110000	0,000182335000	0,000000789000
66,000000000000	0,009174402000	0,966673420000	0,000182471000	0,000000540000
67,000000000000	0,009173849000	0,966688320000	0,000182639000	0,000000747000
68,000000000000	0,009174087000	0,966697300000	0,000182429000	0,000000581000
69,000000000000	0,009173469000	0,966702190000	0,000182900000	0,000000892000
70,000000000000	0,009173393000	0,966662600000	0,000182879000	0,000000872000
71,000000000000	0,009173177000	0,966676480000	0,000182387000	0,000000757000
72,000000000000	0,009172732000	0,966686070000	0,000182607000	0,000000809000
73,000000000000	0,009172765000	0,966664230000	0,000182701000	0,000000830000
74,000000000000	0,009172765000	0,966651170000	0,000182408000	0,000000571000
75,000000000000	0,009172342000	0,966685250000	0,000182869000	0,000000861000
76,000000000000	0,009172201000	0,966697700000	0,000183110000	0,000000851000
77,000000000000	0,009171930000	0,966705870000	0,000182534000	0,000000768000
78,000000000000	0,009172038000	0,966677700000	0,000182429000	0,000000757000
79,000000000000	0,009171366000	0,966702600000	0,000182440000	0,000000529000
80,000000000000	0,009171778000	0,966663620000	0,000182858000	0,000000560000
81,000000000000	0,009171106000	0,966684640000	0,000182858000	0,000000654000
82,000000000000	0,009170358000	0,966680560000	0,000182670000	0,000000757000
83,000000000000	0,009170466000	0,966652400000	0,000182764000	0,000000550000
84,000000000000	0,009170369000	0,966645870000	0,000182775000	0,000000540000
85,000000000000	0,009170466000	0,966587090000	0,000182974000	0,000000695000
86,000000000000	0,009169707000	0,966576280000	0,000182523000	0,000000768000
87,000000000000	0,009169989000	0,966580970000	0,000182450000	0,000000726000
88,000000000000	0,009169566000	0,966577700000	0,000182513000	0,000000726000
89,000000000000	0,009168743000	0,966641790000	0,000182440000	0,000000612000
90,000000000000	0,009169165000	0,966595050000	0,000182544000	0,000000726000
91,000000000000	0,009169155000	0,966601580000	0,000182890000	0,000000685000
92,000000000000	0,009169079000	0,966594850000	0,000182670000	0,000000726000
93,000000000000	0,009170022000	0,966611580000	0,000182858000	0,000000664000
94,000000000000	0,009168645000	0,966616680000	0,000182701000	0,000000706000
95,000000000000	0,009168461000	0,966619540000	0,000182900000	0,000000643000
96,000000000000	0,009168244000	0,966664230000	0,000182911000	0,000000778000
97,000000000000	0,009166488000	0,967501170000	0,000182827000	0,000000789000
98,000000000000	0,009165577000	0,968256480000	0,000182670000	0,000000799000
99,000000000000	0,009165566000	0,969031780000	0,000182691000	0,000000560000
100,000000000000	0,009164970000	0,969848720000	0,000182963000	0,000000540000
101,000000000000	0,009164287000	0,970638310000	0,000182942000	0,000000591000
102,000000000000	0,009164048000	0,971369330000	0,000182461000	0,000000809000
103,000000000000	0,009163040000	0,972098510000	0,000182544000	0,000000612000
104,000000000000	0,009162303000	0,972844430000	0,000182733000	0,000000540000
105,000000000000	0,009161501000	0,973550140000	0,000182681000	0,000000685000
106,000000000000	0,009161609000	0,974272790000	0,000182796000	0,000000840000
107,000000000000	0,009160699000	0,974860140000	0,000182461000	0,000000768000
108,000000000000	0,009160872000	0,975039320000	0,000182953000	0,000000685000
109,000000000000	0,009160362000	0,974863000000	0,000182293000	0,000000695000
110,000000000000	0,009160829000	0,974455650000	0,000182649000	0,000000726000
111,000000000000	0,009160124000	0,973961370000	0,000182607000	0,000000674000
112,000000000000	0,009160883000	0,973405240000	0,000182314000	0,000000623000
113,000000000000	0,009160297000	0,972808310000	0,000182419000	0,000000529000
114,000000000000	0,009161295000	0,972129330000	0,000182754000	0,000000757000
115,000000000000	0,009160449000	0,971465250000	0,000182660000	0,000000768000
116,000000000000	0,009161208000	0,970787090000	0,000182565000	0,000000820000
117,000000000000	0,009160915000	0,970019130000	0,000182942000	0,000000913000
118,000000000000	0,009161197000	0,969300560000	0,000182701000	0,000000519000
119,000000000000	0,009160796000	0,968577700000	0,000182858000	0,000000768000
120,000000000000	0,009160991000	0,967848110000	0,000182838000	0,000000706000
121,000000000000	0,009161522000	0,967124440000	0,000182597000	0,000000809000
122,000000000000	0,009161750000	0,966469340000	0,000182461000	0,000000602000
123,000000000000	0,009161230000	0,965799950000	0,000182879000	0,000000695000
124,000000000000	0,009161869000	0,965161180000	0,000182429000	0,000000695000
125,000000000000	0,009161804000	0,964472780000	0,000182660000	0,000000955000
126,000000000000	0,009163062000	0,963864620000	0,000182492000	0,000000737000
127,000000000000	0,009162932000	0,963252170000	0,000182366000	0,000000799000
128,000000000000	0,009164341000	0,962640540000	0,000182387000	0,000000840000
129,000000000000	0,009164222000	0,962094010000	0,000182429000	0,000000789000
130,000000000000	0,009164981000	0,961515230000	0,000182408000	0,000000726000
131,000000000000	0,009165555000	0,961011150000	0,000182806000	0,000000840000
132,000000000000	0,009165761000	0,960532580000	0,000182785000	0,000000757000
133,000000000000	0,009166564000	0,959971560000	0,000182325000	0,000000664000
134,000000000000	0,009167041000	0,959487890000	0,000182440000	0,000000685000
135,000000000000	0,009167561000	0,958980130000	0,000182722000	0,000000654000
136,000000000000	0,009168981000	0,958468090000	0,000182513000	0,000000789000
137,000000000000	0,009169989000	0,957944630000	0,000182157000	0,000000747000
138,000000000000	0,009170997000	0,957447080000	0,000182743000	0,000000882000
139,000000000000	0,009171886000	0,956972380000	0,000181864000	0,000000840000
140,000000000000	0,009173372000	0,956479530000	0,000182461000	0,000000840000
141,000000000000	0,009174965000	0,956003610000	0,000182408000	0,000000737000
142,000000000000	0,009176906000	0,955504420000	0,000182387000	0,000000830000
143,000000000000	0,009178933000	0,955036670000	0,000182555000	0,000000716000
144,000000000000	0,009180277000	0,954568710000	0,000182209000	0,000000706000
145,000000000000	0,009181817000	0,954112360000	0,000182712000	0,000000830000
146,000000000000	0,009183736000	0,953671130000	0,000182492000	0,000000591000
147,000000000000	0,009185470000	0,953214810000	0,000182754000	0,000000685000
148,000000000000	0,009187541000	0,952702970000	0,000182492000	0,000000789000
149,000000000000	0,009188701000	0,952241130000	0,000182649000	0,000000840000
150,000000000000	0,009190479000	0,951794600000	0,000182544000	0,000000716000
151,000000000000	0,009191455000	0,951324810000	0,000182471000	0,000000882000
152,000000000000	0,009193775000	0,950898890000	0,000182555000	0,000000903000
153,000000000000	0,009195010000	0,950460520000	0,000182398000	0,000000249000
154,000000000000	0,009197482000	0,949945630000	0,000182565000	0,000000789000
155,000000000000	0,009200214000	0,949432360000	0,000182325000	0,000000747000
156,000000000000	0,009202643000	0,948968690000	0,000182304000	0,000000965000
157,000000000000	0,009204832000	0,948509920000	0,000182335000	0,000000965000
158,000000000000	0,009206112000	0,948050320000	0,000181895000	0,000000809000
159,000000000000	0,009209180000	0,947521140000	0,000182775000	0,000000789000
160,000000000000	0,009211771000	0,947033800000	0,000182984000	0,000000654000
161,000000000000	0,009214080000	0,946554820000	0,000182073000	0,000000861000
162,000000000000	0,009217495000	0,946016040000	0,000182607000	0,000000861000
163,000000000000	0,009220324000	0,945524000000	0,000182314000	0,000000685000
164,000000000000	0,009224249000	0,945046450000	0,000182136000	0,000000820000
165,000000000000	0,009225289000	0,944549720000	0,000182105000	0,000000706000
166,000000000000	0,009228488000	0,944032580000	0,000182325000	0,000000695000
167,000000000000	0,009231122000	0,943492530000	0,000183068000	0,000000923000
168,000000000000	0,009233702000	0,942911910000	0,000182387000	0,000000664000
169,000000000000	0,009235892000	0,942388040000	0,000181948000	0,000000716000
170,000000000000	0,009239220000	0,941883340000	0,000182471000	0,000000706000
171,000000000000	0,009241649000	0,941335180000	0,000182660000	0,000000633000
172,000000000000	0,009244446000	0,940813140000	0,000182440000	0,000000882000
173,000000000000	0,009245183000	0,940287020000	0,000182544000	0,000000654000
174,000000000000	0,009244370000	0,939727020000	0,000182293000	0,000000591000
175,000000000000	0,009246191000	0,939209270000	0,000182126000	0,000000778000
176,000000000000	0,009249194000	0,938657430000	0,000182701000	0,000000799000
177,000000000000	0,009251601000	0,938115190000	0,000182586000	0,000000809000
178,000000000000	0,009254159000	0,937568040000	0,000182408000	0,000000830000
179,000000000000	0,009256035000	0,937012130000	0,000182503000	0,000000872000
180,000000000000	0,009258918000	0,936473560000	0,000182534000	0,000000716000
181,000000000000	0,009261640000	0,935949880000	0,000182785000	0,000000768000
182,000000000000	0,009263699000	0,935431520000	0,000182503000	0,000000685000
183,000000000000	0,009265542000	0,934899680000	0,000182649000	0,000000623000
184,000000000000	0,009267851000	0,934319070000	0,000182450000	0,000000768000
185,000000000000	0,009270312000	0,933847230000	0,000182398000	0,000000923000
186,000000000000	0,009273109000	0,933329280000	0,000182544000	0,000000623000
187,000000000000	0,009274486000	0,932839040000	0,000182534000	0,000000726000
188,000000000000	0,009277847000	0,932299450000	0,000181958000	0,000000789000
189,000000000000	0,009279310000	0,931752720000	0,000182335000	0,000000716000
190,000000000000	0,009281815000	0,931264960000	0,000182220000	0,000000799000
191,000000000000	0,009283809000	0,930762720000	0,000182188000	0,000000882000
192,000000000000	0,009287008000	0,930228840000	0,000182199000	0,000000851000
193,000000000000	0,009289013000	0,929708840000	0,000182220000	0,000000747000
194,000000000000	0,009290954000	0,929238230000	0,000182356000	0,000000789000
195,000000000000	0,009292948000	0,928723950000	0,000182995000	0,000000757000
196,000000000000	0,009294618000	0,928179460000	0,000182136000	0,000000706000
197,000000000000	0,009297675000	0,927653740000	0,000182346000	0,000000872000
198,000000000000	0,009298857000	0,927185380000	0,000181686000	0,000000685000
199,000000000000	0,009302369000	0,926599260000	0,000182565000	0,000000654000
200,000000000000	0,009303540000	0,926036810000	0,000182377000	0,000000706000
201,000000000000	0,009307855000	0,925448850000	0,000182398000	0,000000726000
202,000000000000	0,009309156000	0,924899050000	0,000181895000	0,000000975000
203,000000000000	0,009310880000	0,924379670000	0,000182398000	0,000000830000
204,000000000000	0,009312343000	0,923852730000	0,000182011000	0,000000851000
205,000000000000	0,009314934000	0,923279460000	0,000182366000	0,000000975000
206,000000000000	0,009316755000	0,922729840000	0,000182178000	0,000000830000
207,000000000000	0,009318783000	0,922229030000	0,000182136000	0,000001276000
208,000000000000	0,009321460000	0,921691070000	0,000181906000	0,000000840000
209,000000000000	0,009324257000	0,921126380000	0,000182523000	0,000000166000
210,000000000000	0,009326361000	0,920613720000	0,000182147000	0,000000840000
211,000000000000	0,009328355000	0,920083930000	0,000182346000	0,000000820000
212,000000000000	0,009330979000	0,919566380000	0,000182251000	0,000000768000
213,000000000000	0,009334589000	0,918978010000	0,000182230000	0,000000789000
214,000000000000	0,009337483000	0,918434950000	0,000182471000	0,000000726000
215,000000000000	0,009339413000	0,917925360000	0,000182534000	0,000000789000
216,000000000000	0,009341126000	0,917384140000	0,000182209000	0,000000643000
217,000000000000	0,009343793000	0,916867610000	0,000182199000	0,000000757000
218,000000000000	0,009346417000	0,916341080000	0,000182251000	0,000000633000
219,000000000000	0,009348910000	0,915787810000	0,000182168000	0,000000809000
220,000000000000	0,009350070000	0,915240880000	0,000182440000	0,000000757000
221,000000000000	0,009352271000	0,914704350000	0,000182126000	0,000000851000
222,000000000000	0,009355252000	0,914173330000	0,000182377000	0,000000851000
223,000000000000	0,009357908000	0,913642920000	0,000182052000	0,000000840000
224,000000000000	0,009360434000	0,913090270000	0,000182115000	0,000000737000
225,000000000000	0,009362082000	0,912578430000	0,000181937000	0,000000882000
226,000000000000	0,009363762000	0,912088400000	0,000182042000	0,000001006000
227,000000000000	0,009366538000	0,911567990000	0,000181948000	0,000000830000
228,000000000000	0,009369063000	0,911034520000	0,000182230000	0,000000778000
229,000000000000	0,009371232000	0,910518200000	0,000182084000	0,000000809000
230,000000000000	0,009373378000	0,909987380000	0,000182147000	0,000000685000
231,000000000000	0,009375731000	0,909447380000	0,000181958000	0,000000768000
232,000000000000	0,009378517000	0,908940240000	0,000182000000	0,000000778000
233,000000000000	0,009380609000	0,908415750000	0,000181780000	0,000000726000
234,000000000000	0,009382983000	0,907882080000	0,000182199000	0,000000757000
235,000000000000	0,009385976000	0,907361880000	0,000181885000	0,000000747000
236,000000000000	0,009388371000	0,906850250000	0,000182178000	0,000000840000
237,000000000000	0,009388458000	0,906313310000	0,000182346000	0,000000654000
238,000000000000	0,009390431000	0,905822080000	0,000182251000	0,000000913000
239,000000000000	0,009392935000	0,905283310000	0,000182011000	0,000000778000
240,000000000000	0,009395526000	0,904769640000	0,000182063000	0,000000799000
241,000000000000	0,009397294000	0,904252700000	0,000182346000	0,000000768000
242,000000000000	0,009400437000	0,903722090000	0,000181969000	0,000000882000
243,000000000000	0,009402096000	0,903206170000	0,000182021000	0,000000799000
244,000000000000	0,009404275000	0,902711070000	0,000182544000	0,000000778000
245,000000000000	0,009406628000	0,902176580000	0,000182021000	0,000000747000
246,000000000000	0,009408937000	0,901634110000	0,000182011000	0,000000757000
247,000000000000	0,009411018000	0,901085130000	0,000182199000	0,000000737000
248,000000000000	0,009414021000	0,900561870000	0,000181948000	0,000000903000
249,000000000000	0,009416049000	0,900092680000	0,000182073000	0,000000685000
250,000000000000	0,009418000000	0,899574930000	0,000181812000	0,000000674000
251,000000000000	0,009421133000	0,899066160000	0,000181812000	0,000000789000
252,000000000000	0,009420905000	0,898585950000	0,000181990000	0,000000706000
253,000000000000	0,009423204000	0,898064120000	0,000182105000	0,000000944000
254,000000000000	0,009425665000	0,897589630000	0,000182126000	0,000000830000
255,000000000000	0,009428852000	0,897049830000	0,000182063000	0,000000913000
256,000000000000	0,009430120000	0,896564320000	0,000181990000	0,000000851000
257,000000000000	0,009432971000	0,896049630000	0,000181948000	0,000000633000
258,000000000000	0,009435237000	0,895520650000	0,000181906000	0,000000789000
259,000000000000	0,009437591000	0,895011260000	0,000182105000	0,000000882000
260,000000000000	0,009439542000	0,894512080000	0,000181644000	0,000000903000
261,000000000000	0,009441981000	0,894015350000	0,000181895000	0,000000944000
262,000000000000	0,009444486000	0,893545760000	0,000181969000	0,000000726000
263,000000000000	0,009447098000	0,893050860000	0,000182105000	0,000000737000
264,000000000000	0,009448996000	0,892553310000	0,000182063000	0,000000747000
265,000000000000	0,009450860000	0,892037390000	0,000182293000	0,000000955000
266,000000000000	0,009453213000	0,891560250000	0,000182105000	0,000000685000
267,000000000000	0,009455760000	0,891058590000	0,000181969000	0,000000830000
268,000000000000	0,009457148000	0,890544910000	0,000182073000	0,000000695000
269,000000000000	0,009459273000	0,890036750000	0,000182052000	0,000000923000
270,000000000000	0,009461365000	0,889547770000	0,000182011000	0,000000892000
271,000000000000	0,009463609000	0,889093080000	0,000182283000	0,000000685000
272,000000000000	0,009465170000	0,888592060000	0,000181948000	0,000000840000
273,000000000000	0,009467989000	0,888091450000	0,000182168000	0,000000965000
274,000000000000	0,009469865000	0,887606960000	0,000181613000	0,000000882000
275,000000000000	0,009471252000	0,887101650000	0,000181979000	0,000000913000
276,000000000000	0,009472965000	0,886626350000	0,000181822000	0,000000882000
277,000000000000	0,009474635000	0,886106550000	0,000181885000	0,000001079000
278,000000000000	0,009477768000	0,885649210000	0,000181560000	0,000000975000
279,000000000000	0,009478982000	0,885201860000	0,000182105000	0,000000840000
280,000000000000	0,009482050000	0,884715530000	0,000182241000	0,000000674000
281,000000000000	0,009483828000	0,884232680000	0,000181916000	0,000000975000
282,000000000000	0,009487167000	0,883747170000	0,000181728000	0,000000747000
283,000000000000	0,009488110000	0,883257580000	0,000181487000	0,000000809000
284,000000000000	0,009490181000	0,882769820000	0,000181885000	0,000000944000
285,000000000000	0,009492479000	0,882305950000	0,000181623000	0,000000882000
286,000000000000	0,009495081000	0,881880230000	0,000181644000	0,000000851000
287,000000000000	0,009497162000	0,881415540000	0,000181581000	0,000000778000
288,000000000000	0,009499385000	0,880936560000	0,000181613000	0,000000789000
289,000000000000	0,009500946000	0,880447120000	0,000181644000	0,000000955000
290,000000000000	0,009500729000	0,879937530000	0,000181508000	0,000000757000
291,000000000000	0,009502876000	0,879492630000	0,000181581000	0,000000934000
292,000000000000	0,009504307000	0,879007330000	0,000181372000	0,000000840000
293,000000000000	0,009506399000	0,878583450000	0,000181613000	0,000000820000
294,000000000000	0,009508220000	0,878093660000	0,000181791000	0,000000623000
295,000000000000	0,009509727000	0,877623860000	0,000181979000	0,000000840000
296,000000000000	0,009512416000	0,877130390000	0,000181623000	0,000000809000
297,000000000000	0,009514801000	0,876678150000	0,000181414000	0,000000789000
298,000000000000	0,009516720000	0,876194070000	0,000181937000	0,000000903000
299,000000000000	0,009518465000	0,875742440000	0,000181498000	0,000000851000
300,000000000000	0,009520915000	0,875301820000	0,000181613000	0,000000861000
301,000000000000	0,009523842000	0,874825090000	0,000181738000	0,000001058000
302,000000000000	0,009525848000	0,874344890000	0,000181581000	0,000001006000
303,000000000000	0,009528352000	0,873873460000	0,000181738000	0,000000975000
304,000000000000	0,009530878000	0,873421620000	0,000181393000	0,000000892000
305,000000000000	0,009532797000	0,872973050000	0,000181518000	0,000000934000
306,000000000000	0,009534477000	0,872478970000	0,000181299000	0,000000892000
307,000000000000	0,009536916000	0,872010400000	0,000182105000	0,000000955000
308,000000000000	0,009539128000	0,871561420000	0,000181665000	0,000000778000
309,000000000000	0,009541849000	0,871107750000	0,000181550000	0,000000965000
310,000000000000	0,009543519000	0,870664480000	0,000181707000	0,000000944000
311,000000000000	0,009546034000	0,870107940000	0,000181696000	0,000000716000
312,000000000000	0,009548180000	0,869529780000	0,000181749000	0,000000861000
313,000000000000	0,009550489000	0,868951210000	0,000181770000	0,000000820000
314,000000000000	0,009552560000	0,868410600000	0,000181456000	0,000000892000
315,000000000000	0,009555953000	0,867828150000	0,000182031000	0,000000830000
316,000000000000	0,009558154000	0,867266320000	0,000181780000	0,000000913000
317,000000000000	0,009558880000	0,866728560000	0,000181518000	0,000000934000
318,000000000000	0,009560929000	0,866247950000	0,000181581000	0,000000737000
319,000000000000	0,009563173000	0,865480400000	0,000181320000	0,000000892000
320,000000000000	0,009567065000	0,864792440000	0,000181843000	0,000000685000
321,000000000000	0,009569342000	0,864103260000	0,000181749000	0,000000757000
322,000000000000	0,009572876000	0,863385710000	0,000181623000	0,000000726000
323,000000000000	0,009575977000	0,862688360000	0,000180943000	0,000000913000
324,000000000000	0,009579110000	0,862025920000	0,000181780000	0,000000903000
325,000000000000	0,009581874000	0,861416940000	0,000181382000	0,000000923000
326,000000000000	0,009585625000	0,860738370000	0,000181801000	0,000000913000
327,000000000000	0,009588466000	0,860093270000	0,000181550000	0,000000768000
328,000000000000	0,009591707000	0,859395280000	0,000181508000	0,000000955000
329,000000000000	0,009593474000	0,858788750000	0,000181655000	0,000000861000
330,000000000000	0,009596922000	0,858106710000	0,000181812000	0,000000789000
331,000000000000	0,009600445000	0,857452220000	0,000181717000	0,000000778000
332,001000000000	0,009603513000	0,856772830000	0,000181707000	0,000000892000
333,000000000000	0,009606462000	0,856128960000	0,000181257000	0,000001017000
334,000000000000	0,009608316000	0,855493650000	0,000181592000	0,000000799000
335,000000000000	0,009610787000	0,854868960000	0,000181487000	0,000000809000
336,000000000000	0,009613628000	0,854233860000	0,000181581000	0,000000965000
337,000000000000	0,009616750000	0,853622020000	0,000181602000	0,000000789000
338,000000000000	0,009620490000	0,852952840000	0,000180828000	0,000000913000
339,000000000000	0,009623428000	0,852348550000	0,000181382000	0,000000965000
340,000000000000	0,009626843000	0,851682640000	0,000181487000	0,000000643000
341,000000000000	0,009630171000	0,851022640000	0,000181299000	0,000000685000
342,000000000000	0,009632307000	0,850404270000	0,000181812000	0,000000934000
343,000000000000	0,009636697000	0,849757330000	0,000180995000	0,000000923000
344,000000000000	0,009639256000	0,849126680000	0,000181445000	0,000000955000
345,000000000000	0,009641739000	0,848475250000	0,000181592000	0,000001027000
346,000000000000	0,009645901000	0,847818110000	0,000181068000	0,000001048000
347,000000000000	0,009647636000	0,847244240000	0,000181665000	0,000000737000
348,000000000000	0,009649501000	0,846599540000	0,000181414000	0,000000654000
349,000000000000	0,009652645000	0,845996280000	0,000181738000	0,000000872000
350,000000000000	0,009656233000	0,845346690000	0,000181539000	0,000000882000
351,000000000000	0,009659160000	0,844701590000	0,000181655000	0,000000882000
352,000000000000	0,009662521000	0,844101590000	0,000181518000	0,000000768000
353,000000000000	0,009664906000	0,843499550000	0,000181550000	0,000000851000
354,000000000000	0,009667182000	0,842874240000	0,000181320000	0,000000882000
355,000000000000	0,009669947000	0,842276490000	0,000181403000	0,000000757000
356,000000000000	0,009673481000	0,841685470000	0,000181477000	0,000001006000
357,000000000000	0,009677102000	0,841031180000	0,000181791000	0,000000923000
358,000000000000	0,009680083000	0,840415270000	0,000181456000	0,000000851000
359,000000000000	0,009683162000	0,839820370000	0,000181456000	0,000000789000
360,000000000000	0,009685916000	0,839213430000	0,000181560000	0,000000903000
361,000000000000	0,009686707000	0,838576870000	0,000181477000	0,000000840000
362,000000000000	0,009690382000	0,837961160000	0,000181550000	0,000000851000
363,000000000000	0,009693331000	0,837366870000	0,000181623000	0,000000768000
364,000000000000	0,009696573000	0,836740140000	0,000181456000	0,000001006000
365,000000000000	0,009698654000	0,836150550000	0,000181571000	0,000000903000
366,000000000000	0,009701386000	0,835521370000	0,000181372000	0,000000975000
367,000000000000	0,009702904000	0,834937900000	0,000181361000	0,000000799000
368,000000000000	0,009705733000	0,834404020000	0,000181183000	0,000000892000
369,000000000000	0,009707858000	0,833765860000	0,000181267000	0,000000975000
370,000000000000	0,009710894000	0,833162190000	0,000181518000	0,000000934000
371,000000000000	0,009713008000	0,832579530000	0,000181246000	0,000000716000
372,000000000000	0,009716260000	0,831964430000	0,000181372000	0,000000685000
373,000000000000	0,009719144000	0,831390960000	0,000181225000	0,000000747000
374,000000000000	0,009722797000	0,830761580000	0,000181246000	0,000000944000
375,000000000000	0,009725605000	0,830157290000	0,000181372000	0,000000768000
376,000000000000	0,009729757000	0,829568520000	0,000181571000	0,000000955000
377,000000000000	0,009731969000	0,828985050000	0,000181110000	0,000000809000
378,000000000000	0,009735405000	0,828379740000	0,000181330000	0,000000757000
379,000000000000	0,009739167000	0,827801760000	0,000181278000	0,000000706000
380,000000000000	0,009740826000	0,827274210000	0,000181696000	0,000000965000
381,000000000000	0,009743840000	0,826656460000	0,000181278000	0,000000654000
382,000000000000	0,009747005000	0,826065850000	0,000181163000	0,000000965000
383,000000000000	0,009747916000	0,825507480000	0,000180765000	0,000000892000
384,000000000000	0,009751981000	0,824929730000	0,000181215000	0,000000944000
385,000000000000	0,009755613000	0,824397280000	0,000181435000	0,000001017000
386,000000000000	0,009758421000	0,823821770000	0,000180493000	0,000000913000
387,000000000000	0,009759938000	0,823227490000	0,000181016000	0,000001017000
388,000000000000	0,009762324000	0,822645240000	0,000181508000	0,000000571000
389,000000000000	0,009766020000	0,822087490000	0,000181037000	0,000000830000
390,000000000000	0,009768828000	0,821527280000	0,000181414000	0,000000799000
391,000000000000	0,009771311000	0,820940350000	0,000181340000	0,000000799000
392,000000000000	0,009775560000	0,820351570000	0,000180985000	0,000000789000
393,000000000000	0,009778520000	0,819830960000	0,000181372000	0,000000955000
394,000000000000	0,009781610000	0,819242800000	0,000181634000	0,000000840000
395,000000000000	0,009782987000	0,818674430000	0,000180807000	0,000000789000
396,000000000000	0,009786271000	0,818087090000	0,000180985000	0,000000882000
397,000000000000	0,009787908000	0,817508680000	0,000181424000	0,000000768000
398,000000000000	0,009791399000	0,816962150000	0,000181340000	0,000000809000
399,000000000000	0,009793979000	0,816370520000	0,000181016000	0,000000923000
400,000000000000	0,009796581000	0,815801130000	0,000181152000	0,000000799000
401,000000000000	0,009799443000	0,815265210000	0,000180838000	0,000000861000
402,000000000000	0,009803010000	0,814733580000	0,000181058000	0,000000789000
403,000000000000	0,009804788000	0,814160720000	0,000181477000	0,000000757000
404,000000000000	0,009808712000	0,813598070000	0,000181026000	0,000000955000
405,000000000000	0,009810685000	0,813070730000	0,000180733000	0,000000809000
406,000000000000	0,009812637000	0,812522970000	0,000181163000	0,000000799000
407,000000000000	0,009815466000	0,811974810000	0,000181163000	0,000000778000
408,000000000000	0,009818675000	0,811396440000	0,000181508000	0,000000643000
409,000000000000	0,009821017000	0,810836240000	0,000180985000	0,000000923000
410,000000000000	0,009822188000	0,810308690000	0,000181152000	0,000000695000
411,000000000000	0,009824855000	0,809765220000	0,000181403000	0,000000685000
412,000000000000	0,009827847000	0,809179300000	0,000181403000	0,000000623000
413,000000000000	0,009829560000	0,808678390000	0,000181163000	0,000000851000
414,000000000000	0,009832498000	0,808125630000	0,000180869000	0,000000996000
415,000000000000	0,009835696000	0,807594000000	0,000180922000	0,000000757000
416,000000000000	0,009837213000	0,807036430000	0,000181225000	0,000000872000
417,000000000000	0,009840824000	0,806492760000	0,000180985000	0,000000654000
418,000000000000	0,009843263000	0,805939290000	0,000181278000	0,000000975000
419,000000000000	0,009845323000	0,805425620000	0,000181288000	0,000000892000
420,000000000000	0,009848878000	0,804839290000	0,000181424000	0,000000892000
421,000000000000	0,009851285000	0,804315620000	0,000181183000	0,000000799000
422,000000000000	0,009854472000	0,803835410000	0,000181414000	0,000000809000
423,000000000000	0,009858137000	0,803283580000	0,000181215000	0,000000809000
424,000000000000	0,009861183000	0,802769290000	0,000181236000	0,000000747000
425,000000000000	0,009863395000	0,802215210000	0,000181058000	0,000000820000
426,000000000000	0,009866018000	0,801695620000	0,000181005000	0,000000778000
427,000000000000	0,009868457000	0,801183790000	0,000181382000	0,000001069000
428,000000000000	0,009870810000	0,800667870000	0,000181079000	0,000001141000
429,000000000000	0,009874160000	0,800147260000	0,000181183000	0,000000913000
430,000000000000	0,009876480000	0,799581130000	0,000181058000	0,000000789000
431,000000000000	0,009878670000	0,799083180000	0,000181257000	0,000000975000
432,000000000000	0,009881868000	0,798554200000	0,000180995000	0,000001069000
433,000000000000	0,009883526000	0,798021340000	0,000181163000	0,000000747000
434,000000000000	0,009886985000	0,797484200000	0,000181183000	0,000000737000
435,000000000000	0,009889511000	0,797012570000	0,000181131000	0,000000965000
436,000000000000	0,009892947000	0,796483740000	0,000181194000	0,000000861000
437,000000000000	0,009895842000	0,795959050000	0,000180828000	0,000000986000
438,000000000000	0,009897945000	0,795429870000	0,000180859000	0,000001006000
439,000000000000	0,009901360000	0,794924560000	0,000180890000	0,000000944000
440,000000000000	0,009904027000	0,794394770000	0,000180922000	0,000000674000
441,000000000000	0,009907019000	0,793911090000	0,000181267000	0,000001017000
442,000000000000	0,009908992000	0,793399870000	0,000181183000	0,000000789000
443,000000000000	0,009911919000	0,792857420000	0,000180670000	0,000000540000
444,000000000000	0,009914770000	0,792384770000	0,000181079000	0,000000820000
445,000000000000	0,009917611000	0,791865990000	0,000181173000	0,000000934000
446,000000000000	0,009920462000	0,791339060000	0,000181016000	0,000001121000
447,000000000000	0,009923422000	0,790830280000	0,000180932000	0,000000861000
448,000000000000	0,009923899000	0,790373140000	0,000180817000	0,000001058000
449,000000000000	0,009927205000	0,789851300000	0,000181037000	0,000000695000
450,000000000000	0,009929005000	0,789320690000	0,000181351000	0,000000986000
451,000000000000	0,009929861000	0,788817020000	0,000180775000	0,000000923000
452,000000000000	0,009932864000	0,788344570000	0,000181110000	0,000000820000
453,000000000000	0,009935954000	0,787864780000	0,000181194000	0,000001079000
454,000000000000	0,009938935000	0,787291310000	0,000181152000	0,000000923000
455,000000000000	0,009941797000	0,786866000000	0,000180943000	0,000000955000
456,000000000000	0,009945505000	0,786339660000	0,000180911000	0,000000768000
457,000000000000	0,009947630000	0,785814550000	0,000180880000	0,000000591000
458,000000000000	0,009949939000	0,785284760000	0,000181236000	0,000000747000
459,000000000000	0,009952953000	0,784800470000	0,000181005000	0,000000944000
460,000000000000	0,009955424000	0,784311900000	0,000180964000	0,000000913000
461,000000000000	0,009958633000	0,783839460000	0,000180838000	0,000000757000
462,000000000000	0,009960812000	0,783367620000	0,000181225000	0,000000913000
463,000000000000	0,009962677000	0,782844350000	0,000180367000	0,000001224000
464,000000000000	0,009966211000	0,782370480000	0,000181183000	0,000001017000
465,000000000000	0,009970179000	0,781892720000	0,000180691000	0,000000965000
466,000000000000	0,009971621000	0,781405170000	0,000181058000	0,000000778000
467,000000000000	0,009974949000	0,780684560000	0,000180670000	0,000000934000
468,000000000000	0,009978895000	0,779861710000	0,000181204000	0,000001058000
469,000000000000	0,009981822000	0,779101910000	0,000181058000	0,000000861000
470,000000000000	0,009983925000	0,778369260000	0,000180796000	0,000000882000
471,000000000000	0,009987243000	0,777575180000	0,000180943000	0,000000861000
472,000000000000	0,009990896000	0,776842120000	0,000180587000	0,000000830000
473,000000000000	0,009994691000	0,776171100000	0,000180419000	0,000000726000
474,000000000000	0,009998507000	0,775431880000	0,000180807000	0,000001131000
475,000000000000	0,010002702000	0,774728410000	0,000181173000	0,000001006000
476,000000000000	0,010006767000	0,774014740000	0,000180890000	0,000000840000
477,000000000000	0,010009499000	0,773330450000	0,000180953000	0,000000861000
478,000000000000	0,010013034000	0,772646780000	0,000180953000	0,000000840000
479,000000000000	0,010017175000	0,771890050000	0,000181110000	0,000000965000
480,000000000000	0,010021631000	0,771180450000	0,000180932000	0,000000861000
481,000000000000	0,010025501000	0,770519230000	0,000180786000	0,000000840000
482,000000000000	0,010029165000	0,769806580000	0,000181068000	0,000000861000
483,000000000000	0,010032363000	0,769138210000	0,000180754000	0,000000861000
484,000000000000	0,010036754000	0,768388830000	0,000180587000	0,000000757000
485,000000000000	0,010039301000	0,767690660000	0,000180796000	0,000000799000
486,000000000000	0,010042250000	0,767019640000	0,000181079000	0,000000820000
487,000000000000	0,010045383000	0,766349650000	0,000180786000	0,000000851000
488,000000000000	0,010050815000	0,765620870000	0,000180796000	0,000001048000
489,001000000000	0,010054381000	0,764950830000	0,000180608000	0,000000892000
490,000000000000	0,010058458000	0,764253490000	0,000180681000	0,000000757000
491,000000000000	0,010062675000	0,763570430000	0,000180807000	0,000001027000
492,000000000000	0,010066090000	0,762901040000	0,000180545000	0,000000674000
493,000000000000	0,010069461000	0,762241860000	0,000180890000	0,000000872000
494,000000000000	0,010073917000	0,761567780000	0,000180796000	0,000000934000
495,000000000000	0,010077495000	0,760870230000	0,000180869000	0,000000923000
496,000000000000	0,010081766000	0,760177370000	0,000180702000	0,000000726000
497,000000000000	0,010085994000	0,759525740000	0,000180786000	0,000001162000
498,000000000000	0,010090027000	0,758839000000	0,000181435000	0,000000851000
499,000000000000	0,010093225000	0,758164920000	0,000180304000	0,000000830000
500,000000000000	0,010098938000	0,757478390000	0,000180754000	0,000000934000
501,000000000000	0,010101020000	0,756854720000	0,000180660000	0,000000903000
502,000000000000	0,010104033000	0,756195740000	0,000180890000	0,000000840000
503,000000000000	0,010107351000	0,755518800000	0,000180377000	0,000000903000
504,000000000000	0,010109898000	0,754841440000	0,000181016000	0,000000851000
505,000000000000	0,010113183000	0,754167970000	0,000180964000	0,000000934000
506,000000000000	0,010116360000	0,753499600000	0,000180869000	0,000000934000
507,000000000000	0,010121531000	0,752848580000	0,000180828000	0,000000882000
508,000000000000	0,010124165000	0,752261030000	0,000180199000	0,000001193000
509,000000000000	0,010127591000	0,751566550000	0,000180472000	0,000000840000
510,000000000000	0,010131136000	0,750901040000	0,000180650000	0,000000882000
511,000000000000	0,010134735000	0,750277770000	0,000180995000	0,000000996000
512,000000000000	0,010137771000	0,749637770000	0,000180513000	0,000001048000
513,000000000000	0,010141739000	0,748976750000	0,000180639000	0,000000830000
514,000000000000	0,010146639000	0,748357770000	0,000180524000	0,000001048000
515,000000000000	0,010149371000	0,747728180000	0,000180524000	0,000000809000
516,000000000000	0,010152309000	0,747098700000	0,000180869000	0,000000882000
517,000000000000	0,010156537000	0,746437170000	0,000180702000	0,000000799000
518,000000000000	0,010159789000	0,745793080000	0,000180869000	0,000000695000
519,000000000000	0,010163627000	0,745135330000	0,000180744000	0,000000757000
520,000000000000	0,010166998000	0,744517370000	0,000180660000	0,000000830000
521,000000000000	0,010171400000	0,743862840000	0,000181016000	0,000000778000
522,000000000000	0,010176278000	0,743228150000	0,000180744000	0,000000789000
523,000000000000	0,010179205000	0,742644680000	0,000180650000	0,000000799000
524,000000000000	0,010181829000	0,741993050000	0,000180419000	0,000000975000
525,000000000000	0,010185645000	0,741389790000	0,000180513000	0,000000955000
526,000000000000	0,010190035000	0,740728360000	0,000180283000	0,000000975000
527,000000000000	0,010192670000	0,740121620000	0,000180629000	0,000000872000
528,000000000000	0,010196258000	0,739534890000	0,000180587000	0,000001038000
529,000000000000	0,010199771000	0,738914480000	0,000180587000	0,000000892000
530,000000000000	0,010202394000	0,738272650000	0,000180660000	0,000000913000
531,000000000000	0,010207576000	0,737643870000	0,000180555000	0,000000934000
532,000000000000	0,010210883000	0,737061630000	0,000180503000	0,000000861000
533,000000000000	0,010214124000	0,736434490000	0,000180451000	0,000001027000
534,000000000000	0,010218493000	0,735842040000	0,000180273000	0,000000955000
535,000000000000	0,010221073000	0,735193670000	0,000180838000	0,000000955000
536,000000000000	0,010225009000	0,734618570000	0,000180545000	0,000000996000
537,000000000000	0,010229215000	0,733991390000	0,000180503000	0,000001017000
538,000000000000	0,010232066000	0,733388130000	0,000180210000	0,000000923000
539,000000000000	0,010235633000	0,732761190000	0,000180555000	0,000000799000
540,000000000000	0,010238842000	0,732167510000	0,000180325000	0,000001017000
541,000000000000	0,010242571000	0,731582210000	0,000180534000	0,000000809000
542,000000000000	0,010244046000	0,731003230000	0,000180723000	0,000000757000
543,000000000000	0,010247580000	0,730387720000	0,000180315000	0,000000789000
544,000000000000	0,010250344000	0,729820170000	0,000180482000	0,000000851000
545,000000000000	0,010254399000	0,729203230000	0,000180315000	0,000000861000
546,000000000000	0,010257640000	0,728663440000	0,000180419000	0,000000861000
547,000000000000	0,010261966000	0,728025680000	0,000180053000	0,000000934000
548,000000000000	0,010265869000	0,727424660000	0,000180262000	0,000000820000
549,000000000000	0,010269468000	0,726851200000	0,000180273000	0,000000955000
550,000000000000	0,010273891000	0,726256710000	0,000180377000	0,000000923000
551,000000000000	0,010277468000	0,725675280000	0,000180472000	0,000000872000
552,000000000000	0,010281154000	0,725069970000	0,000180545000	0,000000892000
553,000000000000	0,010284678000	0,724508340000	0,000179980000	0,000001287000
554,000000000000	0,010289166000	0,723936510000	0,000180377000	0,000001027000
555,000000000000	0,010293025000	0,723345890000	0,000180168000	0,000000840000
556,000000000000	0,010295833000	0,722772210000	0,000180524000	0,000000809000
557,000000000000	0,010300256000	0,722173230000	0,000180639000	0,000000861000
558,000000000000	0,010304354000	0,721619560000	0,000180147000	0,000001027000
559,000000000000	0,010306447000	0,721013030000	0,000180587000	0,000000892000
560,000000000000	0,010307997000	0,720424260000	0,000180555000	0,000000840000
561,000000000000	0,010311358000	0,719879770000	0,000180304000	0,000000861000
562,000000000000	0,010315954000	0,719356910000	0,000180828000	0,000000903000
563,000000000000	0,010319282000	0,718776100000	0,000180231000	0,000000965000
564,000000000000	0,010323369000	0,718197120000	0,000180597000	0,000000934000
565,000000000000	0,010326860000	0,717592220000	0,000180304000	0,000000986000
566,000000000000	0,010330319000	0,717048140000	0,000180503000	0,000001006000
567,000000000000	0,010333116000	0,716494670000	0,000179906000	0,000000955000
568,000000000000	0,010336737000	0,715891610000	0,000180283000	0,000000840000
569,000000000000	0,010338558000	0,715335080000	0,000180723000	0,000000664000
570,000000000000	0,010341225000	0,714782630000	0,000180660000	0,000001006000
571,000000000000	0,010343870000	0,714255490000	0,000180555000	0,000000944000
572,000000000000	0,010347545000	0,713724880000	0,000180964000	0,000000789000
573,000000000000	0,010351285000	0,713133660000	0,000180220000	0,000001048000
574,000000000000	0,010355253000	0,712577090000	0,000180273000	0,000000986000
575,000000000000	0,010357540000	0,712050760000	0,000180524000	0,000000903000
576,000000000000	0,010361497000	0,711507700000	0,000180398000	0,000000944000
577,000000000000	0,010365801000	0,710955250000	0,000180388000	0,000001017000
578,000000000000	0,010368219000	0,710398720000	0,000180419000	0,000000840000
579,000000000000	0,010371970000	0,709838930000	0,000181058000	0,000000820000
580,000000000000	0,010374583000	0,709299340000	0,000180398000	0,000000913000
581,000000000000	0,010377304000	0,708747910000	0,000180451000	0,000000892000
582,000000000000	0,010380697000	0,708235260000	0,000180493000	0,000001224000
583,000000000000	0,010384340000	0,707702190000	0,000180566000	0,000001027000
584,000000000000	0,010385933000	0,707181180000	0,000180220000	0,000000955000
585,000000000000	0,010388481000	0,706631990000	0,000180608000	0,000000674000
586,000000000000	0,010391527000	0,706096480000	0,000180451000	0,000000934000
587,000000000000	0,010395332000	0,705566480000	0,000180670000	0,000001090000
588,000000000000	0,010399257000	0,704992810000	0,000180576000	0,000000944000
589,000000000000	0,010401956000	0,704478930000	0,000180220000	0,000000674000
590,000000000000	0,010405599000	0,703939140000	0,000180461000	0,000000799000
591,000000000000	0,010409989000	0,703406280000	0,000180126000	0,000000923000
592,000000000000	0,010413220000	0,702872000000	0,000180712000	0,000000965000
593,000000000000	0,010416429000	0,702367670000	0,000180147000	0,000001038000
594,000000000000	0,010420581000	0,701769920000	0,000180168000	0,000000892000
595,000000000000	0,010424202000	0,701235430000	0,000180534000	0,000000913000
596,000000000000	0,010427628000	0,700728490000	0,000180545000	0,000000840000
597,000000000000	0,010430403000	0,700242780000	0,000180482000	0,000001058000
598,000000000000	0,010434555000	0,699698900000	0,000180754000	0,000001006000
599,000000000000	0,010438892000	0,699222370000	0,000180325000	0,000000757000
600,000000000000	0,010441244000	0,698704620000	0,000180137000	0,000000872000
601,000000000000	0,010445201000	0,698178290000	0,000180126000	0,000001110000
602,000000000000	0,010447228000	0,697619310000	0,000180377000	0,000001079000
603,000000000000	0,010449754000	0,697105640000	0,000180273000	0,000001017000
604,000000000000	0,010452747000	0,696619310000	0,000180220000	0,000000975000
605,000000000000	0,010454796000	0,696108700000	0,000180356000	0,000001069000
606,000000000000	0,010458980000	0,695570950000	0,000180210000	0,000001079000
607,000000000000	0,010463046000	0,695045640000	0,000180084000	0,000000737000
608,000000000000	0,010466428000	0,694542790000	0,000180524000	0,000000923000
609,000000000000	0,010469431000	0,694048300000	0,000180670000	0,000000986000
610,001000000000	0,010470905000	0,693549930000	0,000180493000	0,000000955000
611,001000000000	0,010474841000	0,693031770000	0,000180398000	0,000001131000
612,000000000000	0,010477594000	0,692540140000	0,000179728000	0,000000975000
613,000000000000	0,010480988000	0,692025430000	0,000180084000	0,000000986000
614,000000000000	0,010484966000	0,691526250000	0,000180409000	0,000001017000
615,000000000000	0,010488048000	0,691028290000	0,000180147000	0,000000789000
616,000000000000	0,010491463000	0,690501350000	0,000180210000	0,000000892000
617,000000000000	0,010495778000	0,690004820000	0,000180482000	0,000000944000
618,000000000000	0,010499453000	0,689486250000	0,000180430000	0,000000955000
619,000000000000	0,010502358000	0,688997070000	0,000180513000	0,000000934000
620,000000000000	0,010505014000	0,688479930000	0,000180304000	0,000000944000
621,000000000000	0,010507725000	0,687986050000	0,000180346000	0,000001006000
622,000000000000	0,010510988000	0,687482790000	0,000180084000	0,000000830000
623,000000000000	0,010514316000	0,686975650000	0,000180084000	0,000000996000
624,000000000000	0,010516950000	0,686510540000	0,000180294000	0,000000809000
625,000000000000	0,010520517000	0,686035850000	0,000179739000	0,000000892000
626,000000000000	0,010523368000	0,685572990000	0,000180273000	0,000000747000
627,000000000000	0,010527434000	0,685057480000	0,000180315000	0,000000986000
628,000000000000	0,010531803000	0,684547890000	0,000179885000	0,000000923000
629,000000000000	0,010533342000	0,684061360000	0,000180042000	0,000000903000
630,000000000000	0,010537407000	0,683576870000	0,000180346000	0,000001017000
631,000000000000	0,010539760000	0,683081160000	0,000180346000	0,000000737000
632,000000000000	0,010542936000	0,682558300000	0,000180042000	0,000001048000
633,000000000000	0,010546514000	0,682088510000	0,000180021000	0,000000913000
634,000000000000	0,010550677000	0,681584840000	0,000180241000	0,000000851000
635,000000000000	0,010553430000	0,681134190000	0,000179770000	0,000000934000
636,000000000000	0,010556488000	0,680635000000	0,000180241000	0,000000965000
637,000000000000	0,010559003000	0,680139290000	0,000180189000	0,000000923000
638,000000000000	0,010561930000	0,679704190000	0,000180032000	0,000000944000
639,000000000000	0,010564488000	0,679235000000	0,000180011000	0,000001006000
640,000000000000	0,010568250000	0,678736840000	0,000180241000	0,000000986000
641,000000000000	0,010571828000	0,678246430000	0,000180231000	0,000000851000
642,000000000000	0,010574972000	0,677819290000	0,000179948000	0,000000882000
643,000000000000	0,010579807000	0,677314800000	0,000180356000	0,000001069000
644,000000000000	0,010585357000	0,676808480000	0,000180158000	0,000001048000
645,000000000000	0,010588707000	0,676323170000	0,000180241000	0,000000747000
646,000000000000	0,010593445000	0,675849910000	0,000180126000	0,000001006000
647,000000000000	0,010595635000	0,675406640000	0,000180021000	0,000000923000
648,000000000000	0,010599190000	0,674956030000	0,000179896000	0,000001027000
649,000000000000	0,010603147000	0,674442970000	0,000179969000	0,000000706000
650,000000000000	0,010605912000	0,674043380000	0,000179917000	0,000000975000
651,000000000000	0,010610335000	0,673571540000	0,000180021000	0,000001183000
652,000000000000	0,010612276000	0,673046030000	0,000179980000	0,000000903000
653,000000000000	0,010616970000	0,672469910000	0,000179613000	0,000000747000
654,000000000000	0,010621675000	0,671896240000	0,000179980000	0,000000955000
655,000000000000	0,010625285000	0,671357060000	0,000179791000	0,000000923000
656,000000000000	0,010628656000	0,670822730000	0,000180095000	0,000000882000
657,000000000000	0,010633470000	0,670246410000	0,000180220000	0,000000975000
658,000000000000	0,010636906000	0,669711920000	0,000179969000	0,000000913000
659,000000000000	0,010640419000	0,669175390000	0,000179990000	0,000000934000
660,000000000000	0,010643281000	0,668642120000	0,000180116000	0,000000789000
661,000000000000	0,010647986000	0,668099470000	0,000179791000	0,000001173000
662,000000000000	0,010651011000	0,667606820000	0,000180126000	0,000001006000
663,000000000000	0,010653613000	0,667054370000	0,000179854000	0,000000923000
664,000000000000	0,010657635000	0,666581510000	0,000179362000	0,000000903000
665,000000000000	0,010662437000	0,666035190000	0,000179917000	0,000001162000
666,000000000000	0,010666687000	0,665346820000	0,000179770000	0,000001006000
667,000000000000	0,010670427000	0,664666310000	0,000179917000	0,000000955000
668,000000000000	0,010675295000	0,663995190000	0,000179938000	0,000000872000
669,000000000000	0,010679718000	0,663394170000	0,000179938000	0,000001090000
670,000000000000	0,010683642000	0,662726420000	0,000180210000	0,000001069000
671,000000000000	0,010687339000	0,662108050000	0,000179969000	0,000000757000
672,000000000000	0,010692835000	0,661450910000	0,000179781000	0,000000768000
673,000000000000	0,010696099000	0,660819690000	0,000180220000	0,000001048000
674,000000000000	0,010701248000	0,660119450000	0,000179990000	0,000000830000
675,000000000000	0,010705693000	0,659524350000	0,000179728000	0,000001038000
676,000000000000	0,010709368000	0,658891900000	0,000180116000	0,000000975000
677,000000000000	0,010712935000	0,658260270000	0,000180398000	0,000000975000
678,000000000000	0,010718041000	0,657617820000	0,000179917000	0,000000986000
679,000000000000	0,010721651000	0,656985580000	0,000179770000	0,000000944000
680,000000000000	0,010725716000	0,656371500000	0,000180126000	0,000000955000
681,000000000000	0,010730150000	0,655753340000	0,000180095000	0,000000996000
682,000000000000	0,010735755000	0,655090280000	0,000180042000	0,000001006000
683,000000000000	0,010739333000	0,654430890000	0,000180011000	0,000000820000
684,000000000000	0,010743355000	0,653833340000	0,000179697000	0,000001038000
685,000000000000	0,010746661000	0,653267420000	0,000179980000	0,000001297000
686,000000000000	0,010750683000	0,652666400000	0,000179477000	0,000000903000
687,000000000000	0,010754597000	0,652058850000	0,000179550000	0,000001090000
688,000000000000	0,010758445000	0,651471300000	0,000179603000	0,000000861000
689,000000000000	0,010761915000	0,650916200000	0,000180021000	0,000001058000
690,000000000000	0,010766013000	0,650302530000	0,000180084000	0,000000716000
691,000000000000	0,010770685000	0,649693110000	0,000179592000	0,000000851000
692,000000000000	0,010774729000	0,649112300000	0,000179707000	0,000000809000
693,000000000000	0,010778057000	0,648514130000	0,000179655000	0,000001048000
694,000000000000	0,010783087000	0,647940460000	0,000179812000	0,000001162000
695,000000000000	0,010787434000	0,647360050000	0,000179791000	0,000000623000
696,000000000000	0,010791175000	0,646739240000	0,000179676000	0,000001193000
697,000000000000	0,010795034000	0,646178220000	0,000179686000	0,000000892000
698,000000000000	0,010799219000	0,645613530000	0,000179446000	0,000001038000
699,000000000000	0,010804043000	0,644983530000	0,000179603000	0,000001090000
700,000000000000	0,010807057000	0,644410870000	0,000179917000	0,000000923000
701,000000000000	0,010811914000	0,643839040000	0,000179823000	0,000000934000
702,000000000000	0,010815816000	0,643279240000	0,000179383000	0,000001038000
703,000000000000	0,010819925000	0,642647000000	0,000179194000	0,000000789000
704,000000000000	0,010824110000	0,642055370000	0,000179393000	0,000001048000
705,000000000000	0,010828186000	0,641521900000	0,000179697000	0,000000851000
706,000000000000	0,010831926000	0,640964960000	0,000179341000	0,000000965000
707,000000000000	0,010835948000	0,640400270000	0,000179781000	0,000000944000
708,000000000000	0,010839959000	0,639817820000	0,000179069000	0,000001006000
709,000000000000	0,010843591000	0,639262070000	0,000179697000	0,000000986000
710,000000000000	0,010848090000	0,638684110000	0,000180116000	0,000001287000
711,000000000000	0,010851418000	0,638140230000	0,000179760000	0,000000934000
712,000000000000	0,010856698000	0,637557990000	0,000179854000	0,000000747000
713,000000000000	0,010859929000	0,637013500000	0,000179592000	0,000000965000
714,000000000000	0,010865317000	0,636450030000	0,000179665000	0,000001017000
715,000000000000	0,010867637000	0,635909830000	0,000179665000	0,000000996000
716,000000000000	0,010871821000	0,635363300000	0,000180032000	0,000001079000
717,000000000000	0,010875930000	0,634818200000	0,000179624000	0,000000996000
718,000000000000	0,010879540000	0,634294930000	0,000180000000	0,000001100000
719,000000000000	0,010883790000	0,633704930000	0,000179498000	0,000001183000
720,000000000000	0,010887682000	0,633166360000	0,000179383000	0,000001100000
721,000000000000	0,010892614000	0,632631060000	0,000179749000	0,000000996000
722,000000000000	0,010894360000	0,632065950000	0,000179917000	0,000001006000
723,000000000000	0,010898273000	0,631530240000	0,000179854000	0,000001048000
724,000000000000	0,010903087000	0,630972890000	0,000179833000	0,000000903000
725,000000000000	0,010906339000	0,630439020000	0,000179969000	0,000000975000
726,000000000000	0,010910838000	0,629875960000	0,000179697000	0,000001006000
727,000000000000	0,010915478000	0,629382280000	0,000179760000	0,000001027000
728,000000000000	0,010919316000	0,628872460000	0,000179707000	0,000000955000
729,000000000000	0,010923544000	0,628328990000	0,000179990000	0,000000996000
730,000000000000	0,010926232000	0,627792050000	0,000179697000	0,000001235000
731,000000000000	0,010929994000	0,627298180000	0,000179885000	0,000001193000
732,000000000000	0,010934201000	0,626749400000	0,000180021000	0,000000975000
733,000000000000	0,010938743000	0,626212060000	0,000179686000	0,000000965000
734,000000000000	0,010941800000	0,625685730000	0,000179718000	0,000000830000
735,000000000000	0,010945529000	0,625160830000	0,000179917000	0,000000872000
736,000000000000	0,010948532000	0,624678790000	0,000179927000	0,000000830000
737,000000000000	0,010952674000	0,624094300000	0,000179707000	0,000001027000
738,000000000000	0,010956750000	0,623579410000	0,000179686000	0,000000934000
739,000000000000	0,010960718000	0,623042260000	0,000180000000	0,000000944000
740,000000000000	0,010964978000	0,622550020000	0,000179069000	0,000001038000
741,000000000000	0,010967884000	0,622038590000	0,000179477000	0,000000996000
742,000000000000	0,010972762000	0,621507780000	0,000179519000	0,000001027000
743,000000000000	0,010976622000	0,620979610000	0,000180262000	0,000000965000
744,000000000000	0,010981023000	0,620474720000	0,000180021000	0,000001183000
745,000000000000	0,010984004000	0,619961450000	0,000179582000	0,000000996000
746,000000000000	0,010988189000	0,619455130000	0,000179488000	0,000000986000
747,000000000000	0,010991376000	0,618946150000	0,000179362000	0,000000934000
748,000000000000	0,010995539000	0,618450420000	0,000179540000	0,000000986000
749,000000000000	0,010998770000	0,617934510000	0,000179467000	0,000001058000
750,000000000000	0,011002770000	0,617430220000	0,000179330000	0,000000944000
751,000000000000	0,011006803000	0,616934920000	0,000179310000	0,000001173000
752,000000000000	0,011010424000	0,616428790000	0,000179100000	0,000000986000
753,000000000000	0,011014348000	0,615911450000	0,000179665000	0,000000996000
754,000000000000	0,011018024000	0,615448800000	0,000179843000	0,000000975000
755,000000000000	0,011021666000	0,614936760000	0,000179655000	0,000001256000
756,000000000000	0,011025298000	0,614453900000	0,000179540000	0,000000996000
757,000000000000	0,011029222000	0,613964720000	0,000179257000	0,000000975000
758,000000000000	0,011033960000	0,613460020000	0,000179645000	0,000001131000
759,000000000000	0,011036128000	0,612952270000	0,000179592000	0,000000934000
760,000000000000	0,011039489000	0,612501050000	0,000179351000	0,000000975000
761,000000000000	0,011043337000	0,612005740000	0,000179173000	0,000001152000
762,000000000000	0,011047533000	0,611545940000	0,000179676000	0,000001038000
763,000000000000	0,011050677000	0,611015130000	0,000179341000	0,000001017000
764,000000000000	0,011054796000	0,610520230000	0,000179529000	0,000000840000
765,000000000000	0,011058146000	0,610028400000	0,000179184000	0,000000809000
766,000000000000	0,011061724000	0,609521250000	0,000179508000	0,000001110000
767,000000000000	0,011066201000	0,609029620000	0,000179299000	0,000001058000
768,000000000000	0,011069898000	0,608559620000	0,000179791000	0,000000923000
769,000000000000	0,011072283000	0,608111630000	0,000179132000	0,000000923000
770,000000000000	0,011077313000	0,607628170000	0,000179488000	0,000001027000
771,000000000000	0,011080891000	0,607132660000	0,000179571000	0,000000986000
772,000000000000	0,011084111000	0,606661230000	0,000179582000	0,000001027000
773,000000000000	0,011087309000	0,606228980000	0,000179550000	0,000001121000
774,000000000000	0,011091352000	0,605770010000	0,000179571000	0,000001006000
775,000000000000	0,011094897000	0,605283270000	0,000179299000	0,000001017000
776,000000000000	0,011096090000	0,604836130000	0,000179016000	0,000000840000
777,000000000000	0,011100199000	0,604392660000	0,000179404000	0,000000840000
778,000000000000	0,011103082000	0,603930010000	0,000179425000	0,000000851000
779,000000000000	0,011106953000	0,603446540000	0,000179132000	0,000000861000
780,000000000000	0,011110389000	0,602995720000	0,000179645000	0,000001079000
781,000000000000	0,011114433000	0,602529810000	0,000179100000	0,000001121000
782,000000000000	0,011117588000	0,602074300000	0,000179184000	0,000000840000
783,000000000000	0,011121610000	0,601634300000	0,000179163000	0,000001017000
784,000000000000	0,011125339000	0,601107560000	0,000179529000	0,000000913000
785,000000000000	0,011128353000	0,600675730000	0,000179090000	0,000001038000
786,000000000000	0,011132201000	0,600253480000	0,000178870000	0,000000996000
787,000000000000	0,011136072000	0,599799810000	0,000178975000	0,000001100000
788,000000000000	0,011139877000	0,599301650000	0,000179142000	0,000001110000
789,000000000000	0,011142620000	0,598850630000	0,000178901000	0,000001100000
790,000000000000	0,011146392000	0,598414510000	0,000179111000	0,000001027000
791,000000000000	0,011150339000	0,597978590000	0,000179048000	0,000000975000
792,000000000000	0,011154274000	0,597492020000	0,000179090000	0,000001048000
793,000000000000	0,011157721000	0,597014060000	0,000178524000	0,000000934000
794,000000000000	0,011160616000	0,596557730000	0,000178357000	0,000001006000
795,000000000000	0,011165353000	0,596121410000	0,000178053000	0,000000861000
796,000000000000	0,011168346000	0,595663650000	0,000178074000	0,000001017000
797,000000000000	0,011171901000	0,595199780000	0,000177540000	0,000000913000
798,000000000000	0,011175381000	0,594742840000	0,000177352000	0,000000923000
799,000000000000	0,011179609000	0,594319170000	0,000176996000	0,000000965000
800,000000000000	0,011182547000	0,593864060000	0,000176808000	0,000000384000
801,000000000000	0,011185724000	0,593403040000	0,000176305000	0,000000923000
802,000000000000	0,011190158000	0,592963660000	0,000175363000	0,000000986000
803,000000000000	0,011191957000	0,592542030000	0,000175384000	0,000000861000
804,000000000000	0,011196467000	0,592089990000	0,000174504000	0,000000996000
805,000000000000	0,011200272000	0,591600800000	0,000174253000	0,000001027000
806,000000000000	0,011203080000	0,591158560000	0,000173499000	0,000001048000
807,000000000000	0,011206127000	0,590736720000	0,000172861000	0,000001079000
808,000000000000	0,011210973000	0,590318560000	0,000171908000	0,000001006000
809,000000000000	0,011214442000	0,589855500000	0,000170757000	0,000001183000
810,000000000000	0,011217315000	0,589408560000	0,000169280000	0,000001017000
811,000000000000	0,011221044000	0,588970600000	0,000167993000	0,000001058000
812,000000000000	0,011226746000	0,588518970000	0,000167009000	0,000001204000
813,000000000000	0,011228795000	0,588096730000	0,000165522000	0,000000934000
814,000000000000	0,011232275000	0,587643260000	0,000163481000	0,000000923000
815,000000000000	0,011235831000	0,587215500000	0,000162559000	0,000001079000
816,000000000000	0,011239257000	0,586814450000	0,000160319000	0,000001038000
817,000000000000	0,011243647000	0,586368540000	0,000158969000	0,000000892000
818,000000000000	0,011244970000	0,585950170000	0,000157451000	0,000001069000
819,000000000000	0,011248483000	0,585508130000	0,000154907000	0,000000975000
820,000000000000	0,011252700000	0,585079760000	0,000153127000	0,000001069000
821,000000000000	0,011255930000	0,584650370000	0,000150876000	0,000000913000
822,000000000000	0,011259985000	0,584221600000	0,000148961000	0,000000830000
823,000000000000	0,011262392000	0,583768130000	0,000146982000	0,000000934000
824,000000000000	0,011266219000	0,583354870000	0,000143998000	0,000000934000
825,000000000000	0,011269395000	0,582907520000	0,000140941000	0,000000986000
826,000000000000	0,011272593000	0,582458130000	0,000138272000	0,000000955000
827,000000000000	0,011276257000	0,582057110000	0,000135738000	0,000000934000
828,000000000000	0,011279954000	0,581657320000	0,000133341000	0,000000955000
829,000000000000	0,011283423000	0,581221400000	0,000129520000	0,000000882000
830,000000000000	0,011286903000	0,580776090000	0,000126411000	0,000000975000
831,000000000000	0,011290134000	0,580373850000	0,000122935000	0,000000996000
832,000000000000	0,011293852000	0,579983650000	0,000119784000	0,000000892000
833,000000000000	0,011296606000	0,579560180000	0,000116277000	0,000001027000
834,000000000000	0,011300801000	0,579106710000	0,000112508000	0,000001162000
835,000000000000	0,011303837000	0,578710790000	0,000109179000	0,000001141000
836,000000000000	0,011307057000	0,578251000000	0,000106394000	0,000001245000
837,000000000000	0,011311220000	0,577853240000	0,000103662000	0,000001173000
838,000000000000	0,011314374000	0,577452430000	0,000100783000	0,000001048000
839,000000000000	0,011317920000	0,577015490000	0,000097527000	0,000000778000
840,000000000000	0,011322223000	0,576598930000	0,000095067000	0,000000944000
841,000000000000	0,011324977000	0,576200360000	0,000093005000	0,000001027000
842,000000000000	0,011329086000	0,575800150000	0,000091194000	0,000000944000
843,000000000000	0,011332978000	0,575367300000	0,000089173000	0,000000903000
844,000000000000	0,011336382000	0,574946070000	0,000088022000	0,000001038000
845,000000000000	0,011340382000	0,574544440000	0,000087247000	0,000000830000
846,000000000000	0,011342691000	0,574186480000	0,000086095000	0,000001048000
847,000000000000	0,011347093000	0,573703420000	0,000086001000	0,000000913000
848,000000000000	0,011351017000	0,573270160000	0,000084734000	0,000001017000
849,000000000000	0,011354074000	0,572901590000	0,000083792000	0,000001235000
850,000000000000	0,011357684000	0,572474040000	0,000083991000	0,000000996000
851,000000000000	0,011361175000	0,572068930000	0,000083656000	0,000000892000
852,000000000000	0,011364905000	0,571663020000	0,000083007000	0,000000996000
853,000000000000	0,011367821000	0,571242200000	0,000083007000	0,000001204000
854,000000000000	0,011371323000	0,570849960000	0,000082871000	0,000001027000
855,000000000000	0,011375973000	0,570432410000	0,000082421000	0,000001131000
856,000000000000	0,011378835000	0,570024650000	0,000082421000	0,000001141000
857,000000000000	0,011383128000	0,569631390000	0,000081793000	0,000000892000
858,000000000000	0,011385936000	0,569238120000	0,000081856000	0,000001110000
859,000000000000	0,011389470000	0,568817310000	0,000082222000	0,000001069000
860,000000000000	0,011391248000	0,568428330000	0,000081751000	0,000001214000
861,000000000000	0,011396300000	0,568030980000	0,000081332000	0,000000840000
862,000000000000	0,011399769000	0,567661190000	0,000081353000	0,000000851000
863,000000000000	0,011404106000	0,567228940000	0,000081458000	0,000001006000
864,000000000000	0,011408139000	0,566789960000	0,000081531000	0,000001204000
865,000000000000	0,011410329000	0,566411390000	0,000081322000	0,000001038000
866,000000000000	0,011415489000	0,566031770000	0,000081918000	0,000001131000
867,000000000000	0,011419684000	0,565651770000	0,000081447000	0,000001556000
868,000000000000	0,011423143000	0,565239530000	0,000081008000	0,000001162000
869,000000000000	0,011427533000	0,564804830000	0,000081008000	0,000001038000
870,000000000000	0,011430927000	0,564426060000	0,000080976000	0,000001006000
871,000000000000	0,011434472000	0,564061570000	0,000081186000	0,000000934000
872,000000000000	0,011436813000	0,563637490000	0,000080987000	0,000001193000
873,000000000000	0,011439730000	0,563259530000	0,000080924000	0,000000737000
874,000000000000	0,011442689000	0,562859730000	0,000081049000	0,000000934000
875,000000000000	0,011446006000	0,562470350000	0,000080652000	0,000000975000
876,000000000000	0,011449649000	0,562078310000	0,000080589000	0,000000996000
877,000000000000	0,011452110000	0,561664230000	0,000080484000	0,000000944000
878,000000000000	0,011456034000	0,561277900000	0,000080913000	0,000000934000
879,000000000000	0,011460328000	0,560893610000	0,000080620000	0,000001079000
880,000000000000	0,011463157000	0,560524230000	0,000080673000	0,000001100000
881,000000000000	0,011466409000	0,560116470000	0,000080735000	0,000000944000
882,000000000000	0,011469542000	0,559745050000	0,000080400000	0,000000986000
883,000000000000	0,011473554000	0,559318520000	0,000080683000	0,000000986000
884,000000000000	0,011475451000	0,558939940000	0,000080411000	0,000001131000
885,000000000000	0,011480232000	0,558547700000	0,000080495000	0,000000830000
886,000000000000	0,011483712000	0,558170150000	0,000080547000	0,000001038000
887,000000000000	0,011486194000	0,557812400000	0,000080809000	0,000001006000
888,000000000000	0,011488980000	0,557426890000	0,000080620000	0,000000913000
889,000000000000	0,011492027000	0,557060970000	0,000080777000	0,000001048000
890,000000000000	0,011495648000	0,556659950000	0,000080641000	0,000001204000
891,000000000000	0,011501220000	0,556235660000	0,000080222000	0,000000851000
892,000000000000	0,011503518000	0,555896680000	0,000080516000	0,000001131000
893,000000000000	0,011507725000	0,555500530000	0,000080892000	0,000001058000
894,000000000000	0,011509687000	0,555129310000	0,000080516000	0,000000882000
895,000000000000	0,011513687000	0,554731960000	0,000080495000	0,000000955000
896,000000000000	0,011516159000	0,554370530000	0,000080683000	0,000001048000
897,000000000000	0,011519596000	0,553978080000	0,000080495000	0,000001006000
898,000000000000	0,011522165000	0,553579720000	0,000080882000	0,000001079000
899,000000000000	0,011525721000	0,553222980000	0,000080693000	0,000000955000
900,000000000000	0,011529212000	0,552864620000	0,000080892000	0,000001079000
901,000000000000	0,011532106000	0,552494820000	0,000080662000	0,000000913000
902,000000000000	0,011536498000	0,552114620000	0,000080526000	0,000000965000
903,000000000000	0,011540509000	0,551687070000	0,000080390000	0,000001121000
904,000000000000	0,011542786000	0,551345230000	0,000080442000	0,000001079000
905,000000000000	0,011545832000	0,550977070000	0,000080243000	0,000000892000
906,000000000000	0,011549268000	0,550582990000	0,000080400000	0,000000986000
907,000000000000	0,011552640000	0,550222580000	0,000080882000	0,000000872000
908,000000000000	0,011556250000	0,549815230000	0,000080599000	0,000001038000
909,000000000000	0,011559275000	0,549456870000	0,000080275000	0,000000944000
910,000000000000	0,011563785000	0,549076460000	0,000080379000	0,000000830000
911,000000000000	0,011566267000	0,548699520000	0,000080421000	0,000001110000
912,000000000000	0,011570072000	0,548333200000	0,000080254000	0,000001079000
913,000000000000	0,011572848000	0,547988710000	0,000080348000	0,000001131000
914,000000000000	0,011575330000	0,547626460000	0,000080547000	0,000001038000
915,000000000000	0,011578583000	0,547215240000	0,000080034000	0,000000996000
916,000000000000	0,011581488000	0,546862990000	0,000080442000	0,000000872000
917,000000000000	0,011585402000	0,546507890000	0,000080432000	0,000000934000
918,000000000000	0,011588914000	0,546112990000	0,000080714000	0,000001006000
919,000000000000	0,011591213000	0,545760950000	0,000080453000	0,000001141000
920,000000000000	0,011596189000	0,545422180000	0,000080547000	0,000000923000
921,000000000000	0,011597923000	0,545034180000	0,000080693000	0,000000861000
922,000000000000	0,011601284000	0,544679080000	0,000080254000	0,000000768000
923,000000000000	0,011604710000	0,544319280000	0,000080264000	0,000000944000
924,000000000000	0,011609859000	0,543923770000	0,000080400000	0,000001141000
925,000000000000	0,011613122000	0,543593570000	0,000080243000	0,000000934000
926,000000000000	0,011617361000	0,543242960000	0,000079751000	0,000001121000
927,000000000000	0,011620039000	0,542886220000	0,000080338000	0,000000861000
928,000000000000	0,011622749000	0,542528060000	0,000080484000	0,000000913000
929,000000000000	0,011626533000	0,542154590000	0,000080086000	0,000001038000
930,000000000000	0,011627844000	0,541828270000	0,000079940000	0,000001235000
931,000000000000	0,011629980000	0,541447250000	0,000080400000	0,000001328000
932,000000000000	0,011633905000	0,541077660000	0,000080254000	0,000000882000
933,000000000000	0,011637124000	0,540719900000	0,000080379000	0,000001141000
934,000000000000	0,011640626000	0,540356020000	0,000079887000	0,000001297000
935,000000000000	0,011644160000	0,540035410000	0,000080170000	0,000000986000
936,000000000000	0,011646914000	0,539664390000	0,000080704000	0,000001058000
937,000000000000	0,011650513000	0,539306430000	0,000079856000	0,000001090000
938,000000000000	0,011653516000	0,539019500000	0,000080013000	0,000000934000
939,000000000000	0,011657289000	0,538612970000	0,000080003000	0,000000934000
940,000000000000	0,011661235000	0,538249090000	0,000080233000	0,000001090000
941,000000000000	0,011663869000	0,537865820000	0,000080055000	0,000000986000
942,000000000000	0,011667035000	0,537535210000	0,000080170000	0,000001204000
943,000000000000	0,011670298000	0,537227250000	0,000080264000	0,000000882000
944,000000000000	0,011675003000	0,536821950000	0,000080222000	0,000000892000
945,000000000000	0,011677182000	0,536524400000	0,000080003000	0,000001100000
946,000000000000	0,011679296000	0,536145830000	0,000080568000	0,000001006000
947,000000000000	0,011684001000	0,535826240000	0,000080128000	0,000001006000
948,000000000000	0,011686906000	0,535497460000	0,000079887000	0,000000944000
949,000000000000	0,011689703000	0,535098890000	0,000080160000	0,000000872000
950,000000000000	0,011692631000	0,534780110000	0,000080055000	0,000000872000
951,000000000000	0,011695850000	0,534426000000	0,000080149000	0,000001006000
952,000000000000	0,011699319000	0,534077020000	0,000080275000	0,000000851000
953,000000000000	0,011701802000	0,533718660000	0,000079866000	0,000000986000
954,000000000000	0,011704816000	0,533372130000	0,000079982000	0,000000799000
955,000000000000	0,011708686000	0,533037430000	0,000080463000	0,000000965000
956,000000000000	0,011711700000	0,532697840000	0,000080264000	0,000000923000
957,000000000000	0,011715971000	0,532320500000	0,000080463000	0,000000706000
958,000000000000	0,011718671000	0,531979070000	0,000080118000	0,000000820000
959,000000000000	0,011721619000	0,531681720000	0,000080128000	0,000000986000
960,000000000000	0,011724211000	0,531368050000	0,000080285000	0,000001183000
961,000000000000	0,011726726000	0,530983360000	0,000080243000	0,000001110000
962,000000000000	0,011730412000	0,530621110000	0,000080034000	0,000000923000
963,000000000000	0,011733122000	0,530324580000	0,000080013000	0,000000986000
964,000000000000	0,011736060000	0,529982950000	0,000080107000	0,000001006000
965,000000000000	0,011739041000	0,529644990000	0,000079982000	0,000000892000
966,000000000000	0,011743334000	0,529267440000	0,000080285000	0,000000903000
967,000000000000	0,011745882000	0,528945600000	0,000080107000	0,000000913000
968,000000000000	0,011748527000	0,528605600000	0,000080568000	0,000000882000
969,000000000000	0,011752321000	0,528256220000	0,000079992000	0,000001027000
970,000000000000	0,011755129000	0,527919280000	0,000079814000	0,000001121000
971,000000000000	0,011759184000	0,527542750000	0,000080453000	0,000001152000
972,000000000000	0,011761536000	0,527261320000	0,000079825000	0,000001048000
973,000000000000	0,011764864000	0,526917240000	0,000079898000	0,000000934000
974,000000000000	0,011768095000	0,526570710000	0,000079961000	0,000001100000
975,000000000000	0,011773082000	0,526191930000	0,000080086000	0,000001204000
976,000000000000	0,011773917000	0,525891120000	0,000079961000	0,000001058000
977,000000000000	0,011777223000	0,525551320000	0,000080128000	0,000000934000
978,000000000000	0,011780150000	0,525212960000	0,000079877000	0,000000923000
979,000000000000	0,011783370000	0,524861120000	0,000079866000	0,000001048000
980,000000000000	0,011786048000	0,524560300000	0,000079793000	0,000001173000
981,000000000000	0,011789766000	0,524217820000	0,000079898000	0,000001038000
982,000000000000	0,011793897000	0,523876190000	0,000079971000	0,000001058000
983,000000000000	0,011796260000	0,523547010000	0,000079730000	0,000000664000
984,000000000000	0,011800304000	0,523213540000	0,000080076000	0,000000996000
985,000000000000	0,011802971000	0,522902520000	0,000080285000	0,000001121000
986,000000000000	0,011805952000	0,522575380000	0,000080369000	0,000001017000
987,000000000000	0,011808391000	0,522203950000	0,000079835000	0,000001017000
988,000000000000	0,011811633000	0,521898640000	0,000079866000	0,000001038000
989,000000000000	0,011814083000	0,521571910000	0,000080369000	0,000000996000
990,000000000000	0,011816977000	0,521212520000	0,000080160000	0,000001058000
991,000000000000	0,011821476000	0,520875580000	0,000080003000	0,000000986000
992,000000000000	0,011823330000	0,520588440000	0,000080160000	0,000001121000
993,000000000000	0,011828035000	0,520245790000	0,000079866000	0,000000892000
994,000000000000	0,011830258000	0,519940890000	0,000079762000	0,000000840000
995,000000000000	0,011834258000	0,519604970000	0,000079950000	0,000001141000
996,000000000000	0,011836415000	0,519264160000	0,000079804000	0,000001090000
997,000000000000	0,011839375000	0,518952320000	0,000080547000	0,000000965000
998,000000000000	0,011843278000	0,518624980000	0,000079908000	0,000001048000
999,000000000000	0,011846541000	0,518283140000	0,000079668000	0,000001069000
1000,000000000000	0,011849349000	0,517927220000	0,000079678000	0,000001048000
1001,000000000000	0,011852189000	0,517635390000	0,000079898000	0,000001038000
1002,000000000000	0,011855604000	0,517335390000	0,000080128000	0,000001121000
1003,000000000000	0,011859268000	0,516997630000	0,000079971000	0,000001162000
1004,000000000000	0,011861588000	0,516670690000	0,000080107000	0,000001131000
1005,000000000000	0,011864916000	0,516362730000	0,000080097000	0,000000903000
1006,000000000000	0,011867930000	0,516044780000	0,000079751000	0,000001131000
1007,000000000000	0,011870435000	0,515730290000	0,000079961000	0,000001069000
1008,000000000000	0,011874110000	0,515392530000	0,000080139000	0,000001017000
1009,000000000000	0,011878143000	0,515045590000	0,000079835000	0,000001058000
1010,000000000000	0,011879996000	0,514782940000	0,000079992000	0,000001141000
1011,000000000000	0,011883270000	0,514468660000	0,000079887000	0,000001224000
1012,000000000000	0,011887032000	0,514113550000	0,000079950000	0,000001141000
1013,000000000000	0,011889179000	0,513736380000	0,000079385000	0,000000913000
1014,000000000000	0,011894198000	0,513367200000	0,000079730000	0,000001038000
1015,000000000000	0,011897949000	0,512939850000	0,000080003000	0,000001069000
1016,000000000000	0,011901841000	0,512572100000	0,000079961000	0,000001121000
1017,000000000000	0,011905440000	0,512197200000	0,000080003000	0,000001224000
1018,000000000000	0,011908086000	0,511804340000	0,000079908000	0,000000986000
1019,000000000000	0,011912433000	0,511445360000	0,000080023000	0,000001183000
1020,000000000000	0,011916672000	0,511078630000	0,000079908000	0,000001110000
1021,000000000000	0,011920683000	0,510670060000	0,000079427000	0,000001121000
1022,000000000000	0,011923523000	0,510336800000	0,000080076000	0,000001090000
1023,000000000000	0,011927025000	0,509968430000	0,000079961000	0,000000975000
1024,000000000000	0,011931676000	0,509586590000	0,000079835000	0,000001162000
1025,000000000000	0,011932868000	0,509216390000	0,000079835000	0,000001038000
1026,000000000000	0,011937866000	0,508842310000	0,000080139000	0,000001131000
1027,000000000000	0,011942116000	0,508457000000	0,000079898000	0,000001027000
1028,000000000000	0,011946756000	0,508115980000	0,000079877000	0,000000965000
1029,000000000000	0,011949509000	0,507736390000	0,000080065000	0,000000695000
1030,000000000000	0,011953542000	0,507372920000	0,000079741000	0,000001121000
1031,000000000000	0,011957000000	0,507019660000	0,000079908000	0,000001048000
1032,000000000000	0,011960177000	0,506680680000	0,000079887000	0,000000944000
1033,000000000000	0,011964979000	0,506288840000	0,000079688000	0,000001027000
1034,000000000000	0,011967939000	0,505924760000	0,000079919000	0,000000913000
1035,000000000000	0,011970931000	0,505591500000	0,000079835000	0,000001090000
1036,000000000000	0,011975484000	0,505226190000	0,000079866000	0,000001131000
1037,000000000000	0,011979094000	0,504904970000	0,000080170000	0,000001069000
1038,000000000000	0,011981588000	0,504535580000	0,000079929000	0,000001038000
1039,000000000000	0,011985783000	0,504153950000	0,000080306000	0,000000820000
1040,000000000000	0,011989762000	0,503808850000	0,000080201000	0,000001069000
1041,000000000000	0,011993459000	0,503453540000	0,000080181000	0,000001027000
1042,000000000000	0,011997969000	0,503074130000	0,000080181000	0,000001006000
1043,000000000000	0,012000592000	0,502758830000	0,000080013000	0,000001079000
1044,000000000000	0,012004831000	0,502353520000	0,000079762000	0,000001152000
1045,000000000000	0,012007314000	0,502030870000	0,000079950000	0,000001048000
1046,000000000000	0,012012301000	0,501666580000	0,000079699000	0,000000903000
1047,000000000000	0,012014317000	0,501331690000	0,000080013000	0,000001079000
1048,000000000000	0,012018827000	0,501001480000	0,000079908000	0,000001090000
1049,000000000000	0,012022242000	0,500642300000	0,000079825000	0,000000986000
1050,000000000000	0,012024789000	0,500288630000	0,000079929000	0,000001017000
1051,000000000000	0,012029169000	0,499918420000	0,000080160000	0,000001141000
1052,000000000000	0,012031901000	0,499610670000	0,000079846000	0,000000975000
1053,000000000000	0,012036411000	0,499266180000	0,000079835000	0,000001235000
1054,000000000000	0,012038785000	0,498906180000	0,000079835000	0,000001079000
1055,000000000000	0,012041723000	0,498569450000	0,000079846000	0,000001121000
1056,000000000000	0,012045442000	0,498227200000	0,000079762000	0,000000861000
1057,000000000000	0,012050580000	0,497859650000	0,000079751000	0,000001058000
1058,000000000000	0,012053182000	0,497540670000	0,000079751000	0,000001079000
1059,000000000000	0,012056673000	0,497141490000	0,000079688000	0,000001266000
1060,000000000000	0,012059654000	0,496793730000	0,000080421000	0,000001100000
1061,000000000000	0,012064002000	0,496502310000	0,000079458000	0,000001266000
1062,000000000000	0,012067471000	0,496150880000	0,000080160000	0,000001141000
1063,000000000000	0,012070799000	0,495821080000	0,000079688000	0,000001121000
1064,000000000000	0,012074799000	0,495474140000	0,000079846000	0,000001121000
1065,000000000000	0,012077683000	0,495190470000	0,000079699000	0,000000996000
1066,000000000000	0,012080816000	0,494792920000	0,000079301000	0,000000965000
1067,000000000000	0,012084892000	0,494472920000	0,000079940000	0,000000955000
1068,000000000000	0,012088275000	0,494083330000	0,000079647000	0,000000996000
1069,000000000000	0,012092329000	0,493764960000	0,000079898000	0,000001069000
1070,000000000000	0,012094823000	0,493460070000	0,000080055000	0,000001193000
1071,000000000000	0,012097370000	0,493118640000	0,000079720000	0,000000986000
1072,000000000000	0,012102422000	0,492770650000	0,000080212000	0,000000965000
1073,000000000000	0,012106282000	0,492430040000	0,000079594000	0,000000633000
1074,000000000000	0,012109913000	0,492089220000	0,000080160000	0,000001006000
1075,000000000000	0,012113177000	0,491783920000	0,000079856000	0,000001141000
1076,000000000000	0,012116852000	0,491437180000	0,000079877000	0,000001276000
1077,000000000000	0,012121004000	0,491084320000	0,000079249000	0,000001183000
1078,000000000000	0,012123866000	0,490784530000	0,000079594000	0,000000975000
1079,000000000000	0,012127552000	0,490442490000	0,000079699000	0,000001058000
1080,000000000000	0,012130414000	0,490098410000	0,000079783000	0,000000975000
1081,000000000000	0,012134848000	0,489742900000	0,000079762000	0,000001173000
1082,000000000000	0,012137352000	0,489439020000	0,000079364000	0,000001235000
1083,000000000000	0,012141873000	0,489113510000	0,000079793000	0,000001141000
1084,000000000000	0,012144995000	0,488755760000	0,000079678000	0,000001121000
1085,000000000000	0,012149212000	0,488438000000	0,000079657000	0,000001152000
1086,000000000000	0,012151413000	0,488143920000	0,000080034000	0,000001131000
1087,000000000000	0,012155543000	0,487810660000	0,000080296000	0,000001069000
1088,000000000000	0,012160097000	0,487468820000	0,000079322000	0,000001058000
1089,000000000000	0,012161452000	0,487165760000	0,000079531000	0,000001038000
1090,000000000000	0,012164498000	0,486850660000	0,000079856000	0,000001121000
1091,000000000000	0,012169127000	0,486504540000	0,000079301000	0,000001110000
1092,000000000000	0,012172781000	0,486206370000	0,000080128000	0,000000975000
1093,000000000000	0,012176781000	0,485823520000	0,000079490000	0,000001276000
1094,000000000000	0,012180304000	0,485546780000	0,000079919000	0,000001058000
1095,000000000000	0,012183698000	0,485215970000	0,000079668000	0,000001100000
1096,000000000000	0,012187004000	0,484905560000	0,000079678000	0,000000965000
1097,000000000000	0,012190647000	0,484570860000	0,000079793000	0,000001183000
1098,000000000000	0,012194311000	0,484256990000	0,000079762000	0,000000923000
1099,000000000000	0,012198159000	0,483939230000	0,000079887000	0,000001058000
1100,000000000000	0,012201011000	0,483637190000	0,000079751000	0,000000955000
1101,000000000000	0,012204252000	0,483256790000	0,000079688000	0,000000872000
1102,000000000000	0,012207721000	0,482969640000	0,000079688000	0,000001100000
1103,000000000000	0,012210659000	0,482650460000	0,000079982000	0,000001027000
1104,000000000000	0,012213901000	0,482348010000	0,000079950000	0,000001141000
1105,000000000000	0,012218280000	0,481994930000	0,000079982000	0,000000986000
1106,000000000000	0,012221023000	0,481689220000	0,000079783000	0,000001079000
1107,000000000000	0,012225533000	0,481378200000	0,000079720000	0,000001224000
1108,000000000000	0,012228428000	0,481055750000	0,000079050000	0,000001131000
1109,000000000000	0,012232916000	0,480750440000	0,000079678000	0,000001058000
1110,000000000000	0,012236602000	0,480409830000	0,000079469000	0,000001079000
1111,000000000000	0,012239475000	0,480099420000	0,000079762000	0,000001048000
1112,000000000000	0,012243735000	0,479778400000	0,000079709000	0,000001058000
1113,000000000000	0,012245600000	0,479470240000	0,000079730000	0,000001173000
1114,000000000000	0,012250056000	0,479122490000	0,000079511000	0,000001183000
1115,000000000000	0,012252690000	0,478849630000	0,000079469000	0,000001058000
1116,000000000000	0,012256647000	0,478531260000	0,000079092000	0,000001100000
1117,000000000000	0,012260517000	0,478215750000	0,000079280000	0,000001027000
1118,000000000000	0,012263639000	0,477905750000	0,000079563000	0,000000965000
1119,000000000000	0,012266404000	0,477606770000	0,000079155000	0,000001079000
1120,000000000000	0,012269906000	0,477296570000	0,000079741000	0,000001183000
1121,000000000000	0,012273136000	0,476969020000	0,000079364000	0,000001121000
1122,000000000000	0,012276584000	0,476664940000	0,000079385000	0,000000923000
1123,000000000000	0,012280736000	0,476380450000	0,000079668000	0,000001183000
1124,000000000000	0,012282297000	0,476110450000	0,000079385000	0,000001121000
1125,000000000000	0,012286698000	0,475780650000	0,000080107000	0,000000975000
1126,000000000000	0,012289972000	0,475476160000	0,000079573000	0,000000913000
1127,000000000000	0,012294179000	0,475142900000	0,000079688000	0,000001027000
1128,000000000000	0,012298201000	0,474846570000	0,000078956000	0,000000965000
1129,000000000000	0,012300152000	0,474557800000	0,000079866000	0,000001058000
1130,000000000000	0,012304673000	0,474223920000	0,000079479000	0,000000965000
1131,000000000000	0,012306321000	0,473927600000	0,000079573000	0,000000986000
1132,000000000000	0,012312034000	0,473574330000	0,000079657000	0,000001173000
1133,000000000000	0,012313844000	0,473283110000	0,000079605000	0,000000955000
1134,000000000000	0,012318094000	0,473006370000	0,000079626000	0,000001027000
1135,000000000000	0,012320989000	0,472662700000	0,000079887000	0,000001152000
1136,000000000000	0,012323482000	0,472406990000	0,000079877000	0,000001214000
1137,000000000000	0,012327341000	0,472120860000	0,000079898000	0,000000986000
1138,000000000000	0,012331472000	0,471795940000	0,000079458000	0,000001193000
1139,000000000000	0,012333033000	0,471497570000	0,000079730000	0,000000861000
1140,000000000000	0,012336177000	0,471206750000	0,000079301000	0,000001152000
1141,000000000000	0,012340296000	0,470906750000	0,000079479000	0,000001100000
1142,000000000000	0,012342942000	0,470637980000	0,000079416000	0,000001079000
1143,000000000000	0,012344752000	0,470324710000	0,000079416000	0,000001079000
1144,000000000000	0,012348752000	0,470012260000	0,000079626000	0,000001058000
1145,000000000000	0,012353403000	0,469729000000	0,000079500000	0,000001006000
1146,000000000000	0,012356038000	0,469475740000	0,000079123000	0,000001173000
1147,000000000000	0,012359875000	0,469128180000	0,000079688000	0,000001069000
1148,000000000000	0,012362011000	0,468821650000	0,000079615000	0,000001069000
1149,000000000000	0,012365697000	0,468531860000	0,000079898000	0,000001038000
1150,000000000000	0,012369101000	0,468235740000	0,000079647000	0,000001100000
1151,000000000000	0,012371898000	0,467928190000	0,000079626000	0,000001183000
1152,000000000000	0,012377156000	0,467628800000	0,000079521000	0,000001214000
1153,000000000000	0,012379725000	0,467356350000	0,000079751000	0,000000830000
1154,000000000000	0,012381536000	0,467080640000	0,000079668000	0,000001214000
1155,000000000000	0,012385753000	0,466788800000	0,000079500000	0,000001183000
1156,000000000000	0,012389125000	0,466456150000	0,000079333000	0,000001069000
1157,000000000000	0,012393569000	0,466138600000	0,000079343000	0,000000955000
1158,000000000000	0,012395998000	0,465895330000	0,000080160000	0,000001069000
1159,000000000000	0,012398123000	0,465608800000	0,000079563000	0,000001079000
1160,000000000000	0,012402058000	0,465313290000	0,000079678000	0,000001079000
1161,000000000000	0,012405083000	0,465027990000	0,000079929000	0,000000986000
1162,000000000000	0,012408790000	0,464760440000	0,000079668000	0,000000934000
1163,000000000000	0,012411555000	0,464477580000	0,000079207000	0,000001017000
1164,000000000000	0,012416411000	0,464151250000	0,000079657000	0,000001079000
1165,000000000000	0,012419208000	0,463845540000	0,000079469000	0,000001017000
1166,000000000000	0,012421355000	0,463528600000	0,000079312000	0,000001214000
1167,000000000000	0,012426418000	0,463265540000	0,000079856000	0,000001121000
1168,000000000000	0,012428478000	0,462977380000	0,000079699000	0,000001038000
1169,000000000000	0,012433118000	0,462667580000	0,000079636000	0,000000996000
1170,000000000000	0,012436164000	0,462385540000	0,000079249000	0,000001256000
1171,000000000000	0,012439546000	0,462116970000	0,000079772000	0,000001173000
1172,000000000000	0,012442332000	0,461846560000	0,000079490000	0,000001339000
1173,000000000000	0,012444555000	0,461545750000	0,000079552000	0,000001152000
1174,000000000000	0,012450138000	0,461248560000	0,000079542000	0,000000965000
1175,000000000000	0,012451103000	0,461015710000	0,000079762000	0,000001038000
1176,000000000000	0,012453922000	0,460706320000	0,000079584000	0,000001079000
1177,000000000000	0,012458648000	0,460389990000	0,000079333000	0,000001038000
1178,000000000000	0,012460903000	0,460141830000	0,000079322000	0,000000892000
1179,000000000000	0,012465435000	0,459873060000	0,000079647000	0,000001245000
1180,000000000000	0,012467505000	0,459579790000	0,000079688000	0,000001048000
1181,000000000000	0,012471647000	0,459243470000	0,000079751000	0,000000975000
1182,000000000000	0,012474433000	0,458966120000	0,000079688000	0,000001131000
1183,000000000000	0,012477815000	0,458710610000	0,000079196000	0,000000840000
1184,000000000000	0,012482390000	0,458406120000	0,000079448000	0,000001038000
1185,000000000000	0,012485187000	0,458144490000	0,000079280000	0,000000996000
1186,000000000000	0,012488472000	0,457831630000	0,000079165000	0,000001069000
1187,000000000000	0,012489610000	0,457581630000	0,000079521000	0,000000965000
1188,000000000000	0,012492483000	0,457350000000	0,000079469000	0,000001173000
1189,000000000000	0,012497080000	0,457031220000	0,000079238000	0,000000955000
1190,000000000000	0,012500462000	0,456756730000	0,000079626000	0,000001027000
1191,000000000000	0,012505026000	0,456438570000	0,000079573000	0,000001214000
1192,000000000000	0,012507357000	0,456206330000	0,000079688000	0,000000923000
1193,000000000000	0,012510479000	0,455956120000	0,000079709000	0,000001006000
1194,000000000000	0,012515087000	0,455630610000	0,000079155000	0,000001131000
1195,000000000000	0,012517461000	0,455370000000	0,000079762000	0,000001038000
1196,000000000000	0,012520887000	0,455081840000	0,000080013000	0,000001224000
1197,000000000000	0,012524172000	0,454833270000	0,000079385000	0,000001027000
1198,000000000000	0,012525993000	0,454545110000	0,000080013000	0,000001079000
1199,000000000000	0,012529841000	0,454252660000	0,000079437000	0,000000965000
1200,000000000000	0,012533701000	0,453975720000	0,000079458000	0,000000986000
1201,000000000000	0,012537235000	0,453694290000	0,000079531000	0,000001100000
1202,000000000000	0,012540401000	0,453427960000	0,000079688000	0,000001079000
1203,000000000000	0,012542742000	0,453156540000	0,000079594000	0,000001100000
1204,000000000000	0,012547339000	0,452860410000	0,000079552000	0,000001162000
1205,000000000000	0,012550580000	0,452576740000	0,000079521000	0,000001276000
1206,000000000000	0,012553974000	0,452331640000	0,000079542000	0,000001079000
1207,000000000000	0,012557388000	0,452047970000	0,000079427000	0,000001006000
1208,000000000000	0,012560055000	0,451755930000	0,000079688000	0,000001235000
1209,000000000000	0,012563828000	0,451521030000	0,000079134000	0,000000955000
1210,000000000000	0,012567601000	0,451259600000	0,000079626000	0,000000996000
1211,000000000000	0,012570257000	0,450952050000	0,000079458000	0,000000955000
1212,000000000000	0,012575016000	0,450686710000	0,000079720000	0,000000934000
1213,000000000000	0,012576046000	0,450454470000	0,000079825000	0,000001349000
1214,000000000000	0,012579927000	0,450205080000	0,000079709000	0,000000986000
1215,000000000000	0,012584528000	0,449906510000	0,000079688000	0,000000965000
1216,000000000000	0,012587075000	0,449636710000	0,000079479000	0,000001121000
1217,000000000000	0,012589699000	0,449368550000	0,000079081000	0,000001038000
1218,000000000000	0,012592832000	0,449103860000	0,000079333000	0,000000965000
1219,000000000000	0,012596301000	0,448818550000	0,000079196000	0,000001069000
1220,000000000000	0,012599965000	0,448513450000	0,000078893000	0,000001090000
1221,000000000000	0,012601678000	0,448263860000	0,000079688000	0,000001204000
1222,000000000000	0,012604020000	0,448025700000	0,000079720000	0,000001121000
1223,000000000000	0,012608508000	0,447741210000	0,000080212000	0,000001048000
1224,000000000000	0,012611977000	0,447473250000	0,000079584000	0,000001027000
1225,000000000000	0,012615316000	0,447193450000	0,000079866000	0,000001058000
1226,000000000000	0,012618254000	0,446978350000	0,000079982000	0,000001090000
1227,000000000000	0,012621279000	0,446695090000	0,000079427000	0,000001058000
1228,000000000000	0,012624997000	0,446434470000	0,000079636000	0,000001193000
1229,000000000000	0,012628618000	0,446179990000	0,000079259000	0,000001110000
1230,000000000000	0,012632488000	0,445928350000	0,000079343000	0,000001058000
1231,000000000000	0,012632868000	0,445671820000	0,000079793000	0,000000955000
1232,000000000000	0,012636554000	0,445403460000	0,000079688000	0,000001141000
1233,000000000000	0,012638765000	0,445111820000	0,000079291000	0,000000934000
1234,000000000000	0,012642625000	0,444871820000	0,000079584000	0,000000965000
1235,000000000000	0,012646853000	0,444576310000	0,000079207000	0,000001058000
1236,000000000000	0,012650972000	0,444320400000	0,000079720000	0,000000986000
1237,000000000000	0,012652534000	0,444046930000	0,000079856000	0,000000986000
1238,000000000000	0,012657369000	0,443826320000	0,000079333000	0,000001038000
1239,000000000000	0,012660903000	0,443540400000	0,000079427000	0,000000965000
1240,000000000000	0,012663646000	0,443302440000	0,000079584000	0,000001214000
1241,000000000000	0,012668058000	0,443000600000	0,000079500000	0,000001048000
1242,000000000000	0,012669240000	0,442768360000	0,000079343000	0,000001100000
1243,000000000000	0,012672210000	0,442515910000	0,000079605000	0,000000872000
1244,000000000000	0,012675647000	0,442236320000	0,000079783000	0,000001090000
1245,000000000000	0,012679864000	0,441934480000	0,000079615000	0,000001048000
1246,000000000000	0,012682509000	0,441700600000	0,000079448000	0,000001017000
1247,000000000000	0,012685534000	0,441449990000	0,000079437000	0,000000975000
1248,000000000000	0,012687799000	0,441207140000	0,000079196000	0,000000965000
1249,000000000000	0,012691073000	0,440944480000	0,000079647000	0,000000975000
1250,000000000000	0,012694499000	0,440687750000	0,000079688000	0,000000955000
1251,000000000000	0,012697838000	0,440445300000	0,000079552000	0,000001038000
1252,000000000000	0,012701199000	0,440163850000	0,000079647000	0,000000923000
1253,000000000000	0,012704061000	0,439936300000	0,000079385000	0,000001027000
1254,000000000000	0,012707736000	0,439643850000	0,000079322000	0,000001100000
1255,000000000000	0,012710880000	0,439392830000	0,000079793000	0,000000955000
1256,000000000000	0,012714631000	0,439137320000	0,000079217000	0,000001038000
1257,000000000000	0,012718198000	0,438842830000	0,000079134000	0,000001006000
1258,000000000000	0,012721634000	0,438625690000	0,000079636000	0,000001110000
1259,000000000000	0,012723770000	0,438405900000	0,000079678000	0,000001256000
1260,000000000000	0,012727695000	0,438172630000	0,000079594000	0,000001038000
1261,000000000000	0,012730036000	0,437906300000	0,000079542000	0,000001442000
1262,000000000000	0,012733896000	0,437635690000	0,000079594000	0,000001038000
1263,000000000000	0,012735955000	0,437394670000	0,000079647000	0,000001183000
1264,000000000000	0,012739804000	0,437154670000	0,000079270000	0,000001027000
1265,000000000000	0,012742113000	0,436918960000	0,000079458000	0,000001173000
1266,000000000000	0,012747404000	0,436634880000	0,000079626000	0,000001121000
1267,000000000000	0,012748932000	0,436396920000	0,000080055000	0,000001131000
1268,000000000000	0,012751729000	0,436177530000	0,000079259000	0,000001038000
1269,000000000000	0,012755339000	0,435923650000	0,000079479000	0,000001173000
1270,000000000000	0,012759383000	0,435608550000	0,000079563000	0,000000955000
1271,000000000000	0,012761941000	0,435348140000	0,000079751000	0,000000872000
1272,000000000000	0,012764912000	0,435153450000	0,000079730000	0,000001193000
1273,000000000000	0,012769736000	0,434873660000	0,000079657000	0,000000996000
1274,000000000000	0,012771341000	0,434656100000	0,000079709000	0,000001027000
1275,000000000000	0,012774419000	0,434396110000	0,000079217000	0,000001058000
1276,000000000000	0,012778984000	0,434136510000	0,000079448000	0,000001069000
1277,000000000000	0,012782214000	0,433878960000	0,000079511000	0,000001141000
1278,000000000000	0,012784166000	0,433632640000	0,000079594000	0,000001069000
1279,000000000000	0,012786269000	0,433394470000	0,000079887000	0,000001006000
1280,000000000000	0,012790096000	0,433125490000	0,000079249000	0,000001204000
1281,000000000000	0,012793847000	0,432900600000	0,000079814000	0,000000975000
1282,000000000000	0,012797131000	0,432651820000	0,000079479000	0,000001162000
1283,000000000000	0,012800655000	0,432381410000	0,000079594000	0,000001121000
1284,000000000000	0,012804124000	0,432140190000	0,000078956000	0,000001048000
1285,000000000000	0,012806715000	0,431899780000	0,000079846000	0,000001048000
1286,000000000000	0,012809881000	0,431659580000	0,000079050000	0,000001090000
1287,000000000000	0,012813545000	0,431410190000	0,000079469000	0,000001038000
1288,000000000000	0,012815962000	0,431164270000	0,000079615000	0,000001224000
1289,000000000000	0,012818944000	0,430910600000	0,000079741000	0,000001100000
1290,000000000000	0,012823161000	0,430683050000	0,000079259000	0,000001141000
1291,000000000000	0,012825437000	0,430426930000	0,000079511000	0,000001017000
1292,000000000000	0,012827942000	0,430163250000	0,000079626000	0,000001235000
1293,000000000000	0,012831010000	0,429936320000	0,000079511000	0,000001339000
1294,000000000000	0,012834284000	0,429693240000	0,000079217000	0,000001121000
1295,000000000000	0,012836929000	0,429424870000	0,000079081000	0,000001100000
1296,000000000000	0,012841070000	0,429167320000	0,000079217000	0,000000996000
1297,000000000000	0,012844323000	0,428947320000	0,000080222000	0,000001152000
1298,000000000000	0,012846946000	0,428711200000	0,000079301000	0,000000986000
1299,000000000000	0,012850914000	0,428480990000	0,000079657000	0,000001090000
1300,000000000000	0,012852876000	0,428267520000	0,000079186000	0,000000944000
1301,000000000000	0,012857440000	0,428020790000	0,000079479000	0,000001162000
1302,000000000000	0,012860823000	0,427801400000	0,000079688000	0,000001121000
1303,000000000000	0,012864097000	0,427532220000	0,000078704000	0,000001069000
1304,000000000000	0,012867327000	0,427277320000	0,000079322000	0,000001038000
1305,000000000000	0,012870493000	0,427038550000	0,000079542000	0,000000975000
1306,000000000000	0,012872368000	0,426837730000	0,000079144000	0,000001287000
1307,000000000000	0,012877117000	0,426573650000	0,000079626000	0,000001048000
1308,000000000000	0,012878504000	0,426346100000	0,000079270000	0,000001069000
1309,000000000000	0,012881789000	0,426124060000	0,000079374000	0,000001006000
1310,000000000000	0,012884066000	0,425902630000	0,000078956000	0,000001090000
1311,000000000000	0,012887947000	0,425648960000	0,000079615000	0,000001079000
1312,000000000000	0,012891806000	0,425434670000	0,000079720000	0,000001141000
1313,000000000000	0,012894614000	0,425198750000	0,000079029000	0,000000882000
1314,000000000000	0,012897639000	0,424976510000	0,000078767000	0,000001027000
1315,000000000000	0,012901336000	0,424740180000	0,000079500000	0,000001131000
1316,000000000000	0,012903092000	0,424498650000	0,000079312000	0,000001017000
1317,000000000000	0,012905434000	0,424249570000	0,000079490000	0,000001131000
1318,000000000000	0,012909423000	0,424002220000	0,000079793000	0,000001058000
1319,000000000000	0,012911526000	0,423794670000	0,000079196000	0,000000903000
1320,000000000000	0,012916914000	0,423510590000	0,000079155000	0,000001017000
1321,000000000000	0,012919559000	0,423290180000	0,000079511000	0,000001027000
1322,000000000000	0,012922736000	0,423005900000	0,000079699000	0,000001121000
1323,000000000000	0,012927560000	0,422810800000	0,000079793000	0,000000913000
1324,000000000000	0,012929197000	0,422603860000	0,000079636000	0,000001110000
1325,000000000000	0,012931474000	0,422345900000	0,000079374000	0,000000996000
1326,000000000000	0,012935951000	0,422085290000	0,000079270000	0,000001193000
1327,000000000000	0,012936406000	0,421908550000	0,000079416000	0,000001079000
1328,000000000000	0,012944201000	0,421567940000	0,000079238000	0,000001110000
1329,000000000000	0,012949502000	0,421092640000	0,000079521000	0,000001069000
1330,000000000000	0,012955281000	0,420573860000	0,000079385000	0,000001183000
1331,000000000000	0,012963032000	0,420064680000	0,000079573000	0,000001110000
1332,000000000000	0,012968496000	0,419572840000	0,000079479000	0,000001287000
1333,000000000000	0,012973624000	0,419119950000	0,000079343000	0,000001058000
1334,000000000000	0,012980779000	0,418598310000	0,000079259000	0,000001017000
1335,000000000000	0,012990341000	0,417966070000	0,000079458000	0,000001224000
1336,000000000000	0,012996379000	0,417414850000	0,000079207000	0,000001006000
1337,000000000000	0,013004662000	0,416846280000	0,000079521000	0,000000996000
1338,000000000000	0,013012966000	0,416200360000	0,000079657000	0,000000996000
1339,000000000000	0,013021379000	0,415640560000	0,000079825000	0,000001141000
1340,000000000000	0,013029553000	0,415066890000	0,000079291000	0,000000996000
1341,000000000000	0,013037369000	0,414472400000	0,000079720000	0,000001297000
1342,000000000000	0,013045034000	0,413878520000	0,000079374000	0,000001183000
1343,000000000000	0,013052384000	0,413325260000	0,000079668000	0,000001297000
1344,000000000000	0,013060753000	0,412766690000	0,000079228000	0,000001048000
1345,000000000000	0,013067757000	0,412226080000	0,000079500000	0,000001204000
1346,000000000000	0,013074554000	0,411664850000	0,000079008000	0,000001183000
1347,000000000000	0,013083400000	0,411093630000	0,000079312000	0,000000955000
1348,000000000000	0,013090100000	0,410534040000	0,000079249000	0,000001038000
1349,000000000000	0,013097092000	0,409950780000	0,000078903000	0,000000986000
1350,000000000000	0,013106719000	0,409428120000	0,000079490000	0,000001100000
1351,000000000000	0,013112270000	0,408893610000	0,000079521000	0,000001204000
1352,000000000000	0,013120281000	0,408377490000	0,000079406000	0,000001017000
1353,000000000000	0,013127198000	0,407883210000	0,000079312000	0,000001069000
1354,000000000000	0,013135459000	0,407339530000	0,000079992000	0,000001038000
1355,000000000000	0,013140500000	0,406800960000	0,000079385000	0,000001017000
1356,000000000000	0,013148219000	0,406268310000	0,000079228000	0,000001058000
1357,000000000000	0,013157325000	0,405745050000	0,000079469000	0,000001141000
1358,000000000000	0,013163548000	0,405174230000	0,000079155000	0,000001017000
1359,000000000000	0,013171061000	0,404645250000	0,000079406000	0,000000986000
1360,000000000000	0,013179235000	0,404105050000	0,000079699000	0,000001162000
1361,000000000000	0,013185480000	0,403624850000	0,000079333000	0,000001162000
1362,000000000000	0,013193426000	0,403077090000	0,000079186000	0,000001256000
1363,000000000000	0,013201167000	0,402590150000	0,000079783000	0,000001090000
1364,000000000000	0,013206728000	0,402113420000	0,000079552000	0,000001121000
1365,000000000000	0,013213124000	0,401626480000	0,000079238000	0,000001058000
1366,000000000000	0,013219748000	0,401130160000	0,000079490000	0,000001017000
1367,000000000000	0,013227770000	0,400607710000	0,000079657000	0,000001038000
1368,000000000000	0,013235576000	0,400104850000	0,000079385000	0,000001058000
1369,000000000000	0,013242905000	0,399600770000	0,000079500000	0,000001058000
1370,000000000000	0,013250287000	0,399092810000	0,000079144000	0,000001256000
1371,000000000000	0,013256456000	0,398569140000	0,000079500000	0,000001193000
1372,000000000000	0,013265768000	0,398057890000	0,000079573000	0,000001204000
1373,000000000000	0,013271969000	0,397565030000	0,000079772000	0,000001079000
1374,000000000000	0,013279656000	0,397088910000	0,000079605000	0,000000996000
1375,000000000000	0,013286626000	0,396576870000	0,000079448000	0,000001318000
1376,000000000000	0,013291407000	0,396102170000	0,000079688000	0,000000892000
1377,000000000000	0,013300872000	0,395585850000	0,000079490000	0,000001006000
1378,000000000000	0,013307962000	0,395147480000	0,000079699000	0,000001069000
1379,000000000000	0,013314336000	0,394658710000	0,000079448000	0,000000975000
1380,000000000000	0,013321556000	0,394126460000	0,000079521000	0,000000975000
1381,000000000000	0,013329340000	0,393669730000	0,000079039000	0,000001069000
1382,000000000000	0,013334446000	0,393243810000	0,000079699000	0,000001006000
1383,000000000000	0,013341536000	0,392726670000	0,000079301000	0,000001027000
1384,000000000000	0,013349819000	0,392252180000	0,000079071000	0,000001235000
1385,000000000000	0,013357733000	0,391758920000	0,000079018000	0,000001110000
1386,000000000000	0,013364194000	0,391305240000	0,000078977000	0,000001038000
1387,000000000000	0,013370374000	0,390883610000	0,000079343000	0,000000996000
1388,000000000000	0,013377225000	0,390392590000	0,000079626000	0,000000840000
1389,000000000000	0,013385052000	0,389939330000	0,000079521000	0,000001162000
1390,000000000000	0,013391286000	0,389498510000	0,000079395000	0,000001048000
1391,000000000000	0,013397585000	0,389041370000	0,000079490000	0,000001349000
1392,000000000000	0,013405900000	0,388541980000	0,000079081000	0,000001235000
1393,000000000000	0,013412448000	0,388069740000	0,000079542000	0,000001006000
1394,000000000000	0,013418389000	0,387638680000	0,000079144000	0,000001079000
1395,000000000000	0,013426530000	0,387150720000	0,000079490000	0,000000996000
1396,000000000000	0,013433295000	0,386685210000	0,000079353000	0,000001038000
1397,000000000000	0,013440114000	0,386221130000	0,000079081000	0,000000923000
1398,000000000000	0,013447627000	0,385762970000	0,000079280000	0,000001090000
1399,000000000000	0,013454424000	0,385302760000	0,000079280000	0,000001297000
1400,000000000000	0,013461547000	0,384879910000	0,000079374000	0,000001204000
1401,000000000000	0,013466176000	0,384463170000	0,000078872000	0,000001141000
1402,000000000000	0,013473721000	0,384011950000	0,000079333000	0,000001214000
1403,000000000000	0,013481158000	0,383609910000	0,000078987000	0,000001069000
1404,000000000000	0,013487370000	0,383181750000	0,000079207000	0,000000955000
1405,000000000000	0,013495219000	0,382716640000	0,000079081000	0,000001193000
1406,000000000000	0,013500596000	0,382287870000	0,000079521000	0,000001266000
1407,000000000000	0,013507394000	0,381860730000	0,000079312000	0,000001193000
1408,000000000000	0,013514766000	0,381423580000	0,000079322000	0,000001173000
1409,000000000000	0,013521444000	0,380997670000	0,000079249000	0,000001058000
1410,000000000000	0,013526376000	0,380592970000	0,000079165000	0,000000913000
1411,000000000000	0,013533109000	0,380151950000	0,000079615000	0,000001038000
1412,000000000000	0,013540871000	0,379745420000	0,000078977000	0,000000986000
1413,000000000000	0,013547397000	0,379298690000	0,000079322000	0,000000965000
1414,000000000000	0,013553284000	0,378885220000	0,000079102000	0,000001131000
1415,000000000000	0,013561111000	0,378404000000	0,000079615000	0,000001090000
1416,000000000000	0,013568158000	0,377999100000	0,000079500000	0,000001058000
1417,000000000000	0,013573643000	0,377616860000	0,000079353000	0,000001380000
1418,000000000000	0,013580256000	0,377188670000	0,000079542000	0,000001121000
1419,000000000000	0,013586663000	0,376763160000	0,000079249000	0,000001079000
1420,000000000000	0,013594436000	0,376351330000	0,000079490000	0,000001027000
1421,000000000000	0,013600995000	0,375935610000	0,000079333000	0,000001121000
1422,000000000000	0,013607955000	0,375515410000	0,000079322000	0,000000872000
1423,000000000000	0,013614286000	0,375088470000	0,000079312000	0,000001069000
1424,000000000000	0,013620672000	0,374686430000	0,000079322000	0,000000975000
1425,000000000000	0,013628239000	0,374300310000	0,000079647000	0,000000923000
1426,000000000000	0,013633695000	0,373885000000	0,000079343000	0,000001090000
1427,000000000000	0,013639430000	0,373487050000	0,000079259000	0,000001173000
1428,000000000000	0,013645512000	0,373098070000	0,000079071000	0,000001131000
1429,000000000000	0,013654130000	0,372683580000	0,000079134000	0,000000892000
1430,000000000000	0,013659540000	0,372310930000	0,000079301000	0,000001307000
1431,000000000000	0,013665264000	0,371921950000	0,000079259000	0,000001214000
1432,000000000000	0,013670240000	0,371580520000	0,000079448000	0,000000944000
1433,000000000000	0,013676409000	0,371204800000	0,000079385000	0,000000405000
1434,000000000000	0,013683043000	0,370829290000	0,000079238000	0,000000986000
1435,000000000000	0,013689721000	0,370413580000	0,000079427000	0,000000923000
1436,000000000000	0,013696519000	0,369994190000	0,000079626000	0,000001058000
1437,000000000000	0,013704574000	0,369611540000	0,000079238000	0,000000975000
1438,000000000000	0,013709409000	0,369208280000	0,000079877000	0,000000892000
1439,000000000000	0,013716716000	0,368779090000	0,000079186000	0,000001121000
1440,000000000000	0,013723253000	0,368420320000	0,000079678000	0,000001058000
1441,000000000000	0,013728814000	0,368079500000	0,000079333000	0,000001017000
1442,000000000000	0,013733779000	0,367692360000	0,000079196000	0,000001110000
1443,000000000000	0,013740880000	0,367297670000	0,000079573000	0,000001100000
1444,000000000000	0,013746041000	0,366916230000	0,000079605000	0,000001100000
1445,000000000000	0,013752925000	0,366552350000	0,000079050000	0,000001048000
1446,000000000000	0,013759332000	0,366191130000	0,000079217000	0,000001017000
1447,000000000000	0,013766660000	0,365822560000	0,000079259000	0,000001256000
1448,000000000000	0,013770281000	0,365419090000	0,000079584000	0,000001090000
1449,000000000000	0,013776829000	0,365085620000	0,000079165000	0,000001058000
1450,000000000000	0,013785090000	0,364673990000	0,000079280000	0,000001027000
1451,000000000000	0,013789296000	0,364284600000	0,000079343000	0,000001287000
1452,000000000000	0,013795573000	0,363874810000	0,000079207000	0,000001069000
1453,000000000000	0,013802392000	0,363491130000	0,000079395000	0,000001038000
1454,000000000000	0,013809840000	0,363108480000	0,000079207000	0,000001058000
1455,000000000000	0,013814599000	0,362748890000	0,000079364000	0,000001131000
1456,000000000000	0,013821072000	0,362389090000	0,000079270000	0,000000872000
1457,000000000000	0,013827034000	0,362031750000	0,000079123000	0,000001079000
1458,000000000000	0,013832043000	0,361667260000	0,000079238000	0,000001090000
1459,000000000000	0,013837875000	0,361345830000	0,000079479000	0,000001006000
1460,000000000000	0,013844673000	0,360963380000	0,000079249000	0,000001017000
1461,000000000000	0,013846917000	0,360605830000	0,000079594000	0,000001079000
1462,000000000000	0,013853779000	0,360258280000	0,000079511000	0,000001006000
1463,000000000000	0,013859872000	0,359910320000	0,000079144000	0,000001058000
1464,000000000000	0,013866127000	0,359582970000	0,000079071000	0,000001204000
1465,000000000000	0,013871526000	0,359195830000	0,000079333000	0,000001131000
1466,000000000000	0,013877120000	0,358844000000	0,000079374000	0,000001204000
1467,000000000000	0,013883375000	0,358516040000	0,000079144000	0,000000840000
1468,000000000000	0,013889479000	0,358119300000	0,000079437000	0,000001121000
1469,000000000000	0,013896439000	0,357768080000	0,000078809000	0,000000913000
1470,000000000000	0,013901165000	0,357409510000	0,000079353000	0,000001245000
1471,000000000000	0,013908071000	0,357072370000	0,000079071000	0,000001079000
1472,000000000000	0,013914218000	0,356662780000	0,000078642000	0,000001214000
1473,000000000000	0,013920993000	0,356268650000	0,000079270000	0,000000882000
1474,000000000000	0,013927086000	0,355907840000	0,000079280000	0,000001173000
1475,000000000000	0,013934838000	0,355561310000	0,000078924000	0,000001090000
1476,000000000000	0,013938296000	0,355255190000	0,000078977000	0,000001287000
1477,000000000000	0,013945245000	0,354874370000	0,000079479000	0,000001183000
1478,000000000000	0,013950264000	0,354556820000	0,000079134000	0,000001193000
1479,000000000000	0,013955620000	0,354204370000	0,000079615000	0,000000996000
1480,000000000000	0,013962233000	0,353856620000	0,000079762000	0,000000975000
1481,000000000000	0,013968499000	0,353517230000	0,000079406000	0,000001110000
1482,000000000000	0,013975340000	0,353178660000	0,000079123000	0,000001058000
1483,000000000000	0,013980608000	0,352883760000	0,000079479000	0,000001245000
1484,000000000000	0,013985281000	0,352535390000	0,000079217000	0,000001173000
1485,000000000000	0,013991276000	0,352170900000	0,000079039000	0,000001141000
1486,000000000000	0,013998561000	0,351854580000	0,000079259000	0,000001100000
1487,000000000000	0,014004101000	0,351511720000	0,000079217000	0,000001193000
1488,000000000000	0,014009370000	0,351200090000	0,000078924000	0,000000923000
1489,000000000000	0,014015387000	0,350862540000	0,000079060000	0,000001318000
1490,000000000000	0,014020601000	0,350544990000	0,000079312000	0,000001214000
1491,000000000000	0,014026965000	0,350172130000	0,000078998000	0,000001183000
1492,000000000000	0,014033025000	0,349858660000	0,000079102000	0,000001038000
1493,000000000000	0,014039562000	0,349541930000	0,000079615000	0,000001162000
1494,000000000000	0,014046218000	0,349199680000	0,000079333000	0,000001110000
1495,000000000000	0,014050457000	0,348867030000	0,000079134000	0,000001100000
1496,000000000000	0,014057406000	0,348554580000	0,000079176000	0,000001131000
1497,000000000000	0,014062361000	0,348204180000	0,000078841000	0,000001121000
1498,000000000000	0,014066881000	0,347912140000	0,000079374000	0,000001224000
1499,000000000000	0,014073787000	0,347594990000	0,000079228000	0,000000923000
1500,000000000000	0,014079294000	0,347257850000	0,000079636000	0,000001131000
1501,000000000000	0,014084682000	0,346974590000	0,000079113000	0,000001131000
1502,000000000000	0,014090970000	0,346659690000	0,000079081000	0,000001173000
1503,000000000000	0,014095524000	0,346336020000	0,000079615000	0,000001152000
1504,000000000000	0,014101681000	0,346022530000	0,000079385000	0,000001276000
1505,000000000000	0,014107720000	0,345700490000	0,000079259000	0,000001100000
1506,000000000000	0,014113541000	0,345355380000	0,000079343000	0,000001110000
1507,000000000000	0,014116664000	0,345024770000	0,000079353000	0,000001266000
1508,000000000000	0,014122518000	0,344742120000	0,000078956000	0,000000923000
1509,000000000000	0,014127570000	0,344452120000	0,000079364000	0,000000903000
1510,000000000000	0,014133608000	0,344133550000	0,000079259000	0,000000986000
1511,000000000000	0,014139592000	0,343804770000	0,000079343000	0,000001100000
1512,000000000000	0,014144926000	0,343503750000	0,000079029000	0,000001224000
1513,000000000000	0,014150889000	0,343223760000	0,000079165000	0,000001224000
1514,000000000000	0,014157220000	0,342877840000	0,000079207000	0,000001224000
1515,000000000000	0,014163746000	0,342573550000	0,000079207000	0,000001017000
1516,000000000000	0,014168885000	0,342278250000	0,000079060000	0,000001141000
1517,000000000000	0,014173351000	0,341969270000	0,000079552000	0,000000996000
1518,000000000000	0,014180691000	0,341657640000	0,000079081000	0,000001276000
1519,000000000000	0,014186545000	0,341299880000	0,000078956000	0,000000975000
1520,000000000000	0,014192616000	0,340979470000	0,000079343000	0,000001162000
1521,000000000000	0,014198806000	0,340664780000	0,000079280000	0,000001152000
1522,000000000000	0,014204270000	0,340370900000	0,000079155000	0,000001235000
1523,000000000000	0,014208964000	0,340071310000	0,000079333000	0,000000965000
1524,000000000000	0,014213442000	0,339791110000	0,000079092000	0,000000996000
1525,000000000000	0,014219719000	0,339463960000	0,000079081000	0,000001027000
1526,000000000000	0,014224662000	0,339183560000	0,000079050000	0,000001152000
1527,000000000000	0,014229963000	0,338918660000	0,000079071000	0,000001193000
1528,000000000000	0,014235341000	0,338565390000	0,000079406000	0,000001173000
1529,000000000000	0,014240555000	0,338262540000	0,000079552000	0,000001173000
1530,000000000000	0,014247960000	0,337963560000	0,000079134000	0,000001121000
1531,000000000000	0,014253434000	0,337649680000	0,000079228000	0,000001069000
1532,000000000000	0,014258226000	0,337378870000	0,000079521000	0,000001090000
1533,000000000000	0,014264004000	0,337070300000	0,000079186000	0,000001027000
1534,000000000000	0,014268536000	0,336755190000	0,000079060000	0,000001245000
1535,000000000000	0,014273577000	0,336499480000	0,000078799000	0,000001162000
1536,000000000000	0,014280494000	0,336174990000	0,000079322000	0,000000955000
1537,000000000000	0,014286293000	0,335882130000	0,000079270000	0,000001162000
1538,000000000000	0,014290966000	0,335628460000	0,000079333000	0,000001204000
1539,000000000000	0,014297232000	0,335337220000	0,000079249000	0,000001079000
1540,000000000000	0,014301644000	0,335009460000	0,000079008000	0,000001224000
1541,000000000000	0,014308528000	0,334746610000	0,000079709000	0,000001162000
1542,000000000000	0,014314057000	0,334464560000	0,000079039000	0,000001204000
1543,000000000000	0,014319001000	0,334148440000	0,000079333000	0,000001193000
1544,000000000000	0,014323901000	0,333874570000	0,000079437000	0,000001069000
1545,000000000000	0,014328107000	0,333581300000	0,000079008000	0,000001131000
1546,000000000000	0,014332791000	0,333348850000	0,000079270000	0,000001027000
1547,000000000000	0,014339902000	0,333030690000	0,000078998000	0,000001359000
1548,000000000000	0,014346483000	0,332740080000	0,000079165000	0,000001318000
1549,000000000000	0,014350104000	0,332448240000	0,000079060000	0,000000965000
1550,000000000000	0,014355687000	0,332125380000	0,000079552000	0,000001027000
1551,000000000000	0,014362278000	0,331893140000	0,000079144000	0,000001121000
1552,000000000000	0,014367124000	0,331608040000	0,000079155000	0,000001069000
1553,000000000000	0,014369488000	0,331354570000	0,000079374000	0,000001058000
1554,000000000000	0,014376350000	0,331028860000	0,000078767000	0,000001152000
1555,000000000000	0,014383115000	0,330766410000	0,000078956000	0,000001048000
1556,000000000000	0,014385142000	0,330511920000	0,000079720000	0,000001162000
1557,000000000000	0,014392492000	0,330230290000	0,000078966000	0,000001027000
1558,000000000000	0,014397674000	0,329951510000	0,000079123000	0,000001069000
1559,000000000000	0,014405122000	0,329648040000	0,000079196000	0,000000986000
1560,000000000000	0,014408917000	0,329367630000	0,000079385000	0,000001359000
1561,000000000000	0,014414998000	0,329091100000	0,000079081000	0,000001058000
1562,000000000000	0,014418825000	0,328800080000	0,000078882000	0,000001058000
1563,000000000000	0,014424896000	0,328522940000	0,000079280000	0,000001141000
1564,000000000000	0,014430295000	0,328246000000	0,000079437000	0,000001131000
1565,000000000000	0,014436670000	0,327988250000	0,000079500000	0,000001131000
1566,000000000000	0,014442058000	0,327665390000	0,000079165000	0,000001100000
1567,000000000000	0,014447901000	0,327408860000	0,000078903000	0,000001058000
1568,000000000000	0,014450405000	0,327161110000	0,000079437000	0,000001110000
1569,000000000000	0,014455067000	0,326892540000	0,000079364000	0,000000996000
1570,000000000000	0,014464238000	0,326592330000	0,000079092000	0,000001173000
1571,000000000000	0,014466981000	0,326311110000	0,000079353000	0,000001131000
1572,000000000000	0,014473356000	0,326060700000	0,000078914000	0,000001245000
1573,000000000000	0,014479752000	0,325767030000	0,000079092000	0,000000975000
1574,000000000000	0,014484826000	0,325424170000	0,000079155000	0,000001256000
1575,000000000000	0,014491027000	0,325152950000	0,000079102000	0,000001235000
1576,000000000000	0,014496024000	0,324892700000	0,000079144000	0,000001349000
1577,000000000000	0,014500925000	0,324627800000	0,000079249000	0,000001110000
1578,000000000000	0,014507386000	0,324387800000	0,000079155000	0,000001017000
1579,000000000000	0,014512416000	0,324128420000	0,000079123000	0,000001162000
1580,000000000000	0,014515430000	0,323902500000	0,000079301000	0,000000965000
1581,000000000000	0,014519463000	0,323669230000	0,000079018000	0,000001090000
1582,000000000000	0,014525512000	0,323414340000	0,000079259000	0,000001235000
1583,000000000000	0,014528797000	0,323151280000	0,000079144000	0,000001048000
1584,000000000000	0,014535074000	0,322852500000	0,000079039000	0,000001090000
1585,000000000000	0,014540223000	0,322636580000	0,000079123000	0,000001162000
1586,000000000000	0,014543844000	0,322383520000	0,000078956000	0,000001048000
1587,000000000000	0,014549991000	0,322089650000	0,000079060000	0,000001224000
1588,000000000000	0,014555086000	0,321806580000	0,000078998000	0,000000965000
1589,000000000000	0,014560724000	0,321556380000	0,000079511000	0,000001079000
1590,000000000000	0,014565483000	0,321280460000	0,000078977000	0,000001256000
1591,000000000000	0,014572389000	0,320989440000	0,000079155000	0,000001069000
1592,000000000000	0,014577983000	0,320704340000	0,000079280000	0,000001027000
1593,000000000000	0,014582135000	0,320475970000	0,000078987000	0,000001121000
1594,000000000000	0,014589236000	0,320222910000	0,000078809000	0,000001204000
1595,000000000000	0,014593475000	0,319975160000	0,000079018000	0,000001183000
1596,000000000000	0,014596944000	0,319673530000	0,000079280000	0,000001131000
1597,000000000000	0,014603546000	0,319424960000	0,000079186000	0,000001141000
1598,000000000000	0,014608229000	0,319231690000	0,000079333000	0,000001214000
1599,000000000000	0,014613476000	0,319021690000	0,000079050000	0,000001235000
1600,001000000000	0,014619038000	0,318735980000	0,000078956000	0,000001318000
1601,000000000000	0,014623602000	0,318475570000	0,000078966000	0,000001328000
1602,000000000000	0,014629098000	0,318262510000	0,000079165000	0,000000913000
1603,000000000000	0,014633673000	0,317981900000	0,000079374000	0,000001183000
1604,000000000000	0,014642281000	0,317639450000	0,000079008000	0,000001204000
1605,000000000000	0,014646379000	0,317389240000	0,000078872000	0,000001162000
1606,000000000000	0,014651583000	0,317164350000	0,000078757000	0,000001204000
1607,000000000000	0,014654694000	0,316908020000	0,000078778000	0,000001235000
1608,000000000000	0,014659486000	0,316658630000	0,000079385000	0,000000840000
1609,000000000000	0,014665643000	0,316419040000	0,000079228000	0,000001110000
1610,000000000000	0,014670511000	0,316227000000	0,000079448000	0,000001027000
1611,000000000000	0,014673590000	0,315993530000	0,000078935000	0,000001173000
1612,000000000000	0,014679336000	0,315775980000	0,000079134000	0,000001193000
1613,000000000000	0,014685539000	0,315501900000	0,000079301000	0,000001141000
1614,000000000000	0,014689030000	0,315243940000	0,000079490000	0,000001100000
1615,000000000000	0,014696087000	0,315016190000	0,000079102000	0,000000955000
1616,000000000000	0,014699676000	0,314736190000	0,000079301000	0,000001214000
1617,000000000000	0,014705747000	0,314457810000	0,000078746000	0,000001090000
1618,000000000000	0,014710755000	0,314201080000	0,000079071000	0,000000996000
1619,000000000000	0,014714224000	0,313967400000	0,000078893000	0,000000986000
1620,000000000000	0,014719764000	0,313729240000	0,000079123000	0,000001048000
1621,000000000000	0,014726084000	0,313485360000	0,000079238000	0,000001017000
1622,000000000000	0,014731050000	0,313270260000	0,000078987000	0,000001183000
1623,000000000000	0,014733955000	0,313058630000	0,000078956000	0,000001183000
1624,000000000000	0,014740709000	0,312812100000	0,000079605000	0,000000986000
1625,000000000000	0,014744286000	0,312587610000	0,000079364000	0,000001090000
1626,000000000000	0,014749848000	0,312278220000	0,000078998000	0,000001017000
1627,000000000000	0,014754163000	0,312074340000	0,000079437000	0,000001110000
1628,000000000000	0,014758944000	0,311818630000	0,000079563000	0,000001173000
1629,000000000000	0,014765383000	0,311565160000	0,000079249000	0,000001141000
1630,000000000000	0,014770446000	0,311301490000	0,000079165000	0,000001017000
1631,000000000000	0,014775921000	0,311044960000	0,000079238000	0,000001245000
1632,000000000000	0,014779997000	0,310817610000	0,000079165000	0,000001256000
1633,000000000000	0,014784463000	0,310580260000	0,000079050000	0,000001079000
1634,000000000000	0,014788052000	0,310361690000	0,000079301000	0,000001152000
1635,000000000000	0,014794329000	0,310142920000	0,000079238000	0,000001027000
1636,000000000000	0,014799316000	0,309908020000	0,000079406000	0,000001079000
1637,000000000000	0,014805300000	0,309668630000	0,000079448000	0,000001204000
1638,000000000000	0,014812184000	0,309406800000	0,000079081000	0,000001048000
1639,000000000000	0,014815523000	0,309192720000	0,000079092000	0,000001131000
1640,000000000000	0,014819350000	0,308988840000	0,000078914000	0,000001141000
1641,000000000000	0,014826505000	0,308754760000	0,000079353000	0,000001390000
1642,000000000000	0,014828272000	0,308545980000	0,000079081000	0,000000986000
1643,000000000000	0,014833487000	0,308301900000	0,000079060000	0,000001307000
1644,000000000000	0,014839070000	0,308063530000	0,000079050000	0,000001422000
1645,000000000000	0,014843688000	0,307827410000	0,000079280000	0,000001339000
1646,000000000000	0,014850388000	0,307568230000	0,000079092000	0,000001266000
1647,000000000000	0,014854648000	0,307274150000	0,000078935000	0,000001006000
1648,000000000000	0,014862757000	0,307067820000	0,000079511000	0,000001224000
1649,000000000000	0,014864893000	0,306846190000	0,000079092000	0,000001266000
1650,000000000000	0,014871615000	0,306584960000	0,000079081000	0,000001121000
1651,000000000000	0,014876287000	0,306313940000	0,000078903000	0,000001256000
1652,000000000000	0,014881610000	0,306094350000	0,000078924000	0,000001048000
1653,000000000000	0,014884917000	0,305883330000	0,000078642000	0,000001183000
1654,000000000000	0,014890792000	0,305650680000	0,000079018000	0,000000965000
1655,000000000000	0,014896907000	0,305401900000	0,000078788000	0,000001121000
1656,000000000000	0,014898891000	0,305195780000	0,000079385000	0,000001110000
1657,000000000000	0,014905504000	0,304995990000	0,000078757000	0,000001162000
1658,000000000000	0,014909450000	0,304782310000	0,000079029000	0,000001121000
1659,000000000000	0,014912464000	0,304570890000	0,000079280000	0,000001131000
1660,000000000000	0,014919651000	0,304337210000	0,000079448000	0,000001183000
1661,000000000000	0,014923250000	0,304154150000	0,000078778000	0,000001349000
1662,000000000000	0,014927663000	0,303916990000	0,000078935000	0,000001110000
1663,000000000000	0,014934059000	0,303690250000	0,000079144000	0,000001328000
1664,000000000000	0,014939425000	0,303450050000	0,000079301000	0,000001131000
1665,000000000000	0,014943480000	0,303252300000	0,000079469000	0,000001193000
1666,000000000000	0,014950082000	0,302978420000	0,000079615000	0,000001235000
1667,000000000000	0,014953605000	0,302758830000	0,000078935000	0,000001152000
1668,000000000000	0,014959947000	0,302476580000	0,000079176000	0,000001090000
1669,000000000000	0,014963265000	0,302291890000	0,000079270000	0,000001162000
1670,000000000000	0,014969021000	0,302078830000	0,000078872000	0,000001276000
1671,000000000000	0,014972404000	0,301826180000	0,000079134000	0,000001256000
1672,000000000000	0,014977293000	0,301578010000	0,000079312000	0,000001162000
1673,000000000000	0,014983321000	0,301386580000	0,000079615000	0,000001027000
1674,000000000000	0,014987581000	0,301179440000	0,000078893000	0,000001058000
1675,000000000000	0,014992503000	0,300938630000	0,000078715000	0,000001069000
1676,000000000000	0,014997338000	0,300700260000	0,000078956000	0,000001069000
1677,000000000000	0,015002585000	0,300462100000	0,000078526000	0,000001276000
1678,000000000000	0,015008960000	0,300237610000	0,000078683000	0,000001069000
1679,000000000000	0,015013069000	0,300014550000	0,000079176000	0,000001193000
1680,000000000000	0,015017047000	0,299842710000	0,000079301000	0,000001256000
1681,000000000000	0,015020397000	0,299606380000	0,000079081000	0,000001048000
1682,000000000000	0,015024397000	0,299480260000	0,000079060000	0,000001048000
1683,000000000000	0,015030577000	0,299255160000	0,000079050000	0,000001006000
1684,000000000000	0,015035282000	0,299020360000	0,000078799000	0,000000892000
1685,000000000000	0,015040312000	0,298785160000	0,000078882000	0,000001183000
1686,000000000000	0,015045559000	0,298602710000	0,000078683000	0,000001048000
1687,000000000000	0,015049874000	0,298371490000	0,000079437000	0,000001069000
1688,000000000000	0,015057951000	0,298132510000	0,000079029000	0,000001307000
1689,000000000000	0,015060596000	0,297896390000	0,000079039000	0,000001100000
1690,000000000000	0,015067068000	0,297655770000	0,000078652000	0,000001266000
1691,000000000000	0,015070483000	0,297475160000	0,000079228000	0,000001141000
1692,000000000000	0,015074624000	0,297265980000	0,000078987000	0,000001193000
1693,000000000000	0,015078646000	0,297004350000	0,000079165000	0,000001214000
1694,000000000000	0,015082581000	0,296784750000	0,000079123000	0,000000944000
1695,000000000000	0,015088609000	0,296611290000	0,000079029000	0,000001152000
1696,000000000000	0,015094843000	0,296398020000	0,000079385000	0,000001152000
1697,000000000000	0,015099103000	0,296179040000	0,000079071000	0,000001038000
1698,000000000000	0,015102420000	0,295976800000	0,000079291000	0,000001110000
1699,000000000000	0,015107884000	0,295804760000	0,000078924000	0,000001266000
1700,000000000000	0,015111354000	0,295592100000	0,000079259000	0,000001193000
1701,000000000000	0,015108090000	0,295368840000	0,000079039000	0,000001173000
1702,000000000000	0,015123051000	0,295157210000	0,000079207000	0,000001121000
1703,000000000000	0,015130488000	0,294936590000	0,000079176000	0,000001422000
1704,000000000000	0,015131995000	0,294715780000	0,000079081000	0,000001318000
1705,000000000000	0,015138543000	0,294462720000	0,000078495000	0,000001183000
1706,000000000000	0,015142251000	0,294281080000	0,000079092000	0,000001131000
1707,000000000000	0,015147064000	0,294114760000	0,000079448000	0,000001027000
1708,000000000000	0,015150620000	0,293906390000	0,000078987000	0,000001027000
1709,000000000000	0,015157428000	0,293678840000	0,000078799000	0,000001256000
1710,000000000000	0,015161168000	0,293464320000	0,000078914000	0,000001256000
1711,000000000000	0,015164008000	0,293277180000	0,000079071000	0,000001214000
1712,000000000000	0,015170513000	0,293084320000	0,000079741000	0,000001276000
1713,000000000000	0,015173950000	0,292872890000	0,000079029000	0,000001235000
1714,000000000000	0,015179544000	0,292677790000	0,000078820000	0,000001307000
1715,000000000000	0,015184780000	0,292452080000	0,000079374000	0,000001173000
1716,000000000000	0,015189268000	0,292287380000	0,000079008000	0,000001141000
1717,000000000000	0,015194938000	0,292073300000	0,000078474000	0,000000986000
1718,000000000000	0,015198147000	0,291867790000	0,000078757000	0,000001183000
1719,000000000000	0,015204055000	0,291645960000	0,000079448000	0,000001058000
1720,000000000000	0,015206733000	0,291461670000	0,000079050000	0,000001224000
1721,000000000000	0,015213032000	0,291237790000	0,000079060000	0,000001276000
1722,000000000000	0,015217477000	0,291018200000	0,000078861000	0,000001131000
1723,000000000000	0,015223049000	0,290800650000	0,000078914000	0,000001121000
1724,000000000000	0,015227689000	0,290602280000	0,000078935000	0,000001245000
1725,000000000000	0,015231321000	0,290398200000	0,000079060000	0,000001183000
1726,000000000000	0,015235928000	0,290180650000	0,000078935000	0,000001214000
1727,000000000000	0,015240004000	0,289943920000	0,000079270000	0,000001069000
1728,000000000000	0,015245208000	0,289762900000	0,000079301000	0,000001204000
1729,000000000000	0,015249122000	0,289601670000	0,000079228000	0,000001121000
1730,000000000000	0,015256439000	0,289405550000	0,000078767000	0,000001297000
1731,000000000000	0,015259041000	0,289210040000	0,000078788000	0,000000996000
1732,000000000000	0,015262792000	0,289030250000	0,000079207000	0,000001224000
1733,000000000000	0,015268646000	0,288823310000	0,000079353000	0,000001328000
1734,000000000000	0,015274977000	0,288611270000	0,000078809000	0,000001058000
1735,000000000000	0,015277579000	0,288396170000	0,000079196000	0,000001276000
1736,000000000000	0,015280355000	0,288173920000	0,000078956000	0,000001276000
1737,000000000000	0,015285873000	0,287966980000	0,000079060000	0,000001422000
1738,000000000000	0,015289884000	0,287783510000	0,000078893000	0,000001131000
1739,000000000000	0,015300692000	0,287603310000	0,000079113000	0,000001204000
1740,000000000000	0,015303349000	0,287384530000	0,000078841000	0,000000986000
1741,000000000000	0,015306666000	0,287244330000	0,000078924000	0,000001069000
1742,000000000000	0,015308834000	0,287056370000	0,000078987000	0,000001266000
1743,000000000000	0,015315306000	0,286856580000	0,000079490000	0,000001214000
1744,000000000000	0,015319447000	0,286664540000	0,000079092000	0,000001079000
1745,000000000000	0,015321540000	0,286511680000	0,000078977000	0,000001214000
1746,000000000000	0,015327979000	0,286337600000	0,000079374000	0,000001183000
1747,000000000000	0,015330560000	0,286166370000	0,000079144000	0,000001038000
1748,000000000000	0,015337422000	0,285950050000	0,000078841000	0,000001256000
1749,000000000000	0,015341281000	0,285759430000	0,000079092000	0,000001121000
1750,000000000000	0,015348501000	0,285546990000	0,000079123000	0,000001173000
1751,000000000000	0,015351884000	0,285359440000	0,000079385000	0,000001224000
1752,000000000000	0,015356730000	0,285114950000	0,000079249000	0,000001173000
1753,000000000000	0,015361999000	0,284907190000	0,000079071000	0,000001141000
1754,000000000000	0,015364893000	0,284724740000	0,000078746000	0,000001162000
1755,000000000000	0,015368872000	0,284535560000	0,000078903000	0,000001287000
1756,000000000000	0,015372699000	0,284320870000	0,000079060000	0,000001193000
1757,000000000000	0,015378499000	0,284124740000	0,000079155000	0,000001214000
1758,000000000000	0,015381263000	0,283972700000	0,000078966000	0,000001297000
1759,000000000000	0,015389459000	0,283762090000	0,000079196000	0,000001214000
1760,000000000000	0,015394890000	0,283535970000	0,000079029000	0,000001090000
1761,000000000000	0,015396278000	0,283358620000	0,000079092000	0,000001328000
1762,000000000000	0,015400755000	0,283197400000	0,000079176000	0,000000986000
1763,000000000000	0,015405764000	0,283053090000	0,000078642000	0,000001121000
1764,000000000000	0,015411434000	0,282865950000	0,000078526000	0,000000934000
1765,000000000000	0,015413244000	0,282656150000	0,000079113000	0,000001131000
1766,000000000000	0,015421819000	0,282457380000	0,000079312000	0,000001204000
1767,000000000000	0,015423868000	0,282303500000	0,000079039000	0,000001214000
1768,000000000000	0,015430308000	0,282061870000	0,000078799000	0,000001162000
1769,000000000000	0,015434243000	0,281826770000	0,000079155000	0,000001297000
1770,000000000000	0,015441724000	0,281568400000	0,000078987000	0,000001339000
1771,000000000000	0,015445236000	0,281405950000	0,000079615000	0,000001183000
1772,000000000000	0,015451708000	0,281106560000	0,000078736000	0,000001328000
1773,000000000000	0,015456934000	0,280840030000	0,000079039000	0,000000934000
1774,000000000000	0,015464631000	0,280579220000	0,000079165000	0,000001121000
1775,000000000000	0,015473672000	0,280281260000	0,000079039000	0,000001266000
1776,000000000000	0,015480047000	0,279959630000	0,000079469000	0,000001204000
1777,000000000000	0,015487549000	0,279617380000	0,000078861000	0,000001307000
1778,000000000000	0,015506250000	0,278859220000	0,000079155000	0,000001359000
1779,000000000000	0,015535011000	0,277768410000	0,000079186000	0,000001152000
1780,000000000000	0,015561008000	0,276726980000	0,000079155000	0,000001048000
1781,000000000000	0,015585042000	0,275748820000	0,000079364000	0,000001193000
1782,000000000000	0,015609034000	0,274797190000	0,000078945000	0,000001141000
1783,000000000000	0,015629751000	0,273861060000	0,000079217000	0,000001224000
1784,000000000000	0,015650468000	0,272947800000	0,000079280000	0,000001235000
1785,000000000000	0,015675337000	0,272039810000	0,000079113000	0,000001556000
1786,000000000000	0,015693193000	0,271143280000	0,000079270000	0,000001297000
1787,000000000000	0,015717401000	0,270294510000	0,000078746000	0,000001266000
1788,000000000000	0,015739552000	0,269486760000	0,000078966000	0,000001193000
1789,000000000000	0,015763673000	0,268638590000	0,000079406000	0,000001339000
1790,000000000000	0,015784304000	0,267754720000	0,000079102000	0,000001173000
1791,000000000000	0,015804902000	0,266994510000	0,000079060000	0,000001297000
1792,000000000000	0,015828774000	0,266130030000	0,000079469000	0,000001152000
1793,000000000000	0,015849708000	0,265276350000	0,000078945000	0,000001183000
1794,000000000000	0,015869634000	0,264422890000	0,000078506000	0,000001173000
1795,000000000000	0,015892335000	0,263617990000	0,000078673000	0,000001152000
1796,000000000000	0,015916163000	0,262816150000	0,000079071000	0,000001214000
1797,000000000000	0,015934572000	0,262029400000	0,000079102000	0,000001017000
1798,000000000000	0,015959267000	0,261166140000	0,000079259000	0,000001027000
1799,000000000000	0,015975291000	0,260438590000	0,000078757000	0,000001287000
1800,000000000000	0,015997818000	0,259747570000	0,000078757000	0,000001287000
1801,000000000000	0,016018395000	0,259011850000	0,000079176000	0,000001193000
1802,000000000000	0,016039882000	0,258218590000	0,000078673000	0,000001110000
1803,000000000000	0,016060046000	0,257470020000	0,000078872000	0,000001307000
1804,000000000000	0,016078508000	0,256752060000	0,000079039000	0,000001141000
1805,000000000000	0,016100169000	0,256055530000	0,000079228000	0,000001370000
1806,000000000000	0,016121862000	0,255313080000	0,000078830000	0,000001204000
1807,000000000000	0,016144606000	0,254586960000	0,000078746000	0,000001328000
1808,000000000000	0,016164434000	0,253878600000	0,000079029000	0,000001193000
1809,000000000000	0,016186160000	0,253232270000	0,000079196000	0,000001224000
1810,000000000000	0,016207799000	0,252444520000	0,000078882000	0,000001141000
1811,000000000000	0,016228516000	0,251704310000	0,000079102000	0,000001100000
1812,000000000000	0,016246989000	0,251015710000	0,000078600000	0,000001297000
1813,000000000000	0,016264085000	0,250330000000	0,000078987000	0,000001141000
1814,000000000000	0,016284336000	0,249657140000	0,000079259000	0,000001235000
1815,000000000000	0,016305552000	0,248947760000	0,000079144000	0,000001048000
1816,000000000000	0,016325316000	0,248330610000	0,000078945000	0,000001297000
1817,000000000000	0,016344277000	0,247682860000	0,000078987000	0,000001162000
1818,000000000000	0,016362815000	0,247022860000	0,000078736000	0,000001432000
1819,000000000000	0,016384280000	0,246338780000	0,000078956000	0,000001121000
1820,000000000000	0,016400401000	0,245637560000	0,000079186000	0,000001173000
1821,000000000000	0,016418711000	0,245035310000	0,000079123000	0,000001162000
1822,000000000000	0,016441109000	0,244397560000	0,000078935000	0,000001141000
1823,000000000000	0,016459831000	0,243800420000	0,000078432000	0,000000975000
1824,000000000000	0,016478066000	0,243149810000	0,000078694000	0,000000986000
1825,000000000000	0,016492625000	0,242576950000	0,000078725000	0,000001152000
1826,000000000000	0,016514232000	0,241957360000	0,000078893000	0,000001307000
1827,000000000000	0,016528520000	0,241354910000	0,000078474000	0,000001505000
1828,000000000000	0,016552370000	0,240725310000	0,000079374000	0,000001204000
1829,000000000000	0,016566334000	0,240138980000	0,000079291000	0,000001069000
1830,000000000000	0,016584904000	0,239567150000	0,000078799000	0,000001058000
1831,000000000000	0,016603313000	0,238991030000	0,000078380000	0,000001318000
1832,000000000000	0,016621406000	0,238342460000	0,000078935000	0,000001245000
1833,000000000000	0,016638459000	0,237748170000	0,000078631000	0,000001100000
1834,000000000000	0,016656922000	0,237206340000	0,000078977000	0,000001380000
1835,000000000000	0,016673790000	0,236651230000	0,000078987000	0,000001318000
1836,000000000000	0,016689022000	0,236111030000	0,000078914000	0,000001193000
1837,000000000000	0,016706704000	0,235528380000	0,000079511000	0,000001173000
1838,000000000000	0,016723388000	0,234994500000	0,000079039000	0,000001276000
1839,000000000000	0,016744127000	0,234473890000	0,000078568000	0,000001193000
1840,000000000000	0,016762188000	0,233872870000	0,000078338000	0,000001048000
1841,000000000000	0,016778809000	0,233298790000	0,000079102000	0,000001204000
1842,000000000000	0,016800676000	0,232717770000	0,000078987000	0,000001090000
1843,000000000000	0,016818087000	0,232165530000	0,000079165000	0,000001204000
1844,000000000000	0,016833589000	0,231683890000	0,000079123000	0,000001328000
1845,000000000000	0,016852030000	0,231091850000	0,000078903000	0,000001297000
1846,000000000000	0,016869343000	0,230588580000	0,000078809000	0,000001256000
1847,000000000000	0,016883924000	0,230048780000	0,000078935000	0,000001121000
1848,000000000000	0,016901042000	0,229558580000	0,000079249000	0,000001297000
1849,000000000000	0,016918149000	0,229060210000	0,000078757000	0,000000944000
1850,000000000000	0,016933511000	0,228608990000	0,000079102000	0,000001349000
1851,000000000000	0,016951453000	0,228167160000	0,000078767000	0,000001173000
1852,000000000000	0,016968235000	0,227665520000	0,000079238000	0,000001152000
1853,000000000000	0,016986058000	0,227112560000	0,000079113000	0,000001318000
1854,000000000000	0,017001441000	0,226604100000	0,000079008000	0,000001027000
1855,000000000000	0,017020250000	0,226086340000	0,000078820000	0,000001287000
1856,000000000000	0,017034864000	0,225609610000	0,000078830000	0,000001359000
1857,000000000000	0,017055300000	0,225074510000	0,000078809000	0,000001183000
1858,000000000000	0,017069339000	0,224588590000	0,000078820000	0,000000955000
1859,000000000000	0,017085644000	0,224114300000	0,000078778000	0,000001162000
1860,000000000000	0,017103466000	0,223640220000	0,000079102000	0,000001256000
1861,000000000000	0,017119457000	0,223155940000	0,000079165000	0,000001349000
1862,000000000000	0,017132054000	0,222716550000	0,000078621000	0,000001110000
1863,000000000000	0,017152923000	0,222247570000	0,000078977000	0,000001235000
1864,000000000000	0,017168838000	0,221789410000	0,000078956000	0,000001193000
1865,000000000000	0,017185652000	0,221346140000	0,000078893000	0,000001266000
1866,000000000000	0,017196949000	0,220864920000	0,000078935000	0,000001193000
1867,000000000000	0,017215563000	0,220395130000	0,000078673000	0,000001287000
1868,000000000000	0,017231467000	0,219988350000	0,000079228000	0,000001162000
1869,000000000000	0,017248704000	0,219525290000	0,000078914000	0,000001339000
1870,000000000000	0,017260044000	0,219133050000	0,000079029000	0,000001214000
1871,000000000000	0,017277465000	0,218652230000	0,000078924000	0,000001214000
1872,000000000000	0,017290323000	0,218255910000	0,000079029000	0,000001069000
1873,000000000000	0,017309089000	0,217857540000	0,000079029000	0,000001422000
1874,000000000000	0,017321870000	0,217399380000	0,000078642000	0,000001245000
1875,000000000000	0,017337882000	0,216972440000	0,000079071000	0,000001224000
1876,000000000000	0,017353743000	0,216554480000	0,000078882000	0,000001245000
1877,000000000000	0,017371696000	0,216120600000	0,000078663000	0,000001245000
1878,000000000000	0,017386710000	0,215687340000	0,000078495000	0,000001411000
1879,000000000000	0,017403666000	0,215211620000	0,000079071000	0,000001307000
1880,000000000000	0,017416805000	0,214819380000	0,000078704000	0,000001401000
1881,000000000000	0,017432590000	0,214417750000	0,000078872000	0,000000975000
1882,000000000000	0,017447583000	0,214062650000	0,000079102000	0,000001183000
1883,000000000000	0,017460625000	0,213633460000	0,000078757000	0,000001307000
1884,000000000000	0,017473981000	0,213294280000	0,000078736000	0,000001235000
1885,000000000000	0,017490893000	0,212901220000	0,000078977000	0,000001287000
1886,000000000000	0,017503024000	0,212536120000	0,000078799000	0,000001152000
1887,000000000000	0,017518776000	0,212119380000	0,000078924000	0,000001276000
1888,000000000000	0,017531146000	0,211718360000	0,000078757000	0,000001100000
1889,000000000000	0,017547407000	0,211308980000	0,000078317000	0,000001204000
1890,000000000000	0,017563821000	0,210926530000	0,000078956000	0,000001370000
1891,000000000000	0,017576223000	0,210568570000	0,000078903000	0,000001224000
1892,000000000000	0,017594251000	0,210102450000	0,000078757000	0,000001256000
1893,000000000000	0,017607749000	0,209807550000	0,000078663000	0,000001287000
1894,000000000000	0,017621094000	0,209434280000	0,000079259000	0,000001328000
1895,000000000000	0,017632911000	0,209064680000	0,000078600000	0,000001183000
1896,000000000000	0,017650419000	0,208666730000	0,000078799000	0,000001100000
1897,000000000000	0,017664187000	0,208282640000	0,000078704000	0,000001152000
1898,000000000000	0,017679636000	0,207920200000	0,000078380000	0,000001173000
1899,000000000000	0,017694054000	0,207529380000	0,000079469000	0,000001100000
1900,000000000000	0,017705567000	0,207187750000	0,000078799000	0,000001100000
1901,000000000000	0,017721222000	0,206793260000	0,000078579000	0,000001307000
1902,000000000000	0,017733917000	0,206476930000	0,000078715000	0,000001297000
1903,000000000000	0,017753105000	0,206127950000	0,000078610000	0,000001359000
1904,000000000000	0,017765096000	0,205757550000	0,000078778000	0,000001183000
1905,000000000000	0,017778679000	0,205376730000	0,000078872000	0,000001276000
1906,000000000000	0,017793716000	0,205027960000	0,000079050000	0,000001090000
1907,000000000000	0,017806942000	0,204712040000	0,000078746000	0,000001110000
1908,000000000000	0,017817490000	0,204373060000	0,000078715000	0,000001328000
1909,000000000000	0,017831479000	0,204047340000	0,000078914000	0,000001370000
1910,000000000000	0,017846581000	0,203762240000	0,000078956000	0,000001204000
1911,000000000000	0,017855015000	0,203397960000	0,000078725000	0,000001245000
1912,000000000000	0,017869586000	0,203039590000	0,000078725000	0,000001359000
1913,000000000000	0,017879895000	0,202688570000	0,000078998000	0,000001183000
1914,000000000000	0,017898043000	0,202341220000	0,000078799000	0,000001058000
1915,000000000000	0,017910998000	0,202019390000	0,000078872000	0,000000996000
1916,000000000000	0,017922978000	0,201681840000	0,000078851000	0,000001442000
1917,000000000000	0,017940594000	0,201308370000	0,000078945000	0,000001131000
1918,000000000000	0,017955631000	0,200954290000	0,000078328000	0,000001307000
1919,000000000000	0,017966776000	0,200692040000	0,000078998000	0,000001370000
1920,000000000000	0,017980663000	0,200374900000	0,000078799000	0,000001006000
1921,000000000000	0,017989997000	0,200064490000	0,000078725000	0,000001214000
1922,000000000000	0,018008329000	0,199695110000	0,000078579000	0,000001173000
1923,000000000000	0,018021024000	0,199398580000	0,000078663000	0,000001162000
1924,000000000000	0,018030586000	0,199091800000	0,000078694000	0,000001256000
1925,000000000000	0,018046045000	0,198785680000	0,000078694000	0,000001090000
1926,000000000000	0,018058231000	0,198473640000	0,000078411000	0,000001432000
1927,000000000000	0,018071240000	0,198145070000	0,000078663000	0,000001069000
1928,000000000000	0,018082222000	0,197819970000	0,000079385000	0,000001173000
1929,000000000000	0,018099286000	0,197509970000	0,000078631000	0,000001121000
1930,000000000000	0,018109986000	0,197208130000	0,000078767000	0,000001276000
1931,000000000000	0,018119320000	0,196952420000	0,000078736000	0,000001224000
1932,000000000000	0,018137273000	0,196640580000	0,000078861000	0,000001162000
1933,000000000000	0,018147593000	0,196333850000	0,000078631000	0,000001256000
1934,000000000000	0,018164809000	0,195977110000	0,000078767000	0,000001141000
1935,000000000000	0,018177244000	0,195662220000	0,000078464000	0,000001173000
1936,000000000000	0,018187760000	0,195364460000	0,000078767000	0,000001079000
1937,000000000000	0,018201810000	0,195072830000	0,000078778000	0,000001090000
1938,000000000000	0,018216694000	0,194709360000	0,000078757000	0,000001214000
1939,000000000000	0,018227676000	0,194443440000	0,000078799000	0,000001235000
1940,000000000000	0,018237271000	0,194155070000	0,000078757000	0,000001266000
1941,000000000000	0,018254031000	0,193880180000	0,000078903000	0,000001121000
1942,000000000000	0,018264915000	0,193536910000	0,000078673000	0,000001048000
1943,000000000000	0,018277177000	0,193273040000	0,000078443000	0,000001266000
1944,000000000000	0,018293633000	0,192986910000	0,000078820000	0,000001318000
1945,000000000000	0,018306111000	0,192693240000	0,000078673000	0,000001152000
1946,000000000000	0,018319457000	0,192369770000	0,000078893000	0,000001359000
1947,000000000000	0,018327392000	0,192072020000	0,000078589000	0,000001359000
1948,000000000000	0,018343199000	0,191825690000	0,000078736000	0,000001245000
1949,000000000000	0,018350787000	0,191576300000	0,000078725000	0,000001204000
1950,000000000000	0,018361943000	0,191278960000	0,000078673000	0,000001141000
1951,000000000000	0,018373944000	0,190983850000	0,000078820000	0,000001266000
1952,000000000000	0,018389381000	0,190688960000	0,000078746000	0,000001432000
1953,000000000000	0,018402445000	0,190404060000	0,000079050000	0,000000934000
1954,000000000000	0,018416256000	0,190097730000	0,000078914000	0,000000965000
1955,000000000000	0,018424571000	0,189831820000	0,000078799000	0,000001328000
1956,000000000000	0,018438275000	0,189583240000	0,000078841000	0,000001370000
1957,000000000000	0,018446297000	0,189335900000	0,000079134000	0,000001235000
1958,000000000000	0,018465323000	0,189008350000	0,000078558000	0,000001214000
1959,000000000000	0,018480067000	0,188738350000	0,000079081000	0,000001183000
1960,000000000000	0,018484663000	0,188434270000	0,000078663000	0,000001193000
1961,000000000000	0,018500556000	0,188197530000	0,000078977000	0,000001048000
1962,000000000000	0,018511527000	0,187946720000	0,000078809000	0,000001162000
1963,000000000000	0,018525567000	0,187609370000	0,000078736000	0,000000965000
1964,000000000000	0,018535367000	0,187356920000	0,000079144000	0,000001390000
1965,000000000000	0,018548018000	0,187077130000	0,000078704000	0,000000892000
1966,000000000000	0,018564464000	0,186774270000	0,000079291000	0,000001328000
1967,000000000000	0,018573809000	0,186497740000	0,000078767000	0,000001006000
1968,000000000000	0,018588185000	0,186230190000	0,000078589000	0,000001328000
1969,000000000000	0,018597779000	0,185976720000	0,000078956000	0,000001401000
1970,000000000000	0,018610452000	0,185742030000	0,000078537000	0,000001131000
1971,000000000000	0,018622160000	0,185466310000	0,000078516000	0,000001090000
1972,000000000000	0,018631896000	0,185246520000	0,000079018000	0,000001131000
1973,000000000000	0,018645230000	0,184962230000	0,000079081000	0,000001245000
1974,000000000000	0,018656516000	0,184720390000	0,000079039000	0,000001266000
1975,000000000000	0,018670858000	0,184481620000	0,000079134000	0,000001079000
1976,000000000000	0,018683868000	0,184189170000	0,000079050000	0,000001214000
1977,000000000000	0,018695392000	0,183910400000	0,000078673000	0,000001152000
1978,000000000000	0,018707913000	0,183657340000	0,000078872000	0,000001287000
1979,000000000000	0,018724142000	0,183405910000	0,000078725000	0,000001204000
1980,000000000000	0,018730603000	0,183166720000	0,000078977000	0,000001048000
1981,000000000000	0,018741878000	0,182914270000	0,000079029000	0,000001173000
1982,000000000000	0,018755137000	0,182638970000	0,000079092000	0,000001152000
1983,000000000000	0,018766086000	0,182423050000	0,000078977000	0,000001069000
1984,000000000000	0,018781101000	0,182083870000	0,000078841000	0,000001235000
1985,000000000000	0,018795173000	0,181851220000	0,000079081000	0,000001224000
1986,000000000000	0,018802881000	0,181599380000	0,000079018000	0,000001307000
1987,000000000000	0,018818622000	0,181346110000	0,000078882000	0,000001370000
1988,000000000000	0,018830981000	0,181104690000	0,000078652000	0,000001214000
1989,000000000000	0,018834656000	0,180877340000	0,000079123000	0,000001224000
1990,000000000000	0,018852554000	0,180615090000	0,000078579000	0,000001297000
1991,000000000000	0,018863298000	0,180384690000	0,000078893000	0,000001110000
1992,000000000000	0,018877209000	0,180136730000	0,000078956000	0,000001349000
1993,000000000000	0,018886977000	0,179889990000	0,000078935000	0,000001204000
1994,000000000000	0,018898078000	0,179670810000	0,000078673000	0,000001162000
1995,000000000000	0,018911109000	0,179454480000	0,000079081000	0,000001370000
1996,000000000000	0,018918990000	0,179196730000	0,000078778000	0,000001370000
1997,000000000000	0,018931262000	0,178942650000	0,000079196000	0,000001110000
1998,000000000000	0,018945616000	0,178646930000	0,000078683000	0,000001173000
1999,000000000000	0,018955947000	0,178447960000	0,000078704000	0,000000996000
2000,000000000000	0,018969997000	0,178174460000	0,000078809000	0,000001318000
2001,000000000000	0,018981023000	0,177964460000	0,000078558000	0,000001349000
2002,000000000000	0,018994477000	0,177697310000	0,000078474000	0,000001141000
2003,000000000000	0,019003388000	0,177447520000	0,000078610000	0,000001110000
2004,000000000000	0,019014608000	0,177233230000	0,000078841000	0,000001224000
2005,000000000000	0,019029157000	0,176964460000	0,000078725000	0,000001380000
2006,000000000000	0,019040681000	0,176682010000	0,000079364000	0,000001079000
2007,000000000000	0,019053907000	0,176473850000	0,000079207000	0,000001131000
2008,000000000000	0,019062060000	0,176238340000	0,000078872000	0,000001297000
2009,000000000000	0,019078581000	0,175989560000	0,000078809000	0,000001058000
2010,000000000000	0,019091157000	0,175769360000	0,000078432000	0,000001432000
2011,000000000000	0,019104351000	0,175515680000	0,000078788000	0,000001121000
2012,000000000000	0,019112958000	0,175323640000	0,000078945000	0,000001121000
2013,000000000000	0,019123713000	0,175061600000	0,000079029000	0,000001048000
2014,000000000000	0,019134966000	0,174844870000	0,000078778000	0,000001006000
2015,000000000000	0,019147151000	0,174637320000	0,000078621000	0,000001152000
2016,000000000000	0,019159737000	0,174433030000	0,000078861000	0,000001370000
2017,000000000000	0,019164334000	0,174279970000	0,000078767000	0,000001276000
2018,000000000000	0,019175674000	0,174070380000	0,000078830000	0,000001079000
2019,000000000000	0,019182818000	0,173867930000	0,000078642000	0,000001141000
2020,000000000000	0,019196185000	0,173668140000	0,000079018000	0,000001069000
2021,000000000000	0,019199578000	0,173498340000	0,000078694000	0,000001141000
2022,000000000000	0,019213520000	0,173239160000	0,000078631000	0,000001017000
2023,000000000000	0,019222735000	0,173040590000	0,000079050000	0,000001090000
2024,000000000000	0,019237240000	0,172799970000	0,000078841000	0,000001453000
2025,000000000000	0,019249144000	0,172590790000	0,000078757000	0,000001349000
2026,000000000000	0,019258846000	0,172367930000	0,000078725000	0,000001318000
2027,000000000000	0,019270772000	0,172119570000	0,000078568000	0,000001131000
2028,000000000000	0,019283824000	0,171900590000	0,000079123000	0,000000944000
2029,000000000000	0,019293017000	0,171752420000	0,000078181000	0,000001318000
2030,000000000000	0,019306840000	0,171484260000	0,000078820000	0,000001038000
2031,000000000000	0,019313995000	0,171239360000	0,000078945000	0,000001204000
2032,000000000000	0,019325920000	0,171013450000	0,000078924000	0,000001193000
2033,000000000000	0,019340241000	0,170809160000	0,000078935000	0,000001204000
2034,000000000000	0,019349326000	0,170590390000	0,000078977000	0,000001048000
2035,000000000000	0,019364232000	0,170329770000	0,000078338000	0,000001183000
2036,000000000000	0,019381968000	0,170066710000	0,000078767000	0,000001370000
2037,000000000000	0,019390912000	0,169880390000	0,000078673000	0,000001017000
2038,000000000000	0,019403531000	0,169603040000	0,000078945000	0,000001152000
2039,000000000000	0,019418091000	0,169349570000	0,000078882000	0,000001494000
2040,000000000000	0,019429495000	0,169059980000	0,000079029000	0,000001183000
2041,000000000000	0,019444499000	0,168841200000	0,000078736000	0,000001090000
2042,000000000000	0,019461173000	0,168575900000	0,000078610000	0,000001235000
2043,000000000000	0,019471006000	0,168300180000	0,000078642000	0,000001173000
2044,000000000000	0,019485186000	0,168050390000	0,000079092000	0,000001048000
2045,000000000000	0,019498640000	0,167789570000	0,000078715000	0,000001235000
2046,000000000000	0,019513741000	0,167529970000	0,000079155000	0,000001235000
2047,000000000000	0,019529016000	0,167231400000	0,000079458000	0,000001048000
2048,000000000000	0,019545440000	0,166955890000	0,000079039000	0,000001235000
2049,000000000000	0,019557225000	0,166690590000	0,000079092000	0,000001287000
2050,000000000000	0,019574700000	0,166399570000	0,000078778000	0,000001266000
2051,000000000000	0,019591623000	0,166089970000	0,000078683000	0,000001193000
2052,000000000000	0,019605608000	0,165749360000	0,000079092000	0,000001193000
2053,000000000000	0,019625588000	0,165497930000	0,000078683000	0,000001224000
2054,000000000000	0,019643563000	0,165198340000	0,000079155000	0,000001307000
2055,000000000000	0,019654707000	0,164906710000	0,000078861000	0,000001245000
2056,000000000000	0,019674091000	0,164553240000	0,000078537000	0,000001297000
2057,000000000000	0,019692467000	0,164215900000	0,000078861000	0,000001349000
2058,000000000000	0,019706755000	0,163898960000	0,000079039000	0,000001266000
2059,000000000000	0,019727548000	0,163540180000	0,000079050000	0,000001193000
2060,000000000000	0,019746997000	0,163145080000	0,000078903000	0,000001162000
2061,000000000000	0,019769221000	0,162750180000	0,000078683000	0,000001266000
2062,000000000000	0,019786979000	0,162379780000	0,000079333000	0,000001173000
2063,000000000000	0,019808379000	0,162038550000	0,000078767000	0,000001245000
2064,000000000000	0,019826224000	0,161689570000	0,000079018000	0,000001006000
2065,000000000000	0,019846973000	0,161304880000	0,000078893000	0,000001245000
2066,000000000000	0,019866086000	0,160940800000	0,000078725000	0,000001183000
2067,000000000000	0,019887703000	0,160610590000	0,000078757000	0,000001411000
2068,000000000000	0,019908702000	0,160255290000	0,000079176000	0,000001121000
2069,000000000000	0,019930812000	0,159897130000	0,000078956000	0,000001401000
2070,000000000000	0,019943745000	0,159577940000	0,000078924000	0,000001256000
2071,000000000000	0,019966772000	0,159213860000	0,000078568000	0,000001256000
2072,000000000000	0,019983944000	0,158878760000	0,000078725000	0,000001173000
2073,000000000000	0,020007285000	0,158504680000	0,000079029000	0,000001380000
2074,000000000000	0,020025747000	0,158140800000	0,000078903000	0,000000986000
2075,000000000000	0,020049381000	0,157787540000	0,000078736000	0,000001276000
2076,000000000000	0,020065425000	0,157515290000	0,000078736000	0,000001276000
2077,000000000000	0,020089352000	0,157131180000	0,000078621000	0,000001276000
2078,000000000000	0,020103228000	0,156821180000	0,000078516000	0,000001390000
2079,000000000000	0,020126146000	0,156517710000	0,000078757000	0,000001224000
2080,000000000000	0,020142299000	0,156206900000	0,000079280000	0,000001090000
2081,000000000000	0,020159515000	0,155859760000	0,000078369000	0,000001121000
2082,000000000000	0,020181945000	0,155531180000	0,000078935000	0,000001110000
2083,000000000000	0,020201416000	0,155251180000	0,000078809000	0,000001193000
2084,000000000000	0,020215823000	0,154909140000	0,000079291000	0,000001204000
2085,000000000000	0,020238752000	0,154609140000	0,000078935000	0,000001204000
2086,000000000000	0,020259079000	0,154238940000	0,000078265000	0,000000965000
2087,000000000000	0,020276295000	0,153922620000	0,000079102000	0,000001287000
2088,000000000000	0,020297164000	0,153640570000	0,000078799000	0,000001204000
2089,000000000000	0,020310346000	0,153394660000	0,000079155000	0,000001121000
2090,000000000000	0,020325892000	0,153104250000	0,000078746000	0,000001432000
2091,000000000000	0,020348854000	0,152745880000	0,000078977000	0,000001256000
2092,000000000000	0,020367988000	0,152497310000	0,000078956000	0,000001152000
2093,000000000000	0,020383307000	0,152192010000	0,000079228000	0,000001256000
2094,000000000000	0,020402354000	0,151883230000	0,000078736000	0,000001390000
2095,000000000000	0,020418280000	0,151581390000	0,000078851000	0,000001359000
2096,000000000000	0,020434043000	0,151306290000	0,000079521000	0,000001214000
2097,000000000000	0,020453112000	0,151034860000	0,000078369000	0,000001173000
2098,000000000000	0,020472908000	0,150733440000	0,000078851000	0,000001245000
2099,000000000000	0,020489397000	0,150443640000	0,000078809000	0,000001121000
2100,000000000000	0,020512781000	0,150133030000	0,000079217000	0,000001214000
2101,000000000000	0,020525075000	0,149853640000	0,000078966000	0,000001204000
2102,000000000000	0,020543364000	0,149578740000	0,000078830000	0,000001193000
2103,000000000000	0,020563138000	0,149287720000	0,000078924000	0,000001370000
2104,000000000000	0,020582337000	0,149011810000	0,000079134000	0,000001214000
2105,000000000000	0,020594848000	0,148751190000	0,000079029000	0,000001297000
2106,000000000000	0,020614427000	0,148472420000	0,000078767000	0,000001204000
2107,000000000000	0,020629800000	0,148212620000	0,000078788000	0,000001422000
2108,000000000000	0,020640044000	0,147940380000	0,000078715000	0,000001484000
2109,000000000000	0,020666269000	0,147691810000	0,000078924000	0,000001256000
2110,000000000000	0,020685252000	0,147433030000	0,000079259000	0,000001131000
2111,000000000000	0,020695811000	0,147148750000	0,000078924000	0,000001183000
2112,000000000000	0,020710945000	0,146871610000	0,000078589000	0,000001141000
2113,000000000000	0,020733830000	0,146628130000	0,000079291000	0,000001183000
2114,000000000000	0,020746026000	0,146386490000	0,000079092000	0,000001214000
2115,000000000000	0,020762884000	0,146103840000	0,000078621000	0,000001380000
2116,000000000000	0,020778647000	0,145814450000	0,000078977000	0,000001173000
2117,000000000000	0,020799603000	0,145572620000	0,000078275000	0,000001297000
2118,000000000000	0,020810780000	0,145338330000	0,000079186000	0,000001173000
2119,000000000000	0,020831757000	0,145054050000	0,000078558000	0,000001422000
2120,000000000000	0,020846176000	0,144792820000	0,000078809000	0,000001183000
2121,000000000000	0,020862004000	0,144538950000	0,000078589000	0,000001380000
2122,000000000000	0,020879881000	0,144284050000	0,000078851000	0,000001183000
2123,000000000000	0,020891709000	0,144019560000	0,000079081000	0,000001297000
2124,000000000000	0,020919700000	0,143766500000	0,000078621000	0,000001214000
2125,000000000000	0,020933902000	0,143545070000	0,000079228000	0,000001131000
2126,000000000000	0,020949513000	0,143303230000	0,000078663000	0,000001235000
2127,000000000000	0,020966642000	0,143035680000	0,000079039000	0,000001484000
2128,000000000000	0,020978504000	0,142787110000	0,000078736000	0,000001380000
2129,000000000000	0,020992456000	0,142542420000	0,000078872000	0,000001266000
2130,000000000000	0,021012718000	0,142295480000	0,000078882000	0,000001463000
2131,000000000000	0,021027852000	0,142110170000	0,000078903000	0,000001224000
2132,000000000000	0,021045664000	0,141808540000	0,000078935000	0,000001193000
2133,000000000000	0,021059432000	0,141580790000	0,000078746000	0,000001256000
2134,000000000000	0,021077212000	0,141355480000	0,000079092000	0,000001235000
2135,000000000000	0,021095761000	0,141155890000	0,000079626000	0,000001276000
2136,000000000000	0,021110927000	0,140915890000	0,000078788000	0,000001214000
2137,000000000000	0,021126441000	0,140617730000	0,000078956000	0,000001173000
2138,000000000000	0,021147050000	0,140418750000	0,000079196000	0,000001422000
2139,000000000000	0,021159409000	0,140172220000	0,000078987000	0,000001235000
2140,000000000000	0,021177242000	0,139940180000	0,000078799000	0,000001204000
2141,000000000000	0,021189709000	0,139736500000	0,000078526000	0,000001432000
2142,000000000000	0,021205147000	0,139513650000	0,000079228000	0,000001235000
2143,000000000000	0,021223490000	0,139278140000	0,000078788000	0,000001224000
2144,000000000000	0,021236770000	0,139096710000	0,000078767000	0,000001307000
2145,000000000000	0,021252848000	0,138806300000	0,000078956000	0,000001141000
2146,000000000000	0,021271006000	0,138598340000	0,000078736000	0,000001214000
2147,000000000000	0,021283972000	0,138415890000	0,000079060000	0,000001276000
2148,000000000000	0,021301914000	0,138188750000	0,000078568000	0,000001214000
2149,000000000000	0,021319336000	0,137984060000	0,000078830000	0,000001224000
2150,000000000000	0,021334513000	0,137709360000	0,000078516000	0,000001266000
2151,000000000000	0,021351360000	0,137522830000	0,000078893000	0,000001152000
2152,000000000000	0,021364066000	0,137320380000	0,000078841000	0,000001173000
2153,000000000000	0,021383124000	0,137084670000	0,000078820000	0,000001048000
2154,000000000000	0,021391494000	0,136842020000	0,000078809000	0,000001121000
2155,000000000000	0,021413078000	0,136649980000	0,000078778000	0,000001297000
2156,000000000000	0,021422683000	0,136428140000	0,000078610000	0,000001245000
2157,000000000000	0,021437709000	0,136223210000	0,000079155000	0,000001328000
2158,000000000000	0,021453949000	0,135978110000	0,000078767000	0,000001328000
2159,000000000000	0,021467403000	0,135803830000	0,000078704000	0,000001318000
2160,000000000000	0,021481745000	0,135588320000	0,000079563000	0,000001266000
2161,000000000000	0,021501444000	0,135397700000	0,000079333000	0,000001235000
2162,000000000000	0,021521326000	0,135175870000	0,000078453000	0,000001380000
2163,000000000000	0,021532286000	0,135005050000	0,000078903000	0,000001380000
2164,000000000000	0,021550402000	0,134742200000	0,000079165000	0,000001006000
2165,000000000000	0,021563606000	0,134578730000	0,000079050000	0,000001193000
2166,000000000000	0,021574447000	0,134337710000	0,000078903000	0,000001266000
2167,000000000000	0,021593224000	0,134157500000	0,000078851000	0,000001162000
2168,000000000000	0,021604531000	0,133980160000	0,000079102000	0,000001110000
2169,000000000000	0,021620500000	0,133751380000	0,000078443000	0,000001307000
2170,000000000000	0,021633498000	0,133546890000	0,000079008000	0,000001463000
2171,000000000000	0,021648611000	0,133306890000	0,000079039000	0,000001100000
2172,000000000000	0,021664666000	0,133134440000	0,000079018000	0,000001256000
2173,000000000000	0,021674543000	0,132952610000	0,000078903000	0,000001027000
2174,000000000000	0,021699076000	0,132757500000	0,000078788000	0,000001235000
2175,000000000000	0,021712053000	0,132540160000	0,000079280000	0,000001473000
2176,000000000000	0,021724737000	0,132359340000	0,000078861000	0,000001359000
2177,000000000000	0,021741454000	0,132182810000	0,000078893000	0,000001287000
2178,000000000000	0,021752381000	0,131989950000	0,000078998000	0,000001505000
2179,000000000000	0,021769348000	0,131787300000	0,000079092000	0,000001453000
2180,000000000000	0,021786119000	0,131607300000	0,000078359000	0,000001193000
2181,000000000000	0,021802033000	0,131413220000	0,000078998000	0,000001235000
2182,000000000000	0,021818284000	0,131209140000	0,000078683000	0,000001525000
2183,000000000000	0,021836107000	0,130995470000	0,000078673000	0,000001224000
2184,000000000000	0,021853767000	0,130788530000	0,000078736000	0,000001224000
2185,000000000000	0,021863578000	0,130645260000	0,000078851000	0,000001276000
2186,000000000000	0,021877574000	0,130486280000	0,000079207000	0,000001224000
2187,000000000000	0,021897435000	0,130266280000	0,000079186000	0,000001328000
2188,000000000000	0,021904741000	0,130059960000	0,000078914000	0,000001536000
2189,000000000000	0,021924385000	0,129884240000	0,000078600000	0,000001256000
2190,000000000000	0,021939249000	0,129712200000	0,000078506000	0,000001193000
2191,000000000000	0,021947108000	0,129520980000	0,000078914000	0,000001173000
2192,000000000000	0,021960822000	0,129307310000	0,000079029000	0,000001069000
2193,000000000000	0,021982418000	0,129134450000	0,000078998000	0,000001484000
2194,000000000000	0,021988163000	0,128977710000	0,000078694000	0,000001256000
2195,000000000000	0,022000468000	0,128754450000	0,000078830000	0,000001297000
2196,000000000000	0,022019798000	0,128527710000	0,000079322000	0,000001224000
2197,000000000000	0,022031218000	0,128397100000	0,000078704000	0,000001100000
2198,000000000000	0,022045908000	0,128259140000	0,000078474000	0,000001287000
2199,000000000000	0,022064348000	0,128041800000	0,000078715000	0,000001256000
2200,000000000000	0,022080404000	0,127840980000	0,000078757000	0,000001121000
2201,000000000000	0,022091874000	0,127687510000	0,000079123000	0,000001370000
2202,000000000000	0,022108938000	0,127512410000	0,000078956000	0,000001183000
2203,000000000000	0,022121036000	0,127365270000	0,000079071000	0,000001214000
2204,000000000000	0,022133449000	0,127131390000	0,000078746000	0,000001131000
2205,000000000000	0,022147727000	0,126983840000	0,000078851000	0,000001411000
2206,000000000000	0,022166178000	0,126798740000	0,000078683000	0,000001349000
2207,000000000000	0,022173756000	0,126641190000	0,000078788000	0,000001214000
2208,000000000000	0,022193075000	0,126434660000	0,000078673000	0,000001380000
2209,000000000000	0,022208643000	0,126257920000	0,000079186000	0,000001339000
2210,000000000000	0,022222053000	0,126099960000	0,000078704000	0,000001390000
2211,000000000000	0,022235941000	0,125942820000	0,000078652000	0,000001245000
2212,000000000000	0,022253243000	0,125751370000	0,000078893000	0,000001183000
2213,000000000000	0,022268160000	0,125579940000	0,000078872000	0,000001256000
2214,000000000000	0,022278914000	0,125387290000	0,000078694000	0,000001183000
2215,000000000000	0,022294775000	0,125274030000	0,000078977000	0,000001204000
2216,000000000000	0,022306451000	0,125077290000	0,000078610000	0,000001390000
2217,000000000000	0,022315774000	0,124905460000	0,000078715000	0,000001069000
2218,000000000000	0,022331114000	0,124738110000	0,000078799000	0,000001235000
2219,000000000000	0,022345359000	0,124564840000	0,000079196000	0,000001224000
2220,000000000000	0,022363616000	0,124384840000	0,000078694000	0,000001162000
2221,000000000000	0,022377817000	0,124198310000	0,000078757000	0,000001266000
2222,000000000000	0,022388908000	0,124048720000	0,000078935000	0,000001390000
2223,000000000000	0,022397537000	0,123908110000	0,000078945000	0,000001266000
2224,000000000000	0,022415826000	0,123754030000	0,000078893000	0,000001204000
2225,000000000000	0,022427339000	0,123548930000	0,000078673000	0,000001266000
2226,000000000000	0,022443861000	0,123378930000	0,000079469000	0,000001307000
2227,000000000000	0,022459711000	0,123221780000	0,000078809000	0,000001307000
2228,000000000000	0,022467885000	0,123073010000	0,000078746000	0,000001505000
2229,000000000000	0,022484504000	0,122897910000	0,000078296000	0,000001276000
2230,000000000000	0,022497589000	0,122719340000	0,000079092000	0,000001411000
2231,000000000000	0,022504094000	0,122632190000	0,000078882000	0,000001463000
2232,000000000000	0,022520757000	0,122466480000	0,000078861000	0,000001058000
2233,000000000000	0,022537918000	0,122290970000	0,000078736000	0,000001131000
2234,000000000000	0,022552163000	0,122099540000	0,000078945000	0,000001193000
2235,000000000000	0,022558928000	0,121949950000	0,000079039000	0,000001328000
2236,000000000000	0,022579819000	0,121787700000	0,000078893000	0,000001307000
2237,000000000000	0,022587386000	0,121634640000	0,000078694000	0,000001224000
2238,000000000000	0,022596525000	0,121484030000	0,000078767000	0,000001214000
2239,000000000000	0,022618239000	0,121328320000	0,000079333000	0,000000591000
2240,000000000000	0,022631899000	0,121188520000	0,000078977000	0,000001245000
2241,000000000000	0,022646534000	0,121028730000	0,000079113000	0,000001318000
2242,000000000000	0,022656866000	0,120885260000	0,000078872000	0,000001307000
2243,000000000000	0,022664205000	0,120714030000	0,000079029000	0,000001328000
2244,000000000000	0,022678624000	0,120565050000	0,000078621000	0,000001058000
2245,000000000000	0,022697520000	0,120430770000	0,000078820000	0,000001390000
2246,000000000000	0,022703504000	0,120249950000	0,000078809000	0,000001287000
2247,000000000000	0,022720514000	0,120113220000	0,000078317000	0,000001370000
2248,000000000000	0,022735485000	0,119982200000	0,000078945000	0,000001307000
2249,000000000000	0,022748625000	0,119853630000	0,000078998000	0,000001422000
2250,000000000000	0,022763130000	0,119656690000	0,000078621000	0,000001453000
2251,000000000000	0,022782622000	0,119505060000	0,000078861000	0,000001339000
2252,000000000000	0,022789409000	0,119337300000	0,000079008000	0,000001204000
2253,000000000000	0,022801811000	0,119228320000	0,000078914000	0,000001608000
2254,000000000000	0,022816847000	0,119055460000	0,000078956000	0,000001370000
2255,000000000000	0,022828230000	0,118898930000	0,000078861000	0,000001370000
2256,000000000000	0,022847029000	0,118755060000	0,000079113000	0,000001287000
2257,000000000000	0,022859377000	0,118599140000	0,000079259000	0,000001390000
2258,000000000000	0,022868939000	0,118447910000	0,000078390000	0,000001359000
2259,000000000000	0,022880940000	0,118301180000	0,000078495000	0,000001245000
2260,000000000000	0,022893992000	0,118150360000	0,000079144000	0,000001266000
2261,000000000000	0,022912520000	0,117982610000	0,000078935000	0,000001287000
2262,000000000000	0,022920336000	0,117866690000	0,000078861000	0,000001339000
2263,000000000000	0,022933291000	0,117712810000	0,000079301000	0,000001204000
2264,000000000000	0,022945704000	0,117557510000	0,000078715000	0,000001183000
2265,000000000000	0,022960470000	0,117438940000	0,000079050000	0,000001235000
2266,000000000000	0,022980970000	0,117287710000	0,000078872000	0,000001318000
2267,000000000000	0,022980786000	0,117152610000	0,000078275000	0,000001287000
2268,000000000000	0,022992223000	0,116983220000	0,000078579000	0,000001162000
2269,000000000000	0,023011282000	0,116841180000	0,000078914000	0,000001328000
2270,000000000000	0,023023369000	0,116700570000	0,000078820000	0,000001256000
2271,000000000000	0,023036888000	0,116589960000	0,000079029000	0,000001121000
2272,000000000000	0,023047079000	0,116408120000	0,000079018000	0,000001276000
2273,000000000000	0,023062874000	0,116261590000	0,000078830000	0,000001297000
2274,000000000000	0,023076277000	0,116119750000	0,000079071000	0,000001204000
2275,000000000000	0,023081675000	0,116001800000	0,000079134000	0,000001318000
2276,000000000000	0,023097991000	0,115831590000	0,000078338000	0,000001494000
2277,000000000000	0,023107651000	0,115680780000	0,000078882000	0,000001214000
2278,000000000000	0,023122470000	0,115590570000	0,000079092000	0,000001432000
2279,000000000000	0,023133485000	0,115451800000	0,000078704000	0,000001339000
2280,000000000000	0,023152316000	0,115301580000	0,000078589000	0,000001266000
2281,000000000000	0,023160013000	0,115154440000	0,000079092000	0,000001453000
2282,000000000000	0,023172448000	0,115056680000	0,000078725000	0,000001390000
2283,000000000000	0,023191105000	0,114884640000	0,000079196000	0,000001162000
2284,000000000000	0,023201231000	0,114725260000	0,000078956000	0,000001287000
2285,000000000000	0,023220105000	0,114547910000	0,000078935000	0,000001370000
2286,000000000000	0,023225124000	0,114461990000	0,000079207000	0,000001307000
2287,000000000000	0,023241733000	0,114283620000	0,000079050000	0,000001422000
2288,000000000000	0,023260932000	0,114076690000	0,000079458000	0,000001411000
2289,000000000000	0,023272174000	0,113836480000	0,000079018000	0,000001307000
2290,000000000000	0,023286994000	0,113715460000	0,000078788000	0,000001307000
2291,000000000000	0,023308806000	0,113572400000	0,000079050000	0,000001214000
2292,000000000000	0,023320395000	0,113407710000	0,000078851000	0,000001214000
2293,000000000000	0,023338619000	0,113221790000	0,000078998000	0,000001183000
2294,000000000000	0,023355835000	0,113016280000	0,000078830000	0,000001494000
2295,000000000000	0,023373798000	0,112839340000	0,000079343000	0,000001287000
2296,000000000000	0,023388922000	0,112648730000	0,000078432000	0,000001370000
2297,000000000000	0,023409259000	0,112470570000	0,000078642000	0,000001069000
2298,000000000000	0,023428361000	0,112289340000	0,000078998000	0,000001390000
2299,000000000000	0,023444168000	0,112116890000	0,000078516000	0,000001484000
2300,000000000000	0,023457166000	0,111910970000	0,000078861000	0,000001453000
2301,000000000000	0,023481992000	0,111724650000	0,000079092000	0,000001453000
2302,000000000000	0,023490242000	0,111526280000	0,000078631000	0,000001162000
2303,000000000000	0,023510222000	0,111369340000	0,000079186000	0,000001204000
2304,000000000000	0,023534300000	0,111172200000	0,000079092000	0,000001235000
2305,000000000000	0,023545976000	0,110975260000	0,000078610000	0,000001318000
2306,000000000000	0,023568200000	0,110790360000	0,000078966000	0,000001307000
2307,000000000000	0,023589459000	0,110619140000	0,000079071000	0,000001224000
2308,000000000000	0,023604138000	0,110455870000	0,000079123000	0,000001484000
2309,000000000000	0,023619554000	0,110327510000	0,000078882000	0,000000986000
2310,000000000000	0,023636043000	0,110114450000	0,000079217000	0,000001453000
2311,000000000000	0,023651091000	0,109953220000	0,000079050000	0,000000996000
2312,000000000000	0,023662279000	0,109804860000	0,000078788000	0,000001224000
2313,000000000000	0,023682280000	0,109621180000	0,000078778000	0,000001256000
2314,000000000000	0,023705719000	0,109403430000	0,000079029000	0,000001266000
2315,000000000000	0,023723628000	0,109285060000	0,000078401000	0,000001339000
2316,000000000000	0,023734621000	0,109143840000	0,000078600000	0,000001131000
2317,000000000000	0,023751772000	0,108918330000	0,000078673000	0,000001318000
2318,000000000000	0,023773855000	0,108724650000	0,000078966000	0,000001183000
2319,000000000000	0,023784316000	0,108569960000	0,000078882000	0,000001380000
2320,000000000000	0,023801630000	0,108417510000	0,000078746000	0,000001256000
2321,000000000000	0,023822130000	0,108277920000	0,000079050000	0,000001359000
2322,000000000000	0,023841189000	0,108110980000	0,000078683000	0,000001121000
2323,000000000000	0,023853255000	0,107928530000	0,000078903000	0,000001256000
2324,000000000000	0,023874958000	0,107793020000	0,000078945000	0,000001349000
2325,000000000000	0,023889561000	0,107666080000	0,000079050000	0,000001380000
2326,000000000000	0,023906766000	0,107501800000	0,000078924000	0,000001204000
2327,000000000000	0,023922908000	0,107279350000	0,000078778000	0,000001224000
2328,000000000000	0,023933424000	0,107162610000	0,000078882000	0,000001411000
2329,000000000000	0,023957340000	0,106975680000	0,000078610000	0,000001390000
2330,000000000000	0,023967964000	0,106798740000	0,000078506000	0,000001162000
2331,000000000000	0,023986968000	0,106627720000	0,000078600000	0,000001318000
2332,000000000000	0,024001723000	0,106484250000	0,000079008000	0,000001339000
2333,000000000000	0,024020781000	0,106362000000	0,000078935000	0,000001297000
2334,000000000000	0,024035059000	0,106172620000	0,000078872000	0,000001515000
2335,000000000000	0,024049196000	0,106055070000	0,000079018000	0,000001297000
2336,000000000000	0,024070509000	0,105876700000	0,000078987000	0,000001141000
2337,000000000000	0,024082879000	0,105756900000	0,000078694000	0,000001390000
2338,000000000000	0,024100029000	0,105605070000	0,000079322000	0,000001328000
2339,000000000000	0,024120034000	0,105434250000	0,000078966000	0,000001380000
2340,000000000000	0,024131450000	0,105255880000	0,000078945000	0,000001380000
2341,000000000000	0,024150400000	0,105120980000	0,000078935000	0,000001141000
2342,000000000000	0,024169524000	0,104941190000	0,000078893000	0,000001349000
2343,000000000000	0,024186110000	0,104835050000	0,000079144000	0,000001245000
2344,000000000000	0,024193103000	0,104695050000	0,000078903000	0,000001256000
2345,000000000000	0,024209896000	0,104517500000	0,000078715000	0,000001173000
2346,000000000000	0,024227588000	0,104407900000	0,000078966000	0,000001224000
2347,000000000000	0,024242126000	0,104294030000	0,000079155000	0,000001453000
2348,000000000000	0,024260306000	0,104129130000	0,000078652000	0,000001162000
2349,000000000000	0,024278205000	0,103948110000	0,000078830000	0,000001484000
2350,000000000000	0,024294629000	0,103821780000	0,000078935000	0,000001349000
2351,000000000000	0,024310370000	0,103695460000	0,000078652000	0,000001349000
2352,000000000000	0,024322437000	0,103532400000	0,000078966000	0,000001401000
2353,000000000000	0,024338937000	0,103410360000	0,000078945000	0,000001307000
2354,000000000000	0,024353399000	0,103250760000	0,000078882000	0,000001193000
2355,000000000000	0,024371926000	0,103133420000	0,000079270000	0,000000830000
2356,000000000000	0,024383342000	0,102972800000	0,000078715000	0,000001380000
2357,000000000000	0,024398367000	0,102803420000	0,000078757000	0,000000986000
2358,000000000000	0,024414423000	0,102694030000	0,000078652000	0,000001287000
2359,000000000000	0,024430543000	0,102579740000	0,000078558000	0,000001193000
2360,000000000000	0,024443553000	0,102406270000	0,000078830000	0,000001183000
2361,000000000000	0,024460476000	0,102297090000	0,000078851000	0,000001090000
2362,000000000000	0,024471945000	0,102137500000	0,000079144000	0,000001090000
2363,000000000000	0,024503124000	0,102018930000	0,000078998000	0,000001214000
2364,000000000000	0,024511331000	0,102032190000	0,000078956000	0,000001442000
2365,000000000000	0,024515722000	0,101969740000	0,000078673000	0,000001256000
2366,000000000000	0,024529880000	0,101934850000	0,000078830000	0,000001380000
2367,000000000000	0,024526064000	0,101937700000	0,000078778000	0,000001422000
2368,000000000000	0,024529273000	0,101938520000	0,000078966000	0,000000975000
2369,000000000000	0,024530530000	0,101857910000	0,000079196000	0,000001328000
2370,000000000000	0,024533067000	0,101833830000	0,000078841000	0,000001390000
2371,000000000000	0,024548115000	0,101755660000	0,000079385000	0,000001328000
2372,000000000000	0,024553492000	0,101679130000	0,000079092000	0,000001432000
2373,000000000000	0,024563249000	0,101600970000	0,000078600000	0,000001349000
2374,000000000000	0,024562934000	0,101576890000	0,000079071000	0,000001214000
2375,000000000000	0,024575109000	0,101529540000	0,000078872000	0,000001256000
2376,000000000000	0,024577548000	0,101490560000	0,000079102000	0,000001162000
2377,000000000000	0,024585701000	0,101439750000	0,000078924000	0,000001411000
2378,000000000000	0,024589007000	0,101399340000	0,000079301000	0,000001245000
2379,000000000000	0,024592704000	0,101347500000	0,000078348000	0,000001370000
2380,000000000000	0,024609974000	0,101250360000	0,000079270000	0,000001442000
2381,000000000000	0,024609616000	0,101217910000	0,000078788000	0,000001318000
2382,000000000000	0,024617595000	0,101184030000	0,000079165000	0,000001390000
2383,000000000000	0,024627287000	0,101062600000	0,000078725000	0,000001193000
2384,000000000000	0,024643039000	0,100933010000	0,000079238000	0,000001287000
2385,000000000000	0,024656395000	0,100806480000	0,000078663000	0,000001121000
2386,000000000000	0,024666553000	0,100689540000	0,000079008000	0,000001390000
2387,000000000000	0,024678804000	0,100522200000	0,000079092000	0,000001515000
2388,000000000000	0,024696735000	0,100422810000	0,000078872000	0,000001318000
2389,000000000000	0,024709516000	0,100284440000	0,000078390000	0,000001100000
2390,000000000000	0,024726656000	0,100138730000	0,000078537000	0,000001318000
2391,000000000000	0,024745660000	0,099908104000	0,000079018000	0,000001411000
2392,000000000000	0,024772037000	0,099735462000	0,000079039000	0,000001162000
2393,000000000000	0,024791366000	0,099534381000	0,000078903000	0,000001453000
2394,000000000000	0,024811184000	0,099356227000	0,000078861000	0,000001525000
2395,000000000000	0,024824301000	0,099206629000	0,000078568000	0,000001473000
2396,000000000000	0,024840942000	0,099120614000	0,000079060000	0,000001276000
2397,000000000000	0,024856933000	0,098990755000	0,000078841000	0,000001328000
2398,000000000000	0,024874463000	0,098838156000	0,000078579000	0,000001339000
2399,000000000000	0,024892340000	0,098712563000	0,000078621000	0,000001349000
2400,000000000000	0,024909414000	0,098570599000	0,000078809000	0,000000996000
2401,000000000000	0,024927443000	0,098423100000	0,000079374000	0,000001442000
2402,000000000000	0,024941666000	0,098268236000	0,000078935000	0,000001401000
2403,000000000000	0,024961321000	0,098125782000	0,000078244000	0,000001401000
2404,000000000000	0,024969018000	0,097998066000	0,000078369000	0,000001266000
2405,000000000000	0,024983394000	0,097898906000	0,000078767000	0,000001287000
2406,000000000000	0,025000490000	0,097764780000	0,000078485000	0,000001473000
2407,000000000000	0,025027950000	0,097544843000	0,000078945000	0,000001339000
2408,000000000000	0,025041447000	0,097368339000	0,000078799000	0,000001224000
2409,000000000000	0,025059064000	0,097270792000	0,000078673000	0,000001276000
2410,000000000000	0,025081874000	0,097130461000	0,000078893000	0,000001411000
2411,000000000000	0,025089224000	0,097005520000	0,000078579000	0,000001380000
2412,000000000000	0,025100802000	0,096912402000	0,000078725000	0,000001276000
2413,000000000000	0,025113703000	0,096817793000	0,000078799000	0,000001266000
2414,000000000000	0,025126387000	0,096711060000	0,000079039000	0,000001422000
2415,000000000000	0,025136003000	0,096566137000	0,000079102000	0,000001256000
2416,000000000000	0,025149706000	0,096422435000	0,000078893000	0,000001442000
2417,000000000000	0,025174981000	0,096320580000	0,000078673000	0,000001183000
2418,000000000000	0,025183166000	0,096218644000	0,000078610000	0,000001006000
2419,000000000000	0,025192337000	0,096141446000	0,000078568000	0,000001204000
2420,000000000000	0,025209336000	0,095964435000	0,000079008000	0,000001245000
2421,000000000000	0,025223343000	0,095889749000	0,000078830000	0,000001525000
2422,000000000000	0,025239539000	0,095758481000	0,000078830000	0,000001390000
2423,000000000000	0,025252418000	0,095643358000	0,000078746000	0,000001245000
2424,000000000000	0,025270577000	0,095451733000	0,000078631000	0,000001204000
2425,000000000000	0,025291186000	0,095324217000	0,000078746000	0,000001401000
2426,000000000000	0,025298579000	0,095252837000	0,000079029000	0,000001411000
2427,000000000000	0,025311350000	0,095160311000	0,000079081000	0,000001214000
2428,000000000000	0,025325194000	0,095055823000	0,000079196000	0,000001494000
2429,000000000000	0,025331493000	0,094989178000	0,000079165000	0,000001235000
2430,000000000000	0,025352091000	0,094852481000	0,000078935000	0,000001349000
2431,000000000000	0,025370586000	0,094710701000	0,000078600000	0,000001162000
2432,000000000000	0,025380419000	0,094609601000	0,000078935000	0,000001328000
2433,000000000000	0,025396290000	0,094459207000	0,000078757000	0,000001370000
2434,000000000000	0,025419381000	0,094339099000	0,000078903000	0,000001297000
2435,000000000000	0,025426471000	0,094286662000	0,000078757000	0,000001349000
2436,000000000000	0,025444999000	0,094126878000	0,000078746000	0,000001525000
2437,000000000000	0,025454300000	0,093996386000	0,000079217000	0,000001339000
2438,000000000000	0,025466898000	0,093933313000	0,000079343000	0,000001090000
2439,000000000000	0,025492764000	0,093782430000	0,000078610000	0,000001349000
2440,000000000000	0,025505427000	0,093629913000	0,000079008000	0,000001401000
2441,000000000000	0,025521667000	0,093523792000	0,000078778000	0,000001359000
2442,000000000000	0,025531619000	0,093410915000	0,000079081000	0,000001339000
2443,000000000000	0,025550450000	0,093303281000	0,000078861000	0,000001307000
2444,000000000000	0,025560185000	0,093203039000	0,000078778000	0,000001411000
2445,000000000000	0,025576826000	0,093074853000	0,000079291000	0,000001494000
2446,000000000000	0,025587754000	0,092987960000	0,000079301000	0,000001276000
2447,000000000000	0,025599809000	0,092884431000	0,000078631000	0,000001359000
2448,000000000000	0,025614303000	0,092796599000	0,000079060000	0,000001339000
2449,000000000000	0,025631031000	0,092722443000	0,000079008000	0,000001297000
2450,000000000000	0,025641579000	0,092615935000	0,000078715000	0,000001525000
2451,000000000000	0,025659792000	0,092500425000	0,000078788000	0,000001463000
2452,000000000000	0,025671143000	0,092413532000	0,000078778000	0,000001494000
2453,000000000000	0,025681117000	0,092337580000	0,000078799000	0,000001463000
2454,000000000000	0,025693714000	0,092210860000	0,000079039000	0,000001484000
2455,000000000000	0,025707211000	0,092123314000	0,000079427000	0,000001556000
2456,000000000000	0,025723353000	0,091991128000	0,000078914000	0,000001276000
2457,000000000000	0,025740027000	0,091829507000	0,000079092000	0,000001339000
2458,000000000000	0,025760712000	0,091669969000	0,000078725000	0,000001422000
2459,000000000000	0,025776832000	0,091535088000	0,000079343000	0,000001515000
2460,000000000000	0,025783760000	0,091456890000	0,000078485000	0,000001411000
2461,000000000000	0,025804249000	0,091331052000	0,000078998000	0,000001401000
2462,000000000000	0,025826387000	0,091211926000	0,000078432000	0,000001401000
2463,000000000000	0,025834008000	0,091105540000	0,000079039000	0,000001235000
2464,000000000000	0,025844318000	0,091047856000	0,000078882000	0,000001411000
2465,000000000000	0,025861544000	0,090899850000	0,000078809000	0,000001235000
2466,000000000000	0,025873795000	0,090810630000	0,000078841000	0,000001349000
2467,000000000000	0,025890154000	0,090704530000	0,000078736000	0,000001494000
2468,000000000000	0,025896420000	0,090664686000	0,000078851000	0,000001494000
2469,000000000000	0,025917419000	0,090562505000	0,000078767000	0,000001328000
2470,000000000000	0,025929062000	0,090408498000	0,000078945000	0,000001453000
2471,000000000000	0,025943329000	0,090305541000	0,000079039000	0,000001567000
2472,000000000000	0,025959309000	0,090190909000	0,000078778000	0,000001328000
2473,000000000000	0,025978237000	0,090058842000	0,000079364000	0,000001297000
2474,000000000000	0,025996309000	0,089957763000	0,000078924000	0,000001505000
2475,000000000000	0,026000928000	0,089848928000	0,000079039000	0,000001422000
2476,000000000000	0,026014490000	0,089780691000	0,000078642000	0,000001494000
2477,000000000000	0,026022621000	0,089712638000	0,000079395000	0,000001442000
2478,000000000000	0,026028692000	0,089643912000	0,000079029000	0,000001525000
2479,000000000000	0,026056954000	0,089528790000	0,000079301000	0,000001235000
2480,000000000000	0,026063535000	0,089428711000	0,000078841000	0,000001401000
2481,000000000000	0,026077661000	0,089358249000	0,000078924000	0,000001505000
2482,000000000000	0,026078615000	0,089251965000	0,000078558000	0,000001287000
2483,000000000000	0,026095375000	0,089138721000	0,000078851000	0,000001173000
2484,000000000000	0,026107408000	0,089094547000	0,000078966000	0,000001390000
2485,000000000000	0,026123507000	0,088985221000	0,000078893000	0,000001380000
2486,000000000000	0,026130283000	0,088926109000	0,000078474000	0,000001359000
2487,000000000000	0,026148214000	0,088764182000	0,000079029000	0,000001515000
2488,000000000000	0,026166308000	0,088598520000	0,000078966000	0,000001224000
2489,000000000000	0,026180239000	0,088555962000	0,000078956000	0,000001307000
2490,000000000000	0,026185551000	0,088463088000	0,000079196000	0,000001173000
2491,000000000000	0,026201552000	0,088367398000	0,000079165000	0,000001349000
2492,000000000000	0,026216418000	0,088269727000	0,000078181000	0,000001141000
2493,000000000000	0,026225340000	0,088216351000	0,000079155000	0,000001266000
2494,000000000000	0,026240171000	0,088080118000	0,000078694000	0,000001287000
2495,000000000000	0,026243477000	0,088006329000	0,000079008000	0,000001463000
2496,000000000000	0,026263425000	0,087894452000	0,000078621000	0,000001349000
2497,000000000000	0,026281898000	0,087807069000	0,000078778000	0,000001266000
2498,000000000000	0,026290007000	0,087697356000	0,000078914000	0,000001297000
2499,000000000000	0,026304773000	0,087585234000	0,000079039000	0,000001235000
2500,000000000000	0,026309846000	0,087503812000	0,000078872000	0,000001359000
2501,000000000000	0,026329675000	0,087402569000	0,000078987000	0,000001318000
2502,000000000000	0,026340602000	0,087329699000	0,000078704000	0,000001390000
2503,000000000000	0,026354642000	0,087219619000	0,000079039000	0,000001411000
2504,000000000000	0,026369656000	0,087080349000	0,000079416000	0,000001245000
2505,000000000000	0,026381419000	0,087001783000	0,000078778000	0,000001224000
2506,000000000000	0,026398635000	0,086927607000	0,000078893000	0,000001245000
2507,000000000000	0,026409497000	0,086835427000	0,000079113000	0,000001183000
2508,000000000000	0,026419796000	0,086778927000	0,000078683000	0,000001370000
2509,000000000000	0,026436123000	0,086674440000	0,000078464000	0,000001505000
2510,000000000000	0,026443625000	0,086599202000	0,000078547000	0,000001328000
2511,000000000000	0,026470543000	0,086506879000	0,000078715000	0,000001411000
2512,000000000000	0,026471129000	0,086395758000	0,000078799000	0,000001328000
2513,000000000000	0,026487726000	0,086296597000	0,000079060000	0,000001370000
2514,000000000000	0,026499890000	0,086219747000	0,000078767000	0,000001339000
2515,000000000000	0,026505376000	0,086164288000	0,000078589000	0,000001235000
2516,000000000000	0,026526396000	0,086049309000	0,000079102000	0,000001370000
2517,000000000000	0,026535817000	0,085966883000	0,000078945000	0,000001390000
2518,000000000000	0,026556751000	0,085834533000	0,000078547000	0,000001276000
2519,000000000000	0,026565511000	0,085816489000	0,000078977000	0,000001463000
2520,000000000000	0,026582282000	0,085694202000	0,000078903000	0,000001422000
2521,000000000000	0,026591378000	0,085580202000	0,000078589000	0,000001276000
2522,000000000000	0,026603650000	0,085474837000	0,000078600000	0,000001287000
2523,000000000000	0,026612767000	0,085415439000	0,000079385000	0,000001204000
2524,000000000000	0,026638525000	0,085318136000	0,000078966000	0,000001359000
2525,000000000000	0,026639067000	0,085238326000	0,000078872000	0,000001307000
2526,000000000000	0,026666365000	0,085107690000	0,000079102000	0,000001256000
2527,000000000000	0,026678811000	0,085050966000	0,000078715000	0,000001256000
2528,000000000000	0,026684968000	0,084956092000	0,000079050000	0,000001256000
2529,000000000000	0,026697533000	0,084850947000	0,000078830000	0,000001556000
2530,000000000000	0,026713220000	0,084773117000	0,000078903000	0,000001307000
2531,000000000000	0,026721102000	0,084712474000	0,000079092000	0,000001494000
2532,000000000000	0,026731444000	0,084634521000	0,000079071000	0,000001193000
2533,000000000000	0,026752107000	0,084492027000	0,000078977000	0,000001390000
2534,000000000000	0,026759295000	0,084407297000	0,000078903000	0,000001380000
2535,000000000000	0,026779275000	0,084344450000	0,000078977000	0,000001307000
2536,000000000000	0,026791633000	0,084258414000	0,000078631000	0,000001287000
2537,000000000000	0,026799320000	0,084170460000	0,000079123000	0,000001484000
2538,000000000000	0,026822411000	0,084008064000	0,000078212000	0,000001442000
2539,000000000000	0,026837296000	0,083930846000	0,000078861000	0,000001328000
2540,000000000000	0,026843996000	0,083892676000	0,000079018000	0,000001795000
2541,000000000000	0,026868150000	0,083784919000	0,000079008000	0,000001297000
2542,000000000000	0,026881723000	0,083643874000	0,000078673000	0,000001359000
2543,000000000000	0,026890677000	0,083562553000	0,000079144000	0,000001339000
2544,000000000000	0,026914690000	0,083439225000	0,000079238000	0,000001577000
2545,000000000000	0,026929542000	0,083335268000	0,000078683000	0,000001567000
2546,000000000000	0,026945056000	0,083173321000	0,000078945000	0,000001390000
2547,000000000000	0,026969557000	0,083003842000	0,000079018000	0,000001349000
2548,000000000000	0,026992171000	0,082824503000	0,000078600000	0,000001090000
2549,000000000000	0,027003782000	0,082693275000	0,000079301000	0,000001484000
2550,000000000000	0,027042257000	0,082486525000	0,000079196000	0,000001401000
2551,000000000000	0,027057727000	0,082332416000	0,000078715000	0,000001390000
2552,000000000000	0,027087518000	0,082182818000	0,000078621000	0,000001463000
2553,000000000000	0,027101546000	0,081998520000	0,000078935000	0,000001318000
2554,000000000000	0,027142602000	0,081807527000	0,000078694000	0,000001473000
2555,000000000000	0,027165194000	0,081600405000	0,000078307000	0,000001401000
2556,000000000000	0,027190682000	0,081463993000	0,000078935000	0,000001463000
2557,000000000000	0,027209003000	0,081305046000	0,000078788000	0,000001266000
2558,000000000000	0,027238545000	0,081173921000	0,000078725000	0,000000944000
2559,000000000000	0,027261094000	0,080995053000	0,000078987000	0,000001390000
2560,000000000000	0,027286077000	0,080816430000	0,000078788000	0,000001484000
2561,000000000000	0,027312215000	0,080690099000	0,000078715000	0,000001152000
2562,000000000000	0,027335848000	0,080552218000	0,000078757000	0,000001162000
2563,000000000000	0,027358333000	0,080353346000	0,000078589000	0,000001193000
2564,000000000000	0,027379744000	0,080241081000	0,000078841000	0,000001556000
2565,000000000000	0,027400006000	0,080121162000	0,000078872000	0,000001349000
2566,000000000000	0,027419281000	0,080006611000	0,000078097000	0,000001204000
2567,000000000000	0,027443847000	0,079876588000	0,000079280000	0,000001235000
2568,000000000000	0,027477335000	0,079706762000	0,000079008000	0,000001494000
2569,000000000000	0,027496372000	0,079565140000	0,000078830000	0,000001307000
2570,000000000000	0,027514585000	0,079439138000	0,000079029000	0,000001411000
2571,000000000000	0,027532050000	0,079318484000	0,000078338000	0,000001546000
2572,000000000000	0,027564247000	0,079171111000	0,000078579000	0,000001463000
2573,000000000000	0,027577343000	0,079032148000	0,000079207000	0,000001390000
2574,000000000000	0,027612729000	0,078919965000	0,000079291000	0,000001328000
2575,000000000000	0,027623830000	0,078799352000	0,000078474000	0,000001442000
2576,000000000000	0,027640709000	0,078636199000	0,000078820000	0,000001193000
2577,000000000000	0,027670034000	0,078461392000	0,000079050000	0,000001349000
2578,000000000000	0,027683206000	0,078354271000	0,000078987000	0,000001536000
2579,000000000000	0,027701224000	0,078262071000	0,000078506000	0,000001422000
2580,000000000000	0,027723969000	0,078115372000	0,000078568000	0,000001432000
2581,000000000000	0,027734560000	0,078099512000	0,000078977000	0,000001359000
2582,000000000000	0,027771333000	0,077906662000	0,000078736000	0,000001245000
2583,000000000000	0,027781556000	0,077773638000	0,000078338000	0,000001110000
2584,000000000000	0,027804008000	0,077672130000	0,000078778000	0,000001256000
2585,000000000000	0,027818806000	0,077472663000	0,000078683000	0,000001287000
2586,000000000000	0,027842299000	0,077400425000	0,000079207000	0,000001349000
2587,000000000000	0,027867558000	0,077323065000	0,000078663000	0,000001463000
2588,000000000000	0,027884590000	0,077209167000	0,000078882000	0,000001370000
2589,000000000000	0,027902369000	0,077086533000	0,000078296000	0,000001411000
2590,000000000000	0,027910532000	0,076993170000	0,000079050000	0,000001422000
2591,000000000000	0,027932691000	0,076930567000	0,000079291000	0,000001287000
2592,000000000000	0,027952812000	0,076778928000	0,000079123000	0,000001453000
2593,000000000000	0,027979416000	0,076650619000	0,000078788000	0,000001307000
2594,000000000000	0,027994171000	0,076537657000	0,000078621000	0,000001349000
2595,000000000000	0,028016449000	0,076439905000	0,000078443000	0,000001339000
2596,000000000000	0,028022108000	0,076337091000	0,000078924000	0,000001307000
2597,000000000000	0,028039378000	0,076227908000	0,000079008000	0,000001422000
2598,000000000000	0,028058144000	0,076145669000	0,000078799000	0,000001453000
2599,000000000000	0,028070416000	0,076077575000	0,000079395000	0,000001370000
2600,000000000000	0,028089670000	0,075938939000	0,000079301000	0,000001359000
2601,000000000000	0,028105606000	0,075784952000	0,000079144000	0,000001370000
2602,000000000000	0,028128958000	0,075685200000	0,000078851000	0,000001629000
2603,000000000000	0,028146531000	0,075586774000	0,000078809000	0,000001411000
2604,000000000000	0,028163855000	0,075521069000	0,000079029000	0,000001339000
2605,000000000000	0,028178816000	0,075439726000	0,000079500000	0,000001422000
2606,000000000000	0,028206092000	0,075321317000	0,000078882000	0,000001722000
2607,000000000000	0,028218667000	0,075217911000	0,000078830000	0,000001183000
2608,000000000000	0,028239200000	0,075088317000	0,000078924000	0,000001463000
2609,000000000000	0,028256058000	0,074969541000	0,000078872000	0,000001515000
2610,000000000000	0,028276006000	0,074887384000	0,000078506000	0,000001411000
2611,000000000000	0,028285654000	0,074786570000	0,000079353000	0,000001577000
2612,000000000000	0,028322919000	0,074731519000	0,000078788000	0,000001463000
2613,000000000000	0,028339506000	0,074632910000	0,000078715000	0,000001328000
2614,000000000000	0,028351550000	0,074456981000	0,000078296000	0,000001536000
2615,000000000000	0,028362489000	0,074366798000	0,000079217000	0,000001608000
2616,000000000000	0,028377926000	0,074265719000	0,000079060000	0,000001152000
2617,000000000000	0,028398362000	0,074128450000	0,000079008000	0,000001359000
2618,000000000000	0,028418266000	0,074088116000	0,000079155000	0,000001079000
2619,000000000000	0,028437086000	0,073972259000	0,000078694000	0,000001266000
2620,000000000000	0,028450041000	0,073895327000	0,000078945000	0,000001432000
2621,000000000000	0,028466595000	0,073802331000	0,000078432000	0,000001380000
2622,000000000000	0,028480602000	0,073741402000	0,000078977000	0,000001525000
2623,000000000000	0,028505471000	0,073606766000	0,000079416000	0,000001484000
2624,000000000000	0,028520540000	0,073518464000	0,000078652000	0,000001515000
2625,000000000000	0,028532390000	0,073501890000	0,000079060000	0,000001473000
2626,000000000000	0,028546407000	0,073347736000	0,000078736000	0,000001359000
2627,000000000000	0,028565271000	0,073267906000	0,000079176000	0,000001266000
2628,000000000000	0,028589934000	0,073143374000	0,000078495000	0,000001152000
2629,000000000000	0,028602217000	0,073072749000	0,000079102000	0,000001401000
2630,000000000000	0,028618771000	0,072990449000	0,000079029000	0,000001484000
2631,000000000000	0,028636225000	0,072893983000	0,000078411000	0,000000695000
2632,000000000000	0,028654330000	0,072795782000	0,000078882000	0,000001204000
2633,000000000000	0,028668889000	0,072717339000	0,000078893000	0,000001339000
2634,000000000000	0,028686018000	0,072630854000	0,000078966000	0,000001318000
2635,000000000000	0,028700664000	0,072538042000	0,000079008000	0,000001359000
2636,000000000000	0,028726076000	0,072402692000	0,000078841000	0,000001401000
2637,000000000000	0,028742056000	0,072328698000	0,000078589000	0,000001432000
2638,000000000000	0,028760431000	0,072246969000	0,000078757000	0,000001422000
2639,000000000000	0,028767803000	0,072120784000	0,000078924000	0,000001380000
2640,000000000000	0,028789192000	0,072041606000	0,000079207000	0,000001453000
2641,000000000000	0,028796488000	0,071963062000	0,000078359000	0,000001276000
2642,000000000000	0,028817011000	0,071880558000	0,000078830000	0,000001297000
2643,000000000000	0,028835646000	0,071775151000	0,000078390000	0,000001297000
2644,000000000000	0,028856851000	0,071649823000	0,000078579000	0,000001598000
2645,000000000000	0,028876246000	0,071585077000	0,000078788000	0,000001287000
2646,000000000000	0,028883640000	0,071520861000	0,000078683000	0,000001245000
2647,000000000000	0,028905040000	0,071376162000	0,000078778000	0,000001297000
2648,000000000000	0,028921822000	0,071272181000	0,000079364000	0,000001380000
2649,000000000000	0,028951971000	0,071176470000	0,000078841000	0,000001359000
2650,000000000000	0,028958378000	0,071124971000	0,000079071000	0,000001276000
2651,000000000000	0,028978315000	0,071030771000	0,000078820000	0,000001297000
2652,000000000000	0,028993048000	0,070923691000	0,000079050000	0,000001318000
2653,000000000000	0,029014849000	0,070817202000	0,000079353000	0,000001422000
2654,000000000000	0,029032682000	0,070750823000	0,000078767000	0,000001349000
2655,000000000000	0,029047589000	0,070684403000	0,000079427000	0,000001276000
2656,000000000000	0,029061400000	0,070586529000	0,000079071000	0,000001442000
2657,000000000000	0,029079884000	0,070470672000	0,000079176000	0,000001318000
2658,000000000000	0,029100027000	0,070437462000	0,000078830000	0,000001577000
2659,000000000000	0,029115985000	0,070305602000	0,000079018000	0,000001411000
2660,000000000000	0,029130057000	0,070239423000	0,000079039000	0,000001525000
2661,000000000000	0,029147381000	0,070162511000	0,000079165000	0,000001328000
2662,000000000000	0,029164098000	0,070095479000	0,000078788000	0,000001422000
2663,000000000000	0,029171860000	0,070042980000	0,000078861000	0,000001463000
2664,000000000000	0,029197596000	0,069876032000	0,000078694000	0,000001442000
2665,000000000000	0,029212882000	0,069818512000	0,000079081000	0,000001401000
2666,000000000000	0,029223040000	0,069737967000	0,000078956000	0,000001328000
2667,000000000000	0,029253038000	0,069651993000	0,000078736000	0,000001525000
2668,000000000000	0,029264692000	0,069564161000	0,000078778000	0,000001349000
2669,000000000000	0,029281777000	0,069461898000	0,000078945000	0,000001525000
2670,000000000000	0,029297995000	0,069385497000	0,000079238000	0,000001141000
2671,000000000000	0,029311818000	0,069348653000	0,000079207000	0,000001276000
2672,000000000000	0,029320014000	0,069266006000	0,000078694000	0,000001339000
2673,000000000000	0,029334530000	0,069150515000	0,000079039000	0,000001266000
2674,000000000000	0,029365876000	0,069049620000	0,000078715000	0,000001276000
2675,000000000000	0,029381216000	0,068989507000	0,000078694000	0,000001318000
2676,000000000000	0,029412092000	0,068911249000	0,000078830000	0,000001349000
2677,000000000000	0,029424613000	0,068812578000	0,000078568000	0,000001307000
2678,000000000000	0,029428494000	0,068745934000	0,000079008000	0,000001318000
2679,000000000000	0,029446469000	0,068679881000	0,000078464000	0,000001256000
2680,000000000000	0,029460757000	0,068581313000	0,000079615000	0,000001110000
2681,000000000000	0,029481030000	0,068456923000	0,000078453000	0,000001359000
2682,000000000000	0,029494256000	0,068398484000	0,000078872000	0,000001339000
2683,000000000000	0,029510106000	0,068310693000	0,000078861000	0,000001390000
2684,000000000000	0,029523451000	0,068273789000	0,000078851000	0,000001359000
2685,000000000000	0,029536102000	0,068162300000	0,000079144000	0,000001297000
2686,000000000000	0,029558381000	0,068067197000	0,000079123000	0,000001432000
2687,000000000000	0,029572420000	0,068000104000	0,000078516000	0,000001339000
2688,000000000000	0,029582383000	0,067934256000	0,000078600000	0,000001411000
2689,000000000000	0,029611318000	0,067877246000	0,000078736000	0,000001339000
2690,000000000000	0,029631308000	0,067766940000	0,000078788000	0,000001370000
2691,000000000000	0,029653099000	0,067676618000	0,000078694000	0,000001463000
2692,000000000000	0,029672602000	0,067613056000	0,000079186000	0,000001546000
2693,000000000000	0,029682391000	0,067530062000	0,000078642000	0,000001463000
2694,000000000000	0,029704442000	0,067433494000	0,000078118000	0,000001422000
2695,000000000000	0,029725972000	0,067309533000	0,000078841000	0,000001505000
2696,000000000000	0,029759450000	0,067155547000	0,000078872000	0,000001245000
2697,000000000000	0,029782259000	0,067026826000	0,000078600000	0,000001266000
2698,000000000000	0,029808841000	0,066851979000	0,000079312000	0,000001422000
2699,000000000000	0,029839435000	0,066746838000	0,000079176000	0,000001328000
2700,000000000000	0,029857670000	0,066642125000	0,000078861000	0,000001536000
2701,000000000000	0,029887092000	0,066509326000	0,000079155000	0,000001411000
2702,000000000000	0,029917165000	0,066332581000	0,000078338000	0,000001515000
2703,000000000000	0,029958914000	0,066165694000	0,000079228000	0,000001411000
2704,000000000000	0,029977647000	0,066012358000	0,000078882000	0,000001515000
2705,000000000000	0,030016155000	0,065866516000	0,000078830000	0,000001287000
2706,000000000000	0,030064192000	0,065729716000	0,000078841000	0,000001390000
2707,000000000000	0,030102189000	0,065538295000	0,000079406000	0,000001370000
2708,000000000000	0,030106385000	0,065388003000	0,000078861000	0,000001390000
2709,000000000000	0,030132599000	0,065278228000	0,000078903000	0,000001473000
2710,000000000000	0,030171713000	0,065175128000	0,000078610000	0,000001339000
2711,000000000000	0,030205331000	0,064999176000	0,000078987000	0,000001349000
2712,000000000000	0,030239350000	0,064836637000	0,000078736000	0,000001287000
2713,000000000000	0,030268469000	0,064696265000	0,000078903000	0,000001328000
2714,000000000000	0,030310370000	0,064568467000	0,000078977000	0,000001494000
2715,000000000000	0,030329201000	0,064443364000	0,000078547000	0,000001266000
2716,000000000000	0,030361334000	0,064296113000	0,000078830000	0,000001442000
2717,000000000000	0,030394963000	0,064172683000	0,000078338000	0,000001505000
2718,000000000000	0,030395255000	0,064061541000	0,000079186000	0,000001390000
2719,000000000000	0,030430178000	0,063931310000	0,000079155000	0,000001494000
2720,000000000000	0,030458982000	0,063830272000	0,000078788000	0,000001888000
2721,000000000000	0,030482399000	0,063689573000	0,000079092000	0,000001463000
2722,000000000000	0,030503712000	0,063573451000	0,000078694000	0,000001484000
2723,000000000000	0,030531108000	0,063436018000	0,000078956000	0,000001307000
2724,000000000000	0,030570211000	0,063280052000	0,000079008000	0,000001380000
2725,000000000000	0,030599558000	0,063191730000	0,000079071000	0,000001349000
2726,000000000000	0,030614161000	0,063091447000	0,000078537000	0,000001453000
2727,000000000000	0,030645134000	0,062955464000	0,000078861000	0,000001318000
2728,000000000000	0,030671608000	0,062849993000	0,000078778000	0,000001463000
2729,000000000000	0,030701887000	0,062735463000	0,000078757000	0,000001484000
2730,000000000000	0,030738389000	0,062627464000	0,000078422000	0,000001370000
2731,000000000000	0,030756493000	0,062555860000	0,000079039000	0,000001235000
2732,000000000000	0,030771324000	0,062415121000	0,000079479000	0,000001453000
2733,000000000000	0,030801646000	0,062305040000	0,000078621000	0,000001473000
2734,000000000000	0,030821637000	0,062209431000	0,000078757000	0,000001453000
2735,000000000000	0,030840804000	0,062098453000	0,000078621000	0,000001525000
2736,000000000000	0,030867007000	0,061983677000	0,000079071000	0,000001432000
2737,000000000000	0,030894814000	0,061864022000	0,000079155000	0,000001515000
2738,000000000000	0,030925679000	0,061790315000	0,000078715000	0,000001484000
2739,000000000000	0,030943989000	0,061663844000	0,000079123000	0,000001515000
2740,000000000000	0,030960565000	0,061567113000	0,000078673000	0,000001650000
2741,000000000000	0,030983678000	0,061470524000	0,000078600000	0,000001463000
2742,000000000000	0,030992904000	0,061405349000	0,000079008000	0,000001536000
2743,000000000000	0,031015117000	0,061303842000	0,000078987000	0,000001256000
2744,000000000000	0,031054633000	0,061210111000	0,000078966000	0,000001359000
2745,000000000000	0,031071458000	0,061125994000	0,000079123000	0,000001556000
2746,000000000000	0,031099721000	0,060996032000	0,000078338000	0,000001193000
2747,000000000000	0,031134477000	0,060868704000	0,000078757000	0,000001411000
2748,000000000000	0,031153416000	0,060792422000	0,000079196000	0,000001100000
2749,000000000000	0,031168843000	0,060685791000	0,000078914000	0,000001473000
2750,000000000000	0,031195859000	0,060586406000	0,000078820000	0,000001608000
2751,000000000000	0,031218690000	0,060522293000	0,000078526000	0,000001152000
2752,000000000000	0,031230399000	0,060436686000	0,000078935000	0,000001380000
2753,000000000000	0,031260634000	0,060294273000	0,000079144000	0,000001671000
2754,000000000000	0,031285352000	0,060201460000	0,000078621000	0,000001567000
2755,000000000000	0,031303294000	0,060125324000	0,000079343000	0,000001639000
2756,000000000000	0,031332446000	0,060042636000	0,000078715000	0,000001173000
2757,000000000000	0,031356133000	0,059938128000	0,000079217000	0,000001639000
2758,000000000000	0,031378856000	0,059855175000	0,000078956000	0,000001577000
2759,000000000000	0,031400560000	0,059775405000	0,000078485000	0,000001505000
2760,000000000000	0,031425386000	0,059695591000	0,000079050000	0,000001307000
2761,000000000000	0,031448759000	0,059583408000	0,000079531000	0,000001390000
2762,000000000000	0,031477861000	0,059506538000	0,000079018000	0,000001349000
2763,000000000000	0,031491499000	0,059424625000	0,000078506000	0,000001349000
2764,000000000000	0,031498762000	0,059360328000	0,000078841000	0,000001515000
2765,000000000000	0,031523198000	0,059256943000	0,000078820000	0,000001276000
2766,000000000000	0,031537660000	0,059163579000	0,000079259000	0,000001463000
2767,000000000000	0,031550842000	0,059089995000	0,000078589000	0,000001484000
2768,000000000000	0,031581208000	0,059067685000	0,000079186000	0,000001256000
2769,000000000000	0,031597546000	0,058943704000	0,000078841000	0,000001328000
2770,000000000000	0,031618848000	0,058859301000	0,000078882000	0,000001536000
2771,000000000000	0,031640877000	0,058715477000	0,000078663000	0,000001183000
2772,000000000000	0,031659134000	0,058669468000	0,000079018000	0,000001287000
2773,000000000000	0,031685217000	0,058567246000	0,000078589000	0,000001484000
2774,000000000000	0,031703929000	0,058450818000	0,000078663000	0,000001370000
2775,000000000000	0,031723627000	0,058377029000	0,000079102000	0,000001235000
2776,000000000000	0,031751272000	0,058311344000	0,000078977000	0,000001390000
2777,000000000000	0,031772650000	0,058280196000	0,000078861000	0,000001401000
2778,000000000000	0,031796316000	0,058195262000	0,000078537000	0,000001484000
2779,000000000000	0,031812925000	0,058072179000	0,000078945000	0,000001484000
2780,000000000000	0,031835333000	0,058041521000	0,000078998000	0,000001276000
2781,000000000000	0,031861417000	0,057952260000	0,000078600000	0,000001536000
2782,000000000000	0,031876724000	0,057849691000	0,000078715000	0,000001515000
2783,000000000000	0,031907936000	0,057751204000	0,000078841000	0,000001453000
2784,000000000000	0,031935093000	0,057661512000	0,000078851000	0,000001494000
2785,000000000000	0,031947386000	0,057599807000	0,000079029000	0,000001287000
2786,000000000000	0,031973828000	0,057515547000	0,000078694000	0,000001307000
2787,000000000000	0,031969361000	0,057475275000	0,000078799000	0,000001401000
2788,000000000000	0,031993721000	0,057365766000	0,000078914000	0,000001453000
2789,000000000000	0,032020455000	0,057299427000	0,000078820000	0,000001390000
2790,000000000000	0,032042885000	0,057200430000	0,000078924000	0,000001401000
2791,000000000000	0,032070291000	0,057066937000	0,000078767000	0,000001525000
2792,000000000000	0,032105210000	0,056941487000	0,000078882000	0,000001411000
2793,000000000000	0,032145149000	0,056769334000	0,000078935000	0,000001920000
2794,000000000000	0,032193034000	0,056590585000	0,000079081000	0,000001463000
2795,000000000000	0,032244084000	0,056347869000	0,000079176000	0,000001411000
2796,000000000000	0,032290722000	0,056102907000	0,000078621000	0,000001442000
2797,000000000000	0,032354034000	0,055891849000	0,000078694000	0,000001380000
2798,000000000000	0,032411134000	0,055660400000	0,000079217000	0,000001422000
2799,000000000000	0,032477058000	0,055433480000	0,000078841000	0,000001390000
2800,000000000000	0,032542371000	0,055179945000	0,000078893000	0,000001349000
2801,000000000000	0,032602452000	0,054949088000	0,000079008000	0,000001484000
2802,000000000000	0,032668279000	0,054760034000	0,000078987000	0,000001411000
2803,000000000000	0,032708976000	0,054589963000	0,000079018000	0,000001276000
2804,000000000000	0,032771215000	0,054382065000	0,000079008000	0,000001318000
2805,000000000000	0,032833225000	0,054179887000	0,000078715000	0,000001567000
2806,000000000000	0,032878953000	0,054043087000	0,000079511000	0,000001473000
2807,000000000000	0,032915227000	0,053870179000	0,000078778000	0,000001525000
2808,000000000000	0,032960694000	0,053681207000	0,000078746000	0,000001204000
2809,000000000000	0,033003115000	0,053529792000	0,000078841000	0,000001401000
2810,000000000000	0,033048550000	0,053383151000	0,000078202000	0,000001359000
2811,000000000000	0,033100826000	0,053213448000	0,000078506000	0,000001276000
2812,000000000000	0,033168398000	0,053016025000	0,000078830000	0,000001370000
2813,000000000000	0,033209713000	0,052845362000	0,000079102000	0,000001473000
2814,000000000000	0,033255365000	0,052753305000	0,000078903000	0,000001370000
2815,000000000000	0,033280462000	0,052590419000	0,000078422000	0,000001598000
2816,000000000000	0,033312356000	0,052469990000	0,000078903000	0,000001546000
2817,000000000000	0,033364491000	0,052318389000	0,000079427000	0,000001380000
2818,000000000000	0,033399648000	0,052172587000	0,000078841000	0,000001567000
2819,000000000000	0,033441094000	0,052076958000	0,000078736000	0,000001183000
2820,000000000000	0,033484241000	0,051922502000	0,000078757000	0,000001349000
2821,000000000000	0,033519637000	0,051778518000	0,000078872000	0,000001515000
2822,000000000000	0,033535953000	0,051729836000	0,000078746000	0,000001505000
2823,000000000000	0,033577824000	0,051600670000	0,000079071000	0,000001307000
2824,000000000000	0,033636691000	0,051466299000	0,000078736000	0,000001256000
2825,000000000000	0,033654763000	0,051330823000	0,000079238000	0,000001370000
2826,000000000000	0,033694723000	0,051211088000	0,000078621000	0,000001328000
2827,000000000000	0,033738304000	0,051139586000	0,000078935000	0,000001525000
2828,000000000000	0,033776096000	0,051027647000	0,000078987000	0,000001494000
2829,000000000000	0,033806516000	0,050915791000	0,000078861000	0,000001214000
2830,000000000000	0,033831754000	0,050766948000	0,000078642000	0,000001307000
2831,000000000000	0,033863594000	0,050699916000	0,000079155000	0,000001380000
2832,000000000000	0,033905538000	0,050595938000	0,000078841000	0,000001484000
2833,000000000000	0,033934885000	0,050501126000	0,000078715000	0,000001432000
2834,000000000000	0,033961749000	0,050367612000	0,000078757000	0,000001349000
2835,000000000000	0,033985079000	0,050313254000	0,000079029000	0,000001370000
2836,000000000000	0,034021808000	0,050245283000	0,000078882000	0,000001370000
2837,000000000000	0,034057746000	0,050132630000	0,000078547000	0,000001401000
2838,000000000000	0,034087830000	0,049989605000	0,000079113000	0,000001463000
2839,000000000000	0,034126923000	0,049903508000	0,000078966000	0,000001650000
2840,000000000000	0,034161886000	0,049789100000	0,000079060000	0,000001484000
2841,000000000000	0,034197390000	0,049673753000	0,000078903000	0,000001131000
2842,000000000000	0,034219029000	0,049610987000	0,000078348000	0,000001432000
2843,000000000000	0,034251487000	0,049534300000	0,000078694000	0,000001276000
2844,000000000000	0,034282731000	0,049465349000	0,000079029000	0,000001505000
2845,000000000000	0,034304033000	0,049372312000	0,000078851000	0,000001453000
2846,000000000000	0,034338031000	0,049261616000	0,000078725000	0,000001463000
2847,000000000000	0,034361339000	0,049141717000	0,000079448000	0,000001390000
2848,000000000000	0,034392757000	0,049096811000	0,000079071000	0,000001484000
2849,000000000000	0,034425724000	0,049008163000	0,000078882000	0,000001318000
2850,000000000000	0,034451287000	0,048871935000	0,000078568000	0,000001276000
2851,000000000000	0,034509255000	0,048788369000	0,000078401000	0,000001349000
2852,000000000000	0,034556998000	0,048690291000	0,000078642000	0,000001339000
2853,000000000000	0,034570268000	0,048584537000	0,000078956000	0,000001339000
2854,000000000000	0,034599907000	0,048483377000	0,000079573000	0,000001473000
2855,000000000000	0,034642614000	0,048407118000	0,000078987000	0,000001370000
2856,000000000000	0,034672167000	0,048294364000	0,000079081000	0,000001256000
2857,000000000000	0,034693914000	0,048240926000	0,000078704000	0,000001422000
2858,000000000000	0,034725169000	0,048163379000	0,000078746000	0,000001422000
2859,000000000000	0,034755621000	0,048110839000	0,000078757000	0,000001422000
2860,000000000000	0,034769899000	0,048068628000	0,000078589000	0,000001411000
2861,000000000000	0,034805740000	0,048016394000	0,000078474000	0,000001328000
2862,000000000000	0,034817231000	0,047986103000	0,000078757000	0,000001453000
2863,000000000000	0,034837840000	0,047867164000	0,000079008000	0,000001287000
2864,000000000000	0,034859977000	0,047895903000	0,000079113000	0,000001235000
2865,000000000000	0,034866807000	0,047852508000	0,000078694000	0,000001536000
2866,000000000000	0,034900306000	0,047814481000	0,000078914000	0,000001401000
2867,000000000000	0,034895232000	0,047820094000	0,000078799000	0,000001297000
2868,000000000000	0,034930379000	0,047810052000	0,000078778000	0,000001266000
2869,000000000000	0,034952907000	0,047799866000	0,000079039000	0,000001121000
2870,000000000000	0,034969212000	0,047815012000	0,000078966000	0,000001639000
2871,000000000000	0,034970187000	0,047775515000	0,000078830000	0,000001608000
2872,000000000000	0,035002472000	0,047787150000	0,000079039000	0,000001370000
2873,000000000000	0,035132521000	0,047794008000	0,000078956000	0,000001235000
2874,000000000000	0,035299408000	0,047790803000	0,000078568000	0,000001453000
2875,000000000000	0,035523894000	0,047721771000	0,000079259000	0,000001422000
2876,000000000000	0,035584333000	0,047715300000	0,000078893000	0,000001505000
2877,000000000000	0,035593082000	0,047710095000	0,000079270000	0,000001463000
2878,000000000000	0,035620173000	0,047727690000	0,000079081000	0,000001442000
2879,000000000000	0,035628781000	0,047683090000	0,000079542000	0,000001536000
2880,000000000000	0,035634494000	0,047673578000	0,000078987000	0,000001463000
2881,000000000000	0,035626851000	0,047690643000	0,000079029000	0,000001390000
2882,000000000000	0,035641649000	0,047673721000	0,000078966000	0,000001463000
2883,000000000000	0,035655185000	0,047653554000	0,000078956000	0,000001401000
2884,000000000000	0,035653407000	0,047628366000	0,000078841000	0,000001307000
2885,000000000000	0,035672390000	0,047587237000	0,000078725000	0,000001380000
2886,000000000000	0,035680488000	0,047610424000	0,000079249000	0,000001401000
2887,000000000000	0,035676770000	0,047613894000	0,000078683000	0,000001411000
2888,000000000000	0,035683101000	0,047574622000	0,000078882000	0,000001380000
2889,000000000000	0,035682439000	0,047568009000	0,000078673000	0,000001598000
2890,000000000000	0,035688749000	0,047556884000	0,000078977000	0,000001422000
2891,000000000000	0,035704826000	0,047563232000	0,000079353000	0,000001463000
2892,000000000000	0,035706496000	0,047503630000	0,000079018000	0,000001370000
2893,000000000000	0,035696663000	0,047512856000	0,000078977000	0,000001401000
2894,000000000000	0,035716936000	0,047477381000	0,000079102000	0,000001390000
2895,000000000000	0,035723299000	0,047520266000	0,000079270000	0,000001463000
2896,000000000000	0,035729880000	0,047459541000	0,000079008000	0,000001432000
2897,000000000000	0,035742174000	0,047441415000	0,000078945000	0,000001318000
2898,000000000000	0,035754858000	0,047403551000	0,000078526000	0,000000716000
2899,000000000000	0,035755400000	0,047445252000	0,000078935000	0,000001536000
2900,000000000000	0,035759649000	0,047393651000	0,000079165000	0,000001380000
2901,000000000000	0,035778578000	0,047352583000	0,000078558000	0,000001473000
2902,000000000000	0,035788519000	0,047326599000	0,000079751000	0,000001608000
2903,000000000000	0,035793246000	0,047348786000	0,000079134000	0,000001639000
2904,000000000000	0,035789430000	0,047320516000	0,000079134000	0,000001432000
2905,000000000000	0,035802081000	0,047263894000	0,000079134000	0,000001380000
2906,000000000000	0,035799555000	0,047266139000	0,000078914000	0,000001442000
2907,000000000000	0,035803447000	0,047299553000	0,000078820000	0,000001401000
2908,000000000000	0,035815643000	0,047287939000	0,000079134000	0,000001380000
2909,000000000000	0,035815221000	0,047232929000	0,000078903000	0,000001422000
2910,000000000000	0,035814061000	0,047247666000	0,000078673000	0,000000830000
2911,000000000000	0,035814776000	0,047225234000	0,000079071000	0,000001235000
2912,000000000000	0,035822517000	0,047235113000	0,000078935000	0,000001556000
2913,000000000000	0,035830680000	0,047203189000	0,000079238000	0,000001556000
2914,000000000000	0,035824316000	0,047174426000	0,000078642000	0,000001390000
2915,000000000000	0,035818440000	0,047134317000	0,000078600000	0,000001411000
2916,000000000000	0,035821834000	0,047002008000	0,000078851000	0,000001608000
2917,000000000000	0,035823135000	0,046955775000	0,000078924000	0,000001245000
2918,000000000000	0,035847581000	0,046865331000	0,000078652000	0,000001536000
2919,000000000000	0,035881492000	0,046845939000	0,000078663000	0,000001525000
2920,000000000000	0,035909321000	0,046875026000	0,000079039000	0,000001494000
2921,000000000000	0,035938581000	0,046840959000	0,000079102000	0,000001411000
2922,000000000000	0,035962659000	0,046795012000	0,000078966000	0,000001442000
2923,000000000000	0,036001546000	0,046698281000	0,000078872000	0,000001473000
2924,000000000000	0,036025656000	0,046660111000	0,000078558000	0,000001339000
2925,000000000000	0,036059394000	0,046599161000	0,000079217000	0,000001463000
2926,000000000000	0,036099072000	0,046458585000	0,000078956000	0,000001546000
2927,000000000000	0,036127638000	0,046400616000	0,000079196000	0,000001297000
2928,000000000000	0,036160812000	0,046328603000	0,000078977000	0,000001307000
2929,000000000000	0,036183057000	0,046270001000	0,000078443000	0,000001546000
2930,000000000000	0,036226920000	0,046116725000	0,000078704000	0,000001598000
2931,000000000000	0,036249415000	0,046037527000	0,000079155000	0,000001588000
2932,000000000000	0,036283738000	0,045956268000	0,000079060000	0,000001515000
2933,000000000000	0,036323037000	0,045845942000	0,000078882000	0,000001484000
2934,000000000000	0,036358390000	0,045759294000	0,000078568000	0,000001390000
2935,000000000000	0,036394219000	0,045590530000	0,000078809000	0,000000986000
2936,000000000000	0,036440272000	0,045488451000	0,000079249000	0,000001442000
2937,000000000000	0,036488612000	0,045372267000	0,000079060000	0,000001411000
2938,000000000000	0,036530340000	0,045243081000	0,000078464000	0,000001494000
2939,000000000000	0,036577964000	0,045096504000	0,000078788000	0,000001359000
2940,000000000000	0,036638414000	0,044902507000	0,000078725000	0,000001349000
2941,000000000000	0,036703345000	0,044751644000	0,000078903000	0,000001588000
2942,000000000000	0,036774376000	0,044559631000	0,000078945000	0,000001266000
2943,000000000000	0,036831877000	0,044397990000	0,000078736000	0,000001463000
2944,000000000000	0,036889920000	0,044218366000	0,000078788000	0,000001411000
2945,000000000000	0,036954012000	0,044079382000	0,000078820000	0,000001401000
2946,000000000000	0,037018722000	0,043932069000	0,000079071000	0,000001287000
2947,000000000000	0,037088528000	0,043748914000	0,000078799000	0,000001266000
2948,000000000000	0,037150788000	0,043576904000	0,000078924000	0,000001349000
2949,000000000000	0,037205600000	0,043444350000	0,000078914000	0,000001307000
2950,000000000000	0,037275135000	0,043300937000	0,000079249000	0,000001224000
2951,000000000000	0,037333806000	0,043124477000	0,000078861000	0,000001432000
2952,000000000000	0,037415190000	0,042894047000	0,000078652000	0,000001536000
2953,000000000000	0,037481494000	0,042710851000	0,000079123000	0,000001401000
2954,000000000000	0,037577307000	0,042464624000	0,000079155000	0,000001629000
2955,000000000000	0,037671624000	0,042256342000	0,000079280000	0,000001546000
2956,000000000000	0,037764602000	0,042010789000	0,000078841000	0,000001422000
2957,000000000000	0,037847395000	0,041794746000	0,000079144000	0,000001536000
2958,000000000000	0,037926079000	0,041592057000	0,000079144000	0,000001608000
2959,000000000000	0,038021611000	0,041399921000	0,000079029000	0,000001556000
2960,000000000000	0,038110432000	0,041125057000	0,000078861000	0,000001463000
2961,000000000000	0,038206852000	0,040940738000	0,000078977000	0,000001141000
2962,000000000000	0,038279292000	0,040787281000	0,000079783000	0,000001411000
2963,000000000000	0,038379192000	0,040568385000	0,000078914000	0,000001484000
2964,000000000000	0,038481163000	0,040322117000	0,000078987000	0,000001422000
2965,000000000000	0,038561896000	0,040106405000	0,000078872000	0,000001017000
2966,000000000000	0,038665504000	0,039926353000	0,000078956000	0,000001473000
2967,000000000000	0,038746411000	0,039721232000	0,000079081000	0,000001774000
2968,000000000000	0,038839628000	0,039494294000	0,000079092000	0,000001598000
2969,000000000000	0,038930725000	0,039304465000	0,000078778000	0,000001224000
2970,000000000000	0,039024891000	0,039117758000	0,000079144000	0,000001577000
2971,000000000000	0,039113256000	0,038952484000	0,000078903000	0,000001546000
2972,000000000000	0,039206478000	0,038729298000	0,000079050000	0,000001339000
2973,000000000000	0,039299007000	0,038530222000	0,000079259000	0,000001453000
2974,000000000000	0,039383480000	0,038351149000	0,000079594000	0,000001297000
2975,000000000000	0,039476355000	0,038192223000	0,000079333000	0,000001349000
2976,000000000000	0,039569957000	0,037988861000	0,000078663000	0,000001328000
2977,000000000000	0,039653899000	0,037771169000	0,000079531000	0,000001494000
2978,000000000000	0,039739771000	0,037610527000	0,000079364000	0,000001297000
2979,000000000000	0,039825730000	0,037444089000	0,000079050000	0,000001339000
2980,000000000000	0,039917807000	0,037255158000	0,000078663000	0,000001764000
2981,000000000000	0,039999982000	0,037082862000	0,000079081000	0,000001422000
2982,000000000000	0,040095221000	0,036880296000	0,000078924000	0,000001390000
2983,000000000000	0,040192801000	0,036731147000	0,000079134000	0,000001660000
2984,000000000000	0,040281177000	0,036548583000	0,000079259000	0,000001629000
2985,000000000000	0,040367147000	0,036355324000	0,000079280000	0,000001494000
2986,000000000000	0,040468391000	0,036142817000	0,000079018000	0,000001733000
2987,000000000000	0,040552453000	0,036012141000	0,000079018000	0,000001121000
2988,000000000000	0,040637978000	0,035811902000	0,000079155000	0,000001505000
2989,000000000000	0,040729357000	0,035669836000	0,000079249000	0,000001556000
2990,000000000000	0,040817430000	0,035457039000	0,000079385000	0,000001276000
2991,000000000000	0,040906765000	0,035322607000	0,000079259000	0,000001370000
2992,000000000000	0,040991542000	0,035207669000	0,000079385000	0,000001515000
2993,000000000000	0,041086098000	0,035005347000	0,000079982000	0,000001567000
2994,000000000000	0,041178333000	0,034808435000	0,000078998000	0,000001339000
2995,000000000000	0,041257484000	0,034673574000	0,000078977000	0,000001567000
2996,000000000000	0,041340721000	0,034509625000	0,000079155000	0,000001505000
2997,000000000000	0,041442085000	0,034330491000	0,000079102000	0,000001370000
2998,000000000000	0,041508324000	0,034188813000	0,000078956000	0,000001473000
2999,000000000000	0,041611693000	0,034015987000	0,000078977000	0,000001453000
3000,000000000000	0,041697739000	0,033880085000	0,000079186000	0,000001359000
3001,000000000000	0,041786560000	0,033723180000	0,000078882000	0,000001525000
3002,000000000000	0,041871000000	0,033537757000	0,000079312000	0,000001681000
3003,000000000000	0,041956999000	0,033388180000	0,000079102000	0,000001505000
3004,000000000000	0,042060303000	0,033262199000	0,000079008000	0,000001546000
3005,000000000000	0,042146956000	0,033080595000	0,000078998000	0,000001484000
3006,000000000000	0,042232968000	0,032946020000	0,000079050000	0,000001162000
3007,000000000000	0,042324857000	0,032772908000	0,000079092000	0,000001390000
3008,000000000000	0,042408344000	0,032641211000	0,000079333000	0,000001629000
3009,000000000000	0,042482681000	0,032553665000	0,000078987000	0,000001567000
3010,000000000000	0,042577063000	0,032377630000	0,000078788000	0,000001515000
3011,000000000000	0,042670730000	0,032200619000	0,000078924000	0,000001567000
3012,000000000000	0,042747246000	0,032084742000	0,000078998000	0,000001515000
3013,000000000000	0,042842918000	0,031956801000	0,000078914000	0,000001390000
3014,000000000000	0,042927717000	0,031809060000	0,000079353000	0,000001339000
3015,000000000000	0,043027319000	0,031623926000	0,000079039000	0,000001494000
3016,000000000000	0,043118264000	0,031463122000	0,000079301000	0,000001546000
3017,000000000000	0,043200071000	0,031391128000	0,000079029000	0,000001256000
3018,000000000000	0,043276804000	0,031241653000	0,000079249000	0,000001754000
3019,000000000000	0,043360681000	0,031081216000	0,000079406000	0,000001442000
3020,000000000000	0,043453589000	0,030916493000	0,000078861000	0,000001639000
3021,000000000000	0,043534615000	0,030831397000	0,000079259000	0,000001536000
3022,000000000000	0,043622232000	0,030727664000	0,000078935000	0,000001432000
3023,000000000000	0,043720452000	0,030523730000	0,000079249000	0,000001598000
3024,000000000000	0,043804134000	0,030390113000	0,000079500000	0,000001453000
3025,000000000000	0,043888987000	0,030272194000	0,000079804000	0,000001515000
3026,000000000000	0,043979456000	0,030134312000	0,000078872000	0,000001536000
3027,000000000000	0,044058275000	0,029990756000	0,000079395000	0,000001401000
3028,000000000000	0,044153167000	0,029854385000	0,000079594000	0,000001390000
3029,000000000000	0,044244752000	0,029729853000	0,000078872000	0,000001619000
3030,000000000000	0,044326981000	0,029624467000	0,000079092000	0,000001494000
3031,000000000000	0,044424713000	0,029494832000	0,000079186000	0,000001619000
3032,000000000000	0,044503886000	0,029372831000	0,000079144000	0,000001235000
3033,000000000000	0,044592012000	0,029245071000	0,000079113000	0,000001494000
3034,000000000000	0,044682915000	0,029146666000	0,000078924000	0,000001536000
3035,000000000000	0,044751809000	0,029017132000	0,000079071000	0,000001463000
3036,000000000000	0,044843579000	0,028882129000	0,000079364000	0,000001287000
3037,000000000000	0,044937842000	0,028742370000	0,000078935000	0,000001588000
3038,000000000000	0,045013946000	0,028659539000	0,000079123000	0,000001256000
3039,000000000000	0,045097470000	0,028540334000	0,000079071000	0,000001639000
3040,000000000000	0,045183321000	0,028384388000	0,000079688000	0,000001318000
3041,000000000000	0,045269041000	0,028280551000	0,000079270000	0,000001525000
3042,000000000000	0,045340147000	0,028179860000	0,000079563000	0,000001473000
3043,000000000000	0,045447311000	0,028055205000	0,000078924000	0,000001556000
3044,000000000000	0,045513517000	0,027925570000	0,000079573000	0,000001577000
3045,000000000000	0,045624877000	0,027797139000	0,000078872000	0,000001588000
3046,000000000000	0,045694986000	0,027709450000	0,000079123000	0,000001546000
3047,000000000000	0,045802464000	0,027610494000	0,000079144000	0,000001577000
3048,000000000000	0,045888520000	0,027459488000	0,000079448000	0,000001494000
3049,000000000000	0,045969394000	0,027344039000	0,000079259000	0,000001556000
3050,000000000000	0,046050648000	0,027246284000	0,000079165000	0,000001442000
3051,000000000000	0,046150349000	0,027143062000	0,000079155000	0,000001380000
3052,000000000000	0,046234281000	0,027043860000	0,000078841000	0,000001463000
3053,000000000000	0,046306016000	0,026900713000	0,000079511000	0,000001671000
3054,000000000000	0,046388310000	0,026797103000	0,000078872000	0,000001484000
3055,000000000000	0,046475624000	0,026693288000	0,000079259000	0,000001702000
3056,000000000000	0,046558786000	0,026582657000	0,000079113000	0,000001287000
3057,000000000000	0,046643053000	0,026454083000	0,000078924000	0,000001650000
3058,000000000000	0,046715786000	0,026366700000	0,000079814000	0,000001608000
3059,000000000000	0,046814212000	0,026251047000	0,000078746000	0,000001525000
3060,000000000000	0,046898013000	0,026145516000	0,000079249000	0,000001556000
3061,000000000000	0,046992883000	0,026023984000	0,000079762000	0,000001546000
3062,000000000000	0,047068662000	0,025939010000	0,000079301000	0,000001463000
3063,000000000000	0,047154003000	0,025851832000	0,000079113000	0,000001525000
3064,000000000000	0,047231684000	0,025781880000	0,000079050000	0,000001577000
3065,000000000000	0,047310748000	0,025655307000	0,000079458000	0,000001567000
3066,000000000000	0,047395904000	0,025557065000	0,000078757000	0,000001515000
3067,000000000000	0,047477364000	0,025478664000	0,000079333000	0,000001370000
3068,000000000000	0,047558769000	0,025373849000	0,000079196000	0,000001432000
3069,000000000000	0,047655320000	0,025277077000	0,000079406000	0,000001432000
3070,000000000000	0,047713915000	0,025138580000	0,000079238000	0,000001608000
3071,000000000000	0,047803820000	0,025080672000	0,000079081000	0,000001619000
3072,000000000000	0,047893996000	0,024971734000	0,000079291000	0,000001453000
3073,000000000000	0,047982752000	0,024873758000	0,000079186000	0,000001266000
3074,000000000000	0,048083920000	0,024749083000	0,000079081000	0,000001525000
3075,000000000000	0,048150008000	0,024648269000	0,000078715000	0,000001525000
3076,000000000000	0,048212246000	0,024602240000	0,000079312000	0,000001100000
3077,000000000000	0,048301940000	0,024500794000	0,000079343000	0,000001515000
3078,000000000000	0,048389752000	0,024362096000	0,000079071000	0,000001826000
3079,000000000000	0,048453834000	0,024270284000	0,000079238000	0,000001567000
3080,000000000000	0,048521352000	0,024224521000	0,000079312000	0,000001494000
3081,000000000000	0,048622694000	0,024124850000	0,000079176000	0,000001546000
3082,000000000000	0,048697281000	0,024031731000	0,000078935000	0,000001598000
3083,000000000000	0,048789581000	0,023938285000	0,000079050000	0,000001453000
3084,000000000000	0,048856850000	0,023858884000	0,000079207000	0,000001411000
3085,000000000000	0,048937551000	0,023777318000	0,000079196000	0,000001370000
3086,000000000000	0,049008408000	0,023662339000	0,000079081000	0,000001442000
3087,000000000000	0,049098660000	0,023562464000	0,000079249000	0,000001556000
3088,000000000000	0,049167663000	0,023520314000	0,000078725000	0,000001349000
3089,000000000000	0,049264181000	0,023410539000	0,000079343000	0,000001505000
3090,000000000000	0,049329622000	0,023342098000	0,000079259000	0,000001847000
3091,000000000000	0,049411071000	0,023228303000	0,000079060000	0,000001525000
3092,000000000000	0,049493170000	0,023170415000	0,000078935000	0,000001505000
3093,000000000000	0,049578403000	0,023073092000	0,000079186000	0,000001494000
3094,000000000000	0,049681317000	0,023000690000	0,000079113000	0,000001484000
3095,000000000000	0,049722524000	0,022913042000	0,000079050000	0,000001598000
3096,000000000000	0,049813437000	0,022798042000	0,000079050000	0,000001743000
3097,000000000000	0,049879144000	0,022736113000	0,000079144000	0,000001307000
3098,000000000000	0,049967336000	0,022683430000	0,000079081000	0,000001536000
3099,000000000000	0,050063203000	0,022551652000	0,000078998000	0,000001411000
3100,000000000000	0,050128358000	0,022478026000	0,000079123000	0,000001453000
3101,000000000000	0,050200950000	0,022429140000	0,000079039000	0,000001411000
3102,000000000000	0,050280816000	0,022360802000	0,000079374000	0,000001422000
3103,000000000000	0,050364135000	0,022265438000	0,000079186000	0,000001370000
3104,000000000000	0,050427881000	0,022187240000	0,000078851000	0,000001359000
3105,000000000000	0,050493241000	0,022151948000	0,000078977000	0,000001577000
3106,000000000000	0,050600741000	0,022046991000	0,000078987000	0,000001173000
3107,000000000000	0,050674504000	0,021970137000	0,000078998000	0,000001598000
3108,000000000000	0,050733381000	0,021887837000	0,000079353000	0,000001463000
3109,000000000000	0,050815025000	0,021802332000	0,000079238000	0,000001629000
3110,000000000000	0,050903055000	0,021748812000	0,000079385000	0,000001525000
3111,000000000000	0,050972795000	0,021686781000	0,000079134000	0,000001422000
3112,000000000000	0,051040324000	0,021592111000	0,000079259000	0,000001505000
3113,000000000000	0,051125220000	0,021502013000	0,000079322000	0,000001816000
3114,000000000000	0,051202018000	0,021446024000	0,000079155000	0,000001505000
3115,000000000000	0,051285863000	0,021369031000	0,000078935000	0,000001494000
3116,000000000000	0,051334897000	0,021303141000	0,000078861000	0,000001515000
3117,000000000000	0,051431692000	0,021214514000	0,000078903000	0,000001712000
3118,000000000000	0,051497725000	0,021183406000	0,000079029000	0,000001598000
3119,000000000000	0,051562001000	0,021119231000	0,000079102000	0,000001349000
3120,000000000000	0,051639255000	0,021027787000	0,000079217000	0,000001380000
3121,000000000000	0,051707944000	0,020954773000	0,000079856000	0,000001380000
3122,000000000000	0,051771429000	0,020899212000	0,000079343000	0,000001536000
3123,000000000000	0,051856282000	0,020817034000	0,000079018000	0,000001525000
3124,000000000000	0,051944094000	0,020757901000	0,000078924000	0,000001484000
3125,000000000000	0,051995524000	0,020675723000	0,000079479000	0,000001567000
3126,000000000000	0,052074371000	0,020632287000	0,000078987000	0,000001546000
3127,000000000000	0,052144177000	0,020592607000	0,000079228000	0,000001567000
3128,000000000000	0,052208030000	0,020524554000	0,000078914000	0,000001276000
3129,000000000000	0,052295192000	0,020433191000	0,000079134000	0,000001619000
3130,000000000000	0,052375221000	0,020366975000	0,000078956000	0,000001442000
3131,000000000000	0,052464991000	0,020318824000	0,000079165000	0,000001193000
3132,000000000000	0,052533073000	0,020249567000	0,000079395000	0,000001432000
3133,000000000000	0,052593783000	0,020203763000	0,000079050000	0,000001463000
3134,000000000000	0,052683514000	0,020112624000	0,000079364000	0,000001370000
3135,000000000000	0,052747454000	0,020088783000	0,000079217000	0,000001422000
3136,000000000000	0,052812663000	0,020031773000	0,000079238000	0,000001536000
3137,000000000000	0,052885895000	0,019943329000	0,000079060000	0,000001681000
3138,000000000000	0,052936457000	0,019889948000	0,000079458000	0,000001069000
3139,000000000000	0,053025755000	0,019840960000	0,000079207000	0,000001546000
3140,000000000000	0,053100352000	0,019798422000	0,000079018000	0,000001639000
3141,000000000000	0,053166439000	0,019701670000	0,000079542000	0,000001484000
3142,000000000000	0,053245015000	0,019632760000	0,000079217000	0,000001401000
3143,000000000000	0,053304663000	0,019586037000	0,000079395000	0,000001048000
3144,000000000000	0,053377883000	0,019547949000	0,000079144000	0,000001380000
3145,000000000000	0,053449629000	0,019490265000	0,000079259000	0,000001453000
3146,000000000000	0,053519213000	0,019418967000	0,000079301000	0,000001639000
3147,000000000000	0,053589376000	0,019369611000	0,000078945000	0,000001401000
3148,000000000000	0,053658943000	0,019301028000	0,000079270000	0,000001297000
3149,000000000000	0,053731069000	0,019258326000	0,000078663000	0,000001556000
3150,000000000000	0,053802078000	0,019163881000	0,000078966000	0,000001411000
3151,000000000000	0,053870626000	0,019092399000	0,000079437000	0,000001463000
3152,000000000000	0,053934881000	0,019097563000	0,000079584000	0,000001494000
3153,000000000000	0,054015776000	0,019046738000	0,000079270000	0,000001650000
3154,000000000000	0,054087577000	0,018951844000	0,000079071000	0,000001339000
3155,000000000000	0,054145110000	0,018881239000	0,000078841000	0,000001453000
3156,000000000000	0,054200313000	0,018895466000	0,000079176000	0,000001328000
3157,000000000000	0,054279626000	0,018813350000	0,000079741000	0,000001826000
3158,000000000000	0,054340097000	0,018764484000	0,000079165000	0,000001370000
3159,000000000000	0,054418044000	0,018679081000	0,000079280000	0,000001525000
3160,000000000000	0,054473551000	0,018668691000	0,000079039000	0,000001556000
3161,000000000000	0,054556016000	0,018581431000	0,000078736000	0,000001567000
3162,000000000000	0,054599011000	0,018537383000	0,000078956000	0,000001598000
3163,000000000000	0,054678216000	0,018473208000	0,000079238000	0,000001484000
3164,000000000000	0,054749702000	0,018432997000	0,000079196000	0,000001619000
3165,000000000000	0,054796784000	0,018403767000	0,000079217000	0,000001598000
3166,000000000000	0,054847260000	0,018343328000	0,000078348000	0,000001494000
3167,000000000000	0,054912068000	0,018277888000	0,000078977000	0,000001442000
3168,000000000000	0,054967227000	0,018223164000	0,000079249000	0,000001608000
3169,000000000000	0,055051647000	0,018195322000	0,000079343000	0,000001494000
3170,000000000000	0,055113419000	0,018133393000	0,000079500000	0,000001297000
3171,000000000000	0,055174194000	0,018073586000	0,000079123000	0,000001473000
3172,000000000000	0,055231500000	0,018026578000	0,000079029000	0,000001505000
3173,000000000000	0,055281141000	0,018021842000	0,000078830000	0,000001401000
3174,000000000000	0,055350599000	0,017952606000	0,000079113000	0,000001484000
3175,000000000000	0,055432439000	0,017901372000	0,000079228000	0,000001629000
3176,000000000000	0,055500434000	0,017839035000	0,000078799000	0,000001505000
3177,000000000000	0,055553782000	0,017811680000	0,000079291000	0,000001494000
3178,000000000000	0,055630792000	0,017759569000	0,000079374000	0,000001442000
3179,000000000000	0,055680737000	0,017725032000	0,000080023000	0,000001463000
3180,000000000000	0,055766663000	0,017643732000	0,000078830000	0,000000986000
3181,000000000000	0,055811545000	0,017633199000	0,000078820000	0,000001515000
3182,000000000000	0,055880852000	0,017590335000	0,000079259000	0,000001473000
3183,000000000000	0,055936673000	0,017552695000	0,000079301000	0,000001401000
3184,000000000000	0,056034806000	0,017442533000	0,000078966000	0,000001505000
3185,000000000000	0,056098150000	0,017418998000	0,000078998000	0,000001339000
3186,000000000000	0,056153569000	0,017417100000	0,000078903000	0,000001463000
3187,000000000000	0,056204533000	0,017359212000	0,000079029000	0,000001473000
3188,000000000000	0,056258522000	0,017314408000	0,000078893000	0,000001546000
3189,000000000000	0,056315827000	0,017271993000	0,000079060000	0,000001733000
3190,000000000000	0,056381806000	0,017229148000	0,000079081000	0,000001349000
3191,000000000000	0,056447286000	0,017164402000	0,000078977000	0,000001224000
3192,000000000000	0,056512950000	0,017115720000	0,000079008000	0,000001432000
3193,000000000000	0,056554927000	0,017089736000	0,000078893000	0,000001359000
3194,000000000000	0,056616547000	0,017072774000	0,000079573000	0,000001473000
3195,000000000000	0,056671398000	0,017009252000	0,000079060000	0,000001380000
3196,000000000000	0,056717765000	0,016978533000	0,000079050000	0,000001577000
3197,000000000000	0,056782172000	0,016927381000	0,000078568000	0,000001370000
3198,000000000000	0,056825818000	0,016917093000	0,000079155000	0,000001494000
3199,000000000000	0,056886148000	0,016860165000	0,000078966000	0,000001411000
3200,000000000000	0,056947585000	0,016805870000	0,000079458000	0,000001380000
3201,000000000000	0,057006701000	0,016743756000	0,000079228000	0,000001442000
3202,000000000000	0,057069286000	0,016718731000	0,000079364000	0,000001380000
3203,000000000000	0,057127167000	0,016679254000	0,000079217000	0,000001401000
3204,000000000000	0,057183486000	0,016696482000	0,000079291000	0,000001266000
3205,000000000000	0,057254950000	0,016590524000	0,000079207000	0,000001245000
3206,000000000000	0,057313980000	0,016563397000	0,000078830000	0,000001494000
3207,000000000000	0,057363805000	0,016546394000	0,000079144000	0,000001588000
3208,000000000000	0,057400361000	0,016561254000	0,000079458000	0,000001401000
3209,000000000000	0,057464844000	0,016459481000	0,000078903000	0,000001536000
3210,000000000000	0,057536817000	0,016411779000	0,000078704000	0,000001463000
3211,000000000000	0,057600725000	0,016416861000	0,000079249000	0,000001567000
3212,000000000000	0,057642518000	0,016382161000	0,000079186000	0,000001339000
3213,000000000000	0,057671431000	0,016301739000	0,000079217000	0,000001525000
3214,000000000000	0,057741081000	0,016277592000	0,000078422000	0,000001515000
3215,000000000000	0,057805108000	0,016295799000	0,000079050000	0,000001588000
3216,000000000000	0,057875271000	0,016222214000	0,000078977000	0,000001619000
3217,000000000000	0,057894644000	0,016196761000	0,000079385000	0,000001276000
3218,000000000000	0,057954400000	0,016130157000	0,000079280000	0,000001401000
3219,000000000000	0,057996799000	0,016116012000	0,000079374000	0,000001359000
3220,000000000000	0,058068968000	0,016111399000	0,000079207000	0,000001484000
3221,000000000000	0,058112766000	0,016078332000	0,000078987000	0,000001650000
3222,000000000000	0,058194963000	0,015997318000	0,000079301000	0,000001401000
3223,000000000000	0,058219854000	0,015981253000	0,000079092000	0,000001546000
3224,000000000000	0,058263402000	0,015963924000	0,000078589000	0,000001422000
3225,000000000000	0,058325814000	0,015917752000	0,000078966000	0,000001556000
3226,000000000000	0,058381147000	0,015839433000	0,000079238000	0,000001380000
3227,000000000000	0,058437737000	0,015816449000	0,000079186000	0,000001484000
3228,000000000000	0,058469805000	0,015802895000	0,000078861000	0,000001598000
3229,000000000000	0,058522254000	0,015785158000	0,000078621000	0,000001297000
3230,000000000000	0,058573023000	0,015715265000	0,000079678000	0,000001422000
3231,000000000000	0,058642254000	0,015687443000	0,000079217000	0,000001525000
3232,000000000000	0,058688892000	0,015678054000	0,000078987000	0,000001453000
3233,000000000000	0,058739396000	0,015642823000	0,000079113000	0,000001536000
3234,000000000000	0,058811641000	0,015576608000	0,000078924000	0,000001390000
3235,000000000000	0,058854604000	0,015568688000	0,000078799000	0,000001411000
3236,000000000000	0,058917298000	0,015530844000	0,000079280000	0,000001453000
3237,000000000000	0,058965096000	0,015487204000	0,000078998000	0,000001650000
3238,000000000000	0,059030468000	0,015413395000	0,000079144000	0,000001463000
3239,000000000000	0,059130921000	0,015311581000	0,000078998000	0,000001442000
3240,000000000000	0,059211806000	0,015230240000	0,000079479000	0,000001494000
3241,000000000000	0,059340749000	0,015167494000	0,000079343000	0,000001422000
3242,000000000000	0,059474040000	0,015049596000	0,000079050000	0,000001463000
3243,000000000000	0,059599634000	0,014965826000	0,000079270000	0,000001546000
3244,000000000000	0,059740979000	0,014884261000	0,000079144000	0,000001681000
3245,000000000000	0,059856410000	0,014834660000	0,000079270000	0,000001339000
3246,000000000000	0,059981288000	0,014759137000	0,000079322000	0,000001422000
3247,000000000000	0,060111413000	0,014671467000	0,000079312000	0,000001349000
3248,000000000000	0,060214262000	0,014627296000	0,000078893000	0,000001422000
3249,000000000000	0,060327009000	0,014589657000	0,000079060000	0,000001380000
3250,000000000000	0,060443605000	0,014513419000	0,000079008000	0,000001505000
3251,000000000000	0,060570792000	0,014428445000	0,000079479000	0,000001432000
3252,000000000000	0,060675961000	0,014368720000	0,000079186000	0,000001359000
3253,000000000000	0,060799668000	0,014312894000	0,000078977000	0,000001567000
3254,000000000000	0,060900269000	0,014265844000	0,000078893000	0,000001546000
3255,000000000000	0,061021602000	0,014170113000	0,000078966000	0,000001473000
3256,000000000000	0,061182386000	0,013891472000	0,000079333000	0,000001598000
3257,000000000000	0,061537723000	0,013352598000	0,000079301000	0,000002086000
3258,000000000000	0,062136891000	0,012473359000	0,000079353000	0,000000903000
3259,000000000000	0,063037930000	0,011476427000	0,000079186000	0,000001463000
3260,000000000000	0,064116666000	0,010504602000	0,000079081000	0,000001619000
3261,000000000000	0,065332572000	0,009905413000	0,000078945000	0,000001453000
3262,000000000000	0,066527252000	0,009482502000	0,000078809000	0,000001577000
3263,000000000000	0,067749827000	0,009032401000	0,000079353000	0,000001442000
3264,000000000000	0,068925135000	0,008590425000	0,000079343000	0,000001463000
3265,000000000000	0,070069609000	0,008234482000	0,000078956000	0,000001453000
3266,000000000000	0,071214442000	0,007868520000	0,000079155000	0,000001577000
3267,000000000000	0,072330504000	0,007508027000	0,000079458000	0,000001359000
3268,000000000000	0,073462540000	0,007191215000	0,000079228000	0,000001484000
3269,000000000000	0,074546415000	0,006897000000	0,000079511000	0,000001525000
3270,000000000000	0,075611142000	0,006632749000	0,000078956000	0,000001608000
3271,000000000000	0,076716928000	0,006365457000	0,000079259000	0,000001297000
3272,000000000000	0,077762924000	0,006102633000	0,000079374000	0,000001380000
3273,000000000000	0,078823446000	0,005721668000	0,000079573000	0,000001473000
3274,000000000000	0,080131048000	0,004866741000	0,000079196000	0,000001463000
3275,000000000000	0,081567863000	0,004404129000	0,000079343000	0,000001442000
3276,000000000000	0,083015994000	0,004042757000	0,000079249000	0,000001650000
3277,000000000000	0,084460734000	0,003766116000	0,000078998000	0,000001484000
3278,000000000000	0,085884814000	0,003527809000	0,000079500000	0,000001463000
3279,000000000000	0,087224835000	0,003383314000	0,000079312000	0,000001390000
3280,000000000000	0,088596151000	0,003192811000	0,000079270000	0,000001525000
3281,000000000000	0,089914561000	0,003001185000	0,000079385000	0,000001494000
3282,000000000000	0,091144726000	0,002865284000	0,000079207000	0,000001473000
3283,000000000000	0,092405621000	0,002726361000	0,000079050000	0,000001411000
3284,000000000000	0,093606807000	0,002631896000	0,000079511000	0,000001359000
3285,000000000000	0,094773922000	0,002454803000	0,000079081000	0,000001671000
3286,000000000000	0,095932274000	0,002363399000	0,000079584000	0,000001556000
3287,000000000000	0,097018166000	0,002277772000	0,000079500000	0,000001401000
3288,000000000000	0,098061822000	0,002173835000	0,000078998000	0,000001266000
3289,000000000000	0,099075816000	0,002055996000	0,000079333000	0,000001422000
3290,000000000000	0,100138960000	0,001964082000	0,000079511000	0,000001546000
3291,000000000000	0,101114090000	0,001889313000	0,000078861000	0,000001722000
3292,000000000000	0,102112630000	0,001754677000	0,000078568000	0,000001442000
3293,000000000000	0,103043110000	0,001643025000	0,000079270000	0,000001743000
3294,000000000000	0,103926260000	0,001565766000	0,000079312000	0,000001484000
3295,000000000000	0,104821780000	0,001498203000	0,000079081000	0,000001525000
3296,000000000000	0,105682240000	0,001451665000	0,000079102000	0,000001370000
3297,000000000000	0,106536530000	0,001401023000	0,000079490000	0,000001318000
3298,000000000000	0,107378880000	0,001310252000	0,000079312000	0,000001359000
3299,000000000000	0,108202880000	0,001272000000	0,000079479000	0,000001494000
3300,000000000000	0,108876480000	0,001260855000	0,000079176000	0,000001349000
3301,000000000000	0,109646630000	0,001196109000	0,000079186000	0,000001681000
3302,000000000000	0,110310680000	0,001130894000	0,000079155000	0,000001588000
3303,000000000000	0,111002240000	0,001125709000	0,000079050000	0,000001484000
3304,000000000000	0,111650520000	0,001131955000	0,000079594000	0,000001577000
3305,000000000000	0,112263920000	0,001103011000	0,000079123000	0,000001422000
3306,000000000000	0,112923860000	0,001018200000	0,000079291000	0,000001432000
3307,000000000000	0,113496970000	0,001013751000	0,000078945000	0,000001567000
3308,000000000000	0,114036930000	0,000970804000	0,000079165000	0,000001432000
3309,000000000000	0,114580450000	0,000968988000	0,000079427000	0,000001484000
3310,000000000000	0,115035860000	0,000930328000	0,000079238000	0,000001702000
3311,000000000000	0,115598860000	0,000895913000	0,000079626000	0,000001266000
3312,000000000000	0,116005830000	0,000928593000	0,000079322000	0,000001276000
3313,000000000000	0,116452810000	0,000893056000	0,000079176000	0,000001536000
3314,000000000000	0,116894870000	0,000854498000	0,000078945000	0,000001536000
3315,000000000000	0,117279920000	0,000844047000	0,000079343000	0,000001639000
3316,000000000000	0,117740120000	0,000799917000	0,000079144000	0,000001681000
3317,000000000000	0,118126470000	0,000802652000	0,000079176000	0,000001266000
3318,000000000000	0,118474290000	0,000790119000	0,000078998000	0,000001764000
3319,000000000000	0,118782670000	0,000769340000	0,000079217000	0,000001598000
3320,000000000000	0,119205110000	0,000732109000	0,000079008000	0,000001349000
3321,000000000000	0,119594800000	0,000732129000	0,000079196000	0,000001328000
3322,000000000000	0,119849890000	0,000715718000	0,000079458000	0,000001515000
3323,000000000000	0,120170040000	0,000694306000	0,000079301000	0,000001660000
3324,000000000000	0,120462990000	0,000719005000	0,000079301000	0,000001276000
3325,000000000000	0,120770990000	0,000719005000	0,000079291000	0,000001411000
3326,000000000000	0,121131460000	0,000708962000	0,000079626000	0,000001588000
3327,000000000000	0,121341600000	0,000686346000	0,000079081000	0,000001546000
3328,000000000000	0,121579160000	0,000658218000	0,000079657000	0,000001473000
3329,000000000000	0,121841980000	0,000664321000	0,000078558000	0,000001515000
3330,000000000000	0,122044640000	0,000663056000	0,000079322000	0,000001453000
3331,000000000000	0,122269410000	0,000621028000	0,000079259000	0,000001608000
3332,000000000000	0,122545020000	0,000603229000	0,000079217000	0,000001349000
3333,000000000000	0,122668680000	0,000632275000	0,000078422000	0,000001567000
3334,000000000000	0,122847060000	0,000644849000	0,000078736000	0,000001536000
3335,000000000000	0,123149760000	0,000566590000	0,000078809000	0,000001484000
3336,000000000000	0,123186930000	0,000627213000	0,000079312000	0,000001473000
3337,000000000000	0,123432620000	0,000585267000	0,000079563000	0,000001401000
3338,000000000000	0,123546310000	0,000641746000	0,000079333000	0,000001515000
3339,000000000000	0,123745510000	0,000597902000	0,000079312000	0,000001390000
3340,000000000000	0,123973430000	0,000546341000	0,000078809000	0,000001442000
3341,000000000000	0,124070100000	0,000567610000	0,000079374000	0,000001505000
3342,000000000000	0,124165580000	0,000630315000	0,000078683000	0,000001764000
3343,000000000000	0,124354050000	0,000592799000	0,000079060000	0,000001390000
3344,000000000000	0,124521700000	0,000555302000	0,000079081000	0,000001494000
3345,000000000000	0,124581960000	0,000569019000	0,000079291000	0,000001795000
3346,000000000000	0,124757860000	0,000588328000	0,000079060000	0,000001608000
3347,000000000000	0,124819960000	0,000591023000	0,000079186000	0,000001463000
3348,000000000000	0,124903950000	0,000531135000	0,000079102000	0,000001390000
3349,000000000000	0,125054700000	0,000526358000	0,000079469000	0,000001473000
3350,000000000000	0,125159720000	0,000549607000	0,000079050000	0,000001515000
3351,000000000000	0,125206750000	0,000543137000	0,000079102000	0,000001401000
3352,000000000000	0,125308850000	0,000538422000	0,000078903000	0,000001442000
3353,000000000000	0,125435540000	0,000519602000	0,000079364000	0,000001505000
3354,000000000000	0,125505550000	0,000525113000	0,000078757000	0,000001411000
3355,000000000000	0,125597020000	0,000535503000	0,000078087000	0,000001359000
3356,000000000000	0,125668010000	0,000534115000	0,000079029000	0,000001629000
3357,000000000000	0,125748860000	0,000503660000	0,000078778000	0,000001546000
3358,000000000000	0,125809220000	0,000506559000	0,000079196000	0,000001411000
3359,000000000000	0,125898890000	0,000522888000	0,000079144000	0,000001515000
3360,000000000000	0,126034580000	0,000498680000	0,000078725000	0,000001650000
3361,000000000000	0,126027640000	0,000468450000	0,000079385000	0,000001556000
3362,000000000000	0,126128760000	0,000500231000	0,000078809000	0,000001494000
3363,000000000000	0,126209930000	0,000522786000	0,000079081000	0,000001567000
3364,000000000000	0,126244830000	0,000514397000	0,000078966000	0,000001370000
3365,000000000000	0,126276260000	0,000499354000	0,000079144000	0,000001525000
3366,000000000000	0,126383660000	0,000494965000	0,000078683000	0,000001390000
3367,000000000000	0,126383120000	0,000516071000	0,000079521000	0,000001359000
3368,000000000000	0,126477080000	0,000519275000	0,000079165000	0,000001453000
3369,000000000000	0,126509810000	0,000478064000	0,000079416000	0,000001266000
3370,000000000000	0,126544060000	0,000470593000	0,000078767000	0,000001484000
3371,000000000000	0,126581340000	0,000506926000	0,000079741000	0,000001588000
3372,000000000000	0,126658610000	0,000492658000	0,000079259000	0,000001463000
3373,000000000000	0,126686790000	0,000492026000	0,000079071000	0,000001484000
3374,000000000000	0,126767530000	0,000469124000	0,000079228000	0,000001370000
3375,000000000000	0,126809150000	0,000490556000	0,000079196000	0,000001505000
3376,000000000000	0,126871030000	0,000485596000	0,000078966000	0,000001598000
3377,000000000000	0,126856510000	0,000498476000	0,000078568000	0,000001370000
3378,000000000000	0,126903760000	0,000443976000	0,000079291000	0,000001598000
3379,000000000000	0,126957950000	0,000469328000	0,000079102000	0,000001442000
3380,000000000000	0,127009540000	0,000478636000	0,000079333000	0,000001743000
3381,000000000000	0,127055380000	0,000466368000	0,000079416000	0,000001525000
3382,000000000000	0,127083880000	0,000450120000	0,000078694000	0,000001588000
3383,000000000000	0,127084860000	0,000486147000	0,000079134000	0,000001536000
3384,000000000000	0,127182720000	0,000480248000	0,000079029000	0,000001608000
3385,000000000000	0,127202340000	0,000470695000	0,000078746000	0,000001453000
3386,000000000000	0,127196380000	0,000451917000	0,000078882000	0,000001463000
3387,000000000000	0,127279830000	0,000441547000	0,000079364000	0,000001588000
3388,000000000000	0,127234530000	0,000469736000	0,000078516000	0,000001453000
3389,000000000000	0,127289370000	0,000479350000	0,000079322000	0,000001442000
