Versuchsteilnehmer 1: SanC
Versuchsteilnehmer 2: TalH
Versuch: Supraleitung
Startzeit: 19.03.2026 11:11:37
Stoppzeit: 19.03.2026 12:14:06
Probennummer: 
Gatespannung: 
Sweeprate: 
Strom: 
Magnetfeld: 
Temperatur: 
Bemerkung: 
Kommentar: 

Zeit/s          	U_AB [V]          	U_M [V]          	U_Sn [V]          	U_Spule [V]
0,000000000000	0,127816840000	0,000501252000	0,000079312000	0,000042491000
1,000000000000	0,127806870000	0,000472879000	0,000078568000	0,000062631000
2,000000000000	0,127819000000	0,000451651000	0,000079207000	0,000082948000
3,000000000000	0,127864410000	0,000465919000	0,000079018000	0,000102995000
4,000000000000	0,127875900000	0,000485167000	0,000079783000	0,000123114000
5,001000000000	0,127853250000	0,000460143000	0,000080568000	0,000123457000
6,000000000000	0,127916540000	0,000421442000	0,000080693000	0,000123986000
7,000000000000	0,127846640000	0,000446222000	0,000079730000	0,000124214000
8,000000000000	0,127874600000	0,000449365000	0,000079772000	0,000124536000
9,000000000000	0,127865500000	0,000449324000	0,000080160000	0,000125065000
10,000000000000	0,127855640000	0,000452978000	0,000080421000	0,000125034000
11,001000000000	0,127859540000	0,000433424000	0,000080212000	0,000125874000
12,000000000000	0,127869400000	0,000450120000	0,000080191000	0,000126134000
13,000000000000	0,127907330000	0,000458836000	0,000079866000	0,000126725000
14,000000000000	0,127966720000	0,000414032000	0,000080097000	0,000126912000
15,000000000000	0,127901050000	0,000447834000	0,000080118000	0,000127669000
16,000000000000	0,127892160000	0,000465552000	0,000079971000	0,000127732000
17,000000000000	0,127971060000	0,000459408000	0,000080442000	0,000128354000
18,000000000000	0,127951660000	0,000422687000	0,000079846000	0,000128572000
19,000000000000	0,127986340000	0,000438690000	0,000080662000	0,000129174000
20,000000000000	0,127924240000	0,000475308000	0,000080149000	0,000129651000
21,000000000000	0,127988070000	0,000449957000	0,000080767000	0,000129713000
22,000000000000	0,128007040000	0,000437077000	0,000080369000	0,000130284000
23,000000000000	0,128006600000	0,000431015000	0,000080725000	0,000130637000
24,000000000000	0,127994030000	0,000425994000	0,000080243000	0,000131052000
25,000000000000	0,128013320000	0,000452202000	0,000080484000	0,000131280000
26,000000000000	0,127976260000	0,000486882000	0,000080547000	0,000131695000
27,000000000000	0,127964660000	0,000444732000	0,000080714000	0,000132214000
28,000000000000	0,128040090000	0,000432280000	0,000080411000	0,000132816000
29,000000000000	0,127954150000	0,000457387000	0,000079982000	0,000133127000
30,000000000000	0,127996310000	0,000448426000	0,000080432000	0,000133594000
31,000000000000	0,127976040000	0,000448589000	0,000080777000	0,000133522000
32,000000000000	0,127967160000	0,000439527000	0,000080086000	0,000134196000
33,000000000000	0,128067950000	0,000438159000	0,000080338000	0,000134632000
34,000000000000	0,128027410000	0,000462653000	0,000080735000	0,000135088000
35,000000000000	0,128064910000	0,000428239000	0,000080484000	0,000135493000
36,000000000000	0,127984170000	0,000436383000	0,000080484000	0,000135991000
37,000000000000	0,128005630000	0,000458775000	0,000080913000	0,000136468000
38,000000000000	0,128052120000	0,000443323000	0,000080861000	0,000136697000
39,000000000000	0,128032620000	0,000443772000	0,000081049000	0,000137049000
40,000000000000	0,128046600000	0,000398662000	0,000080934000	0,000137527000
41,000000000000	0,128065670000	0,000440282000	0,000081060000	0,000137911000
42,000000000000	0,128025460000	0,000469369000	0,000081060000	0,000138346000
43,000000000000	0,128014080000	0,000439812000	0,000080851000	0,000138865000
44,000000000000	0,128037600000	0,000420074000	0,000080317000	0,000139094000
45,000000000000	0,128042590000	0,000443609000	0,000081081000	0,000139457000
46,000000000000	0,128021020000	0,000461367000	0,000080463000	0,000139976000
47,000000000000	0,128065350000	0,000433913000	0,000080976000	0,000140453000
48,000000000000	0,128059600000	0,000428994000	0,000081039000	0,000140640000
49,001000000000	0,128039770000	0,000430750000	0,000080798000	0,000141107000
50,000000000000	0,128032720000	0,000463653000	0,000080903000	0,000141605000
51,000000000000	0,128008230000	0,000458877000	0,000081039000	0,000141874000
52,000000000000	0,127965210000	0,000439772000	0,000081165000	0,000142196000
53,000000000000	0,128017330000	0,000430423000	0,000081657000	0,000142642000
54,000000000000	0,127998370000	0,000444956000	0,000082138000	0,000143286000
55,000000000000	0,127942880000	0,000460061000	0,000080966000	0,000143545000
56,000000000000	0,128005850000	0,000425443000	0,000080892000	0,000143898000
57,000000000000	0,127999130000	0,000427667000	0,000081761000	0,000144448000
58,000000000000	0,127987750000	0,000437261000	0,000081510000	0,000144852000
59,000000000000	0,127982650000	0,000439180000	0,000080652000	0,000145133000
60,000000000000	0,127986990000	0,000421707000	0,000081165000	0,000145662000
61,000000000000	0,127989480000	0,000414522000	0,000081217000	0,000146015000
62,000000000000	0,127967370000	0,000429280000	0,000081280000	0,000146461000
63,000000000000	0,127993270000	0,000446895000	0,000081458000	0,000146741000
64,000000000000	0,127969000000	0,000445711000	0,000081489000	0,000147063000
65,000000000000	0,127945260000	0,000410338000	0,000081374000	0,000147633000
66,001000000000	0,127971060000	0,000440343000	0,000081458000	0,000148090000
67,000000000000	0,127964770000	0,000442262000	0,000081479000	0,000148567000
68,000000000000	0,127942770000	0,000459734000	0,000081824000	0,000148951000
69,000000000000	0,127936160000	0,000429239000	0,000081374000	0,000149065000
70,000000000000	0,127918820000	0,000419156000	0,000081667000	0,000149470000
71,000000000000	0,127896390000	0,000435710000	0,000081594000	0,000149958000
72,001000000000	0,127944940000	0,000418503000	0,000081636000	0,000150445000
73,000000000000	0,127946350000	0,000426075000	0,000082023000	0,000151099000
74,000000000000	0,127953500000	0,000417421000	0,000082096000	0,000151223000
75,000000000000	0,127940500000	0,000476452000	0,000081876000	0,000151545000
76,000000000000	0,127941580000	0,000444691000	0,000082201000	0,000151908000
77,000000000000	0,127989480000	0,000440466000	0,000081897000	0,000152386000
78,000000000000	0,127982220000	0,000409664000	0,000081730000	0,000153195000
79,000000000000	0,127963800000	0,000431770000	0,000081897000	0,000153185000
80,000000000000	0,127958920000	0,000453835000	0,000082211000	0,000153527000
81,000000000000	0,127949820000	0,000448242000	0,000082410000	0,000153983000
82,000000000000	0,127967260000	0,000393355000	0,000082295000	0,000154523000
83,000000000000	0,127877960000	0,000466715000	0,000082567000	0,000154928000
84,000000000000	0,127943200000	0,000457571000	0,000082431000	0,000155229000
85,000000000000	0,127926620000	0,000459673000	0,000082798000	0,000155716000
86,000000000000	0,127939190000	0,000435567000	0,000083028000	0,000156069000
87,000000000000	0,127985900000	0,000436975000	0,000083698000	0,000156339000
88,001000000000	0,127903000000	0,000481636000	0,000085593000	0,000156868000
89,000000000000	0,127945910000	0,000436894000	0,000094125000	0,000157345000
90,001000000000	0,127959570000	0,000423544000	0,000104646000	0,000157605000
91,000000000000	0,127960110000	0,000417706000	0,000122255000	0,000157947000
92,000000000000	0,127935830000	0,000464286000	0,000134011000	0,000158352000
93,001000000000	0,127929550000	0,000447181000	0,000140722000	0,000158840000
94,000000000000	0,127938540000	0,000423952000	0,000144815000	0,000159358000
95,000000000000	0,127913730000	0,000408440000	0,000148521000	0,000159639000
96,000000000000	0,127870050000	0,000452856000	0,000151096000	0,000160137000
97,000000000000	0,127838730000	0,000447998000	0,000153295000	0,000160500000
98,000000000000	0,127814670000	0,000439690000	0,000155650000	0,000160946000
99,000000000000	0,127848270000	0,000402602000	0,000157493000	0,000161226000
100,000000000000	0,127800360000	0,000435689000	0,000159199000	0,000161683000
101,000000000000	0,127824530000	0,000447161000	0,000161000000	0,000161963000
102,000000000000	0,127807620000	0,000447467000	0,000162717000	0,000162482000
103,000000000000	0,127819870000	0,000430260000	0,000164528000	0,000162731000
104,000000000000	0,127766770000	0,000442099000	0,000166328000	0,000163208000
105,000000000000	0,127752240000	0,000473247000	0,000168014000	0,000163602000
106,001000000000	0,127813590000	0,000462612000	0,000169595000	0,000164163000
107,000000000000	0,127784970000	0,000422238000	0,000172233000	0,000164453000
108,000000000000	0,127795920000	0,000419911000	0,000173918000	0,000165169000
109,000000000000	0,127725800000	0,000451651000	0,000177792000	0,000165501000
110,000000000000	0,127776950000	0,000453366000	0,000179665000	0,000165584000
111,000000000000	0,127772940000	0,000458959000	0,000180922000	0,000165958000
112,000000000000	0,127749970000	0,000432770000	0,000180848000	0,000166466000
113,000000000000	0,127742380000	0,000464245000	0,000181194000	0,000167006000
114,000000000000	0,127701630000	0,000469491000	0,000181047000	0,000167296000
115,000000000000	0,127732410000	0,000424259000	0,000180943000	0,000167587000
116,000000000000	0,127709540000	0,000426096000	0,000180608000	0,000168085000
117,000000000000	0,127725150000	0,000442976000	0,000181047000	0,000168489000
118,000000000000	0,127747260000	0,000472063000	0,000181068000	0,000168759000
119,000000000000	0,127703150000	0,000432301000	0,000181445000	0,000169340000
120,000000000000	0,127726990000	0,000417421000	0,000181644000	0,000169901000
121,000000000000	0,127662720000	0,000441670000	0,000181351000	0,000170015000
122,000000000000	0,127700550000	0,000438771000	0,000182136000	0,000170461000
123,000000000000	0,127682230000	0,000440119000	0,000181885000	0,000171011000
124,000000000000	0,127603770000	0,000428872000	0,000181927000	0,000171135000
125,000000000000	0,127621650000	0,000443425000	0,000182031000	0,000171706000
126,000000000000	0,127583830000	0,000482677000	0,000181916000	0,000171737000
127,000000000000	0,127588050000	0,000432158000	0,000182147000	0,000172536000
128,000000000000	0,127367290000	0,000469226000	0,000182398000	0,000172837000
129,000000000000	0,127537010000	0,000440384000	0,000182136000	0,000173200000
130,000000000000	0,127598350000	0,000450386000	0,000182618000	0,000174051000
131,000000000000	0,127579820000	0,000474370000	0,000182346000	0,000174124000
132,000000000000	0,127641700000	0,000425075000	0,000182199000	0,000174684000
133,000000000000	0,127577000000	0,000432158000	0,000182429000	0,000175068000
134,000000000000	0,127562690000	0,000458203000	0,000182775000	0,000175691000
135,000000000000	0,127534190000	0,000447038000	0,000182974000	0,000175784000
136,000000000000	0,127584800000	0,000436506000	0,000183089000	0,000176209000
137,000000000000	0,127569200000	0,000412787000	0,000182879000	0,000176614000
138,000000000000	0,127552400000	0,000452917000	0,000183361000	0,000176967000
139,000000000000	0,127549900000	0,000456121000	0,000183235000	0,000177330000
140,000000000000	0,127569520000	0,000429464000	0,000183612000	0,000177828000
141,000000000000	0,127488780000	0,000430158000	0,000183413000	0,000178274000
142,000000000000	0,127496800000	0,000454203000	0,000183528000	0,000178544000
143,000000000000	0,127482710000	0,000464735000	0,000183518000	0,000178938000
144,000000000000	0,127512300000	0,000465409000	0,000183863000	0,000179519000
145,000000000000	0,127507200000	0,000431076000	0,000183476000	0,000179800000
146,000000000000	0,127547520000	0,000437975000	0,000182681000	0,000180339000
147,000000000000	0,127499510000	0,000456550000	0,000183110000	0,000180816000
148,000000000000	0,127509700000	0,000450018000	0,000183298000	0,000180982000
149,000000000000	0,127567350000	0,000430995000	0,000183780000	0,000181408000
150,000000000000	0,127570170000	0,000424769000	0,000183696000	0,000181864000
151,000000000000	0,127571800000	0,000474512000	0,000184209000	0,000182134000
152,000000000000	0,127606260000	0,000441772000	0,000184041000	0,000182767000
153,000000000000	0,127560530000	0,000443140000	0,000183884000	0,000183099000
154,000000000000	0,127604420000	0,000404112000	0,000184021000	0,000183390000
155,000000000000	0,127550880000	0,000453407000	0,000183989000	0,000183649000
156,000000000000	0,127552720000	0,000457938000	0,000183759000	0,000184313000
157,000000000000	0,127572990000	0,000449181000	0,000184021000	0,000184666000
158,000000000000	0,127596940000	0,000439629000	0,000183570000	0,000184925000
159,000000000000	0,127584370000	0,000459061000	0,000184523000	0,000185507000
160,000000000000	0,127618180000	0,000465450000	0,000184785000	0,000185807000
161,000000000000	0,127582960000	0,000454672000	0,000184450000	0,000186212000
162,000000000000	0,127561930000	0,000448263000	0,000184617000	0,000186741000
163,000000000000	0,127581880000	0,000453917000	0,000184041000	0,000187167000
164,000000000000	0,127537010000	0,000480166000	0,000184366000	0,000187488000
165,000000000000	0,127580680000	0,000437424000	0,000184544000	0,000187820000
166,000000000000	0,127592610000	0,000450876000	0,000184565000	0,000188401000
167,000000000000	0,127622410000	0,000441588000	0,000184230000	0,000188765000
168,000000000000	0,127621320000	0,000486617000	0,000184356000	0,000189180000
169,000000000000	0,127591090000	0,000477737000	0,000184303000	0,000189553000
170,000000000000	0,127617970000	0,000424504000	0,000184628000	0,000190082000
171,000000000000	0,127616010000	0,000430790000	0,000185350000	0,000190217000
172,000000000000	0,127588160000	0,000481901000	0,000184753000	0,000190736000
173,000000000000	0,127616120000	0,000448365000	0,000185005000	0,000190996000
174,001000000000	0,127601600000	0,000437730000	0,000185601000	0,000191494000
175,000000000000	0,127572120000	0,000431178000	0,000185203000	0,000191992000
176,000000000000	0,127571040000	0,000452243000	0,000184764000	0,000192459000
177,000000000000	0,127617320000	0,000452672000	0,000185371000	0,000192936000
178,000000000000	0,127641810000	0,000457509000	0,000185622000	0,000193372000
179,000000000000	0,127572660000	0,000417298000	0,000185109000	0,000193206000
180,000000000000	0,127574400000	0,000432280000	0,000185319000	0,000193994000
181,000000000000	0,127586540000	0,000453060000	0,000184889000	0,000194140000
182,000000000000	0,127608750000	0,000445569000	0,000185643000	0,000194472000
183,000000000000	0,127589030000	0,000421483000	0,000185329000	0,000195188000
184,000000000000	0,127566920000	0,000441813000	0,000185696000	0,000195488000
185,000000000000	0,127589790000	0,000448487000	0,000185957000	0,000195883000
186,000000000000	0,127567140000	0,000452406000	0,000185381000	0,000196173000
187,000000000000	0,127583070000	0,000422054000	0,000185151000	0,000196702000
188,000000000000	0,127644840000	0,000408746000	0,000185706000	0,000197221000
189,000000000000	0,127583500000	0,000462531000	0,000185758000	0,000197481000
190,000000000000	0,127580360000	0,000445099000	0,000186114000	0,000197885000
191,000000000000	0,127568110000	0,000417727000	0,000185654000	0,000198290000
192,000000000000	0,127578300000	0,000429770000	0,000185832000	0,000198622000
193,000000000000	0,127613740000	0,000447957000	0,000185853000	0,000199151000
194,000000000000	0,127569520000	0,000453733000	0,000185978000	0,000199577000
195,000000000000	0,127570500000	0,000444936000	0,000185999000	0,000199878000
196,000000000000	0,127590330000	0,000432403000	0,000185580000	0,000200459000
197,000000000000	0,127639420000	0,000443323000	0,000185538000	0,000200770000
198,000000000000	0,127589680000	0,000460837000	0,000186093000	0,000201185000
199,000000000000	0,127603880000	0,000440506000	0,000186208000	0,000201891000
200,000000000000	0,127632700000	0,000419299000	0,000185538000	0,000202057000
201,000000000000	0,127578620000	0,000471716000	0,000185884000	0,000202461000
202,000000000000	0,127640620000	0,000451570000	0,000186271000	0,000203032000
203,000000000000	0,127583930000	0,000434424000	0,000186366000	0,000203115000
204,000000000000	0,127594560000	0,000445691000	0,000186114000	0,000203758000
205,000000000000	0,127620780000	0,000465511000	0,000186104000	0,000203136000
206,000000000000	0,127637260000	0,000462000000	0,000186313000	0,000202804000
207,000000000000	0,127665330000	0,000443589000	0,000186010000	0,000202472000
208,001000000000	0,127653190000	0,000418992000	0,000185978000	0,000202005000
209,000000000000	0,127682560000	0,000415073000	0,000185779000	0,000201735000
210,000000000000	0,127704670000	0,000444364000	0,000185549000	0,000201247000
211,000000000000	0,127668690000	0,000454591000	0,000185591000	0,000200749000
212,000000000000	0,127654160000	0,000435159000	0,000185612000	0,000200376000
213,000000000000	0,127698920000	0,000404827000	0,000185580000	0,000200137000
214,000000000000	0,127661640000	0,000440976000	0,000185706000	0,000199919000
215,000000000000	0,127712140000	0,000436016000	0,000185664000	0,000199297000
216,000000000000	0,127693830000	0,000427402000	0,000185779000	0,000198798000
217,000000000000	0,127694700000	0,000407766000	0,000184973000	0,000198394000
218,000000000000	0,127718110000	0,000427545000	0,000185455000	0,000197968000
219,000000000000	0,127704020000	0,000448610000	0,000185727000	0,000197553000
220,000000000000	0,127649610000	0,000456775000	0,000185716000	0,000197066000
221,000000000000	0,127670090000	0,000443936000	0,000185800000	0,000197024000
222,000000000000	0,127651450000	0,000439118000	0,000185361000	0,000196433000
223,000000000000	0,127663270000	0,000451549000	0,000185423000	0,000195935000
224,000000000000	0,127746930000	0,000437220000	0,000185109000	0,000195499000
225,000000000000	0,127651560000	0,000442466000	0,000185141000	0,000195063000
226,000000000000	0,127662510000	0,000445058000	0,000185224000	0,000194897000
227,000000000000	0,127662940000	0,000450427000	0,000184952000	0,000194451000
228,000000000000	0,127661100000	0,000461980000	0,000184868000	0,000193859000
229,000000000000	0,127679630000	0,000413400000	0,000185224000	0,000193548000
230,000000000000	0,127645170000	0,000413889000	0,000185245000	0,000193216000
231,000000000000	0,127603010000	0,000440976000	0,000184848000	0,000192677000
232,000000000000	0,127615800000	0,000430341000	0,000184889000	0,000192251000
233,000000000000	0,127545460000	0,000430198000	0,000184868000	0,000191815000
234,000000000000	0,127536790000	0,000455672000	0,000185235000	0,000191504000
235,000000000000	0,127565400000	0,000454488000	0,000185580000	0,000191193000
236,000000000000	0,127583930000	0,000441568000	0,000185193000	0,000190539000
237,000000000000	0,127534080000	0,000434689000	0,000184575000	0,000190466000
238,000000000000	0,127595750000	0,000442282000	0,000184827000	0,000189896000
239,000000000000	0,127631730000	0,000439323000	0,000184795000	0,000189533000
240,000000000000	0,127540480000	0,000452121000	0,000184596000	0,000189273000
241,000000000000	0,127571250000	0,000433138000	0,000184722000	0,000188547000
242,000000000000	0,127579380000	0,000431546000	0,000184136000	0,000188267000
243,000000000000	0,127566700000	0,000428627000	0,000184293000	0,000187654000
244,001000000000	0,127544380000	0,000444283000	0,000184397000	0,000187478000
245,000000000000	0,127534080000	0,000421074000	0,000184764000	0,000187167000
246,000000000000	0,127627610000	0,000409297000	0,000184303000	0,000186669000
247,000000000000	0,127616880000	0,000445752000	0,000184272000	0,000186326000
248,000000000000	0,127631080000	0,000461775000	0,000184513000	0,000185859000
249,001000000000	0,127643540000	0,000444262000	0,000184219000	0,000185507000
250,000000000000	0,127684400000	0,000415584000	0,000183958000	0,000185237000
251,000000000000	0,127625120000	0,000401050000	0,000184565000	0,000184676000
252,000000000000	0,127599220000	0,000463531000	0,000184073000	0,000184313000
253,000000000000	0,127657090000	0,000476309000	0,000184303000	0,000183950000
254,000000000000	0,127638560000	0,000429770000	0,000184000000	0,000183473000
255,000000000000	0,127625880000	0,000442752000	0,000183518000	0,000183089000
256,000000000000	0,127673240000	0,000461143000	0,000183832000	0,000182601000
257,000000000000	0,127718860000	0,000455979000	0,000183926000	0,000182352000
258,000000000000	0,127710520000	0,000422667000	0,000183884000	0,000181719000
259,000000000000	0,127652970000	0,000427647000	0,000184062000	0,000181408000
260,000000000000	0,127671290000	0,000446528000	0,000183769000	0,000180889000
261,000000000000	0,127667490000	0,000463613000	0,000183487000	0,000180516000
262,000000000000	0,127611460000	0,000446079000	0,000183801000	0,000180132000
263,000000000000	0,127602360000	0,000444732000	0,000184345000	0,000179914000
264,000000000000	0,127659370000	0,000445201000	0,000183633000	0,000179353000
265,000000000000	0,127682770000	0,000456346000	0,000183665000	0,000178938000
266,000000000000	0,127643330000	0,000451488000	0,000183895000	0,000178648000
267,000000000000	0,127644840000	0,000419829000	0,000183152000	0,000178337000
268,000000000000	0,127625120000	0,000423279000	0,000183508000	0,000177818000
269,000000000000	0,127633790000	0,000427953000	0,000183403000	0,000177486000
270,000000000000	0,127715180000	0,000465960000	0,000183267000	0,000177008000
271,000000000000	0,127655250000	0,000439078000	0,000183288000	0,000176178000
272,000000000000	0,127688300000	0,000402153000	0,000183288000	0,000176282000
273,000000000000	0,127696210000	0,000446467000	0,000183214000	0,000176054000
274,000000000000	0,127700980000	0,000433668000	0,000183298000	0,000175296000
275,000000000000	0,127638230000	0,000440404000	0,000183026000	0,000174985000
276,000000000000	0,127627940000	0,000415992000	0,000183298000	0,000174715000
277,000000000000	0,127625550000	0,000444568000	0,000182628000	0,000174311000
278,000000000000	0,127628480000	0,000449365000	0,000182754000	0,000173615000
279,000000000000	0,127555870000	0,000452509000	0,000182869000	0,000173335000
280,000000000000	0,127583070000	0,000432178000	0,000183193000	0,000173003000
281,000000000000	0,127622730000	0,000409215000	0,000182513000	0,000172474000
282,000000000000	0,127692750000	0,000462041000	0,000182806000	0,000172132000
283,000000000000	0,127685480000	0,000443915000	0,000182523000	0,000171883000
284,000000000000	0,127655900000	0,000409481000	0,000182838000	0,000171530000
285,000000000000	0,127671940000	0,000442282000	0,000182796000	0,000170928000
286,000000000000	0,127682990000	0,000456693000	0,000182586000	0,000170430000
287,000000000000	0,127697080000	0,000470083000	0,000182984000	0,000170087000
288,000000000000	0,127719300000	0,000386946000	0,000182544000	0,000169672000
289,000000000000	0,127684400000	0,000422115000	0,000182471000	0,000169154000
290,000000000000	0,127644950000	0,000440772000	0,000182387000	0,000169102000
291,000000000000	0,127673240000	0,000446732000	0,000181948000	0,000168417000
292,000000000000	0,127676810000	0,000411481000	0,000182764000	0,000168116000
293,000000000000	0,127637910000	0,000443160000	0,000182377000	0,000167742000
294,000000000000	0,127600620000	0,000479697000	0,000182482000	0,000167369000
295,000000000000	0,127674650000	0,000462796000	0,000182408000	0,000166684000
296,000000000000	0,127684180000	0,000427178000	0,000182513000	0,000166508000
297,000000000000	0,127695560000	0,000413849000	0,000182304000	0,000166207000
298,000000000000	0,127672260000	0,000447304000	0,000181969000	0,000165729000
299,000000000000	0,127671290000	0,000453100000	0,000182304000	0,000165325000
300,000000000000	0,127670530000	0,000443323000	0,000181948000	0,000164889000
301,000000000000	0,127723310000	0,000418094000	0,000180681000	0,000164536000
302,000000000000	0,127706510000	0,000440098000	0,000180388000	0,000164017000
303,000000000000	0,127788550000	0,000463021000	0,000180503000	0,000163810000
304,000000000000	0,127772940000	0,000441037000	0,000180838000	0,000163426000
305,000000000000	0,127794190000	0,000390783000	0,000180137000	0,000162731000
306,001000000000	0,127813590000	0,000436853000	0,000180178000	0,000162388000
307,000000000000	0,127858560000	0,000464694000	0,000180388000	0,000162191000
308,000000000000	0,127835150000	0,000447324000	0,000179383000	0,000161652000
309,000000000000	0,127863330000	0,000415277000	0,000179383000	0,000161257000
310,000000000000	0,127880130000	0,000427218000	0,000179488000	0,000160925000
311,000000000000	0,127884140000	0,000450406000	0,000179027000	0,000160604000
312,000000000000	0,127944830000	0,000461469000	0,000178640000	0,000159981000
313,000000000000	0,127963040000	0,000420462000	0,000177739000	0,000159566000
314,000000000000	0,127990130000	0,000418931000	0,000177446000	0,000159234000
315,000000000000	0,127921310000	0,000475635000	0,000177708000	0,000158757000
316,000000000000	0,127968350000	0,000474757000	0,000177279000	0,000158705000
317,000000000000	0,127978430000	0,000418319000	0,000177038000	0,000158144000
318,000000000000	0,128076940000	0,000422197000	0,000173918000	0,000157626000
319,000000000000	0,128045510000	0,000450814000	0,000172390000	0,000157242000
320,000000000000	0,128045400000	0,000445222000	0,000167658000	0,000156993000
321,000000000000	0,128144890000	0,000431974000	0,000160612000	0,000156733000
322,001000000000	0,128120940000	0,000432791000	0,000154907000	0,000156007000
323,000000000000	0,128209380000	0,000442854000	0,000147715000	0,000155675000
324,000000000000	0,128216420000	0,000430484000	0,000141224000	0,000155312000
325,000000000000	0,128195610000	0,000423258000	0,000135707000	0,000154814000
326,000000000000	0,128198110000	0,000388313000	0,000133739000	0,000154502000
327,000000000000	0,128229320000	0,000418421000	0,000123343000	0,000154118000
328,000000000000	0,128208400000	0,000473696000	0,000113607000	0,000153475000
329,001000000000	0,128249800000	0,000410236000	0,000113388000	0,000153351000
330,000000000000	0,128277760000	0,000396560000	0,000114047000	0,000152915000
331,000000000000	0,128255660000	0,000425647000	0,000113367000	0,000152386000
332,000000000000	0,128316780000	0,000417319000	0,000100406000	0,000152043000
333,000000000000	0,128287520000	0,000419258000	0,000097444000	0,000151815000
334,000000000000	0,128352980000	0,000380251000	0,000097109000	0,000151317000
335,000000000000	0,128357960000	0,000389763000	0,000096334000	0,000150756000
336,000000000000	0,128311250000	0,000463572000	0,000096323000	0,000150310000
337,000000000000	0,128356010000	0,000419197000	0,000088378000	0,000150144000
338,000000000000	0,128400010000	0,000415869000	0,000081531000	0,000149781000
339,000000000000	0,128441740000	0,000397050000	0,000081929000	0,000149387000
340,000000000000	0,128461350000	0,000397703000	0,000081814000	0,000149013000
341,000000000000	0,128458540000	0,000431933000	0,000081301000	0,000148526000
342,000000000000	0,128511750000	0,000421074000	0,000081248000	0,000147945000
343,000000000000	0,128525300000	0,000388171000	0,000081395000	0,000147758000
344,000000000000	0,128537760000	0,000405296000	0,000081269000	0,000147363000
345,000000000000	0,128504160000	0,000429709000	0,000081070000	0,000146762000
346,000000000000	0,128469370000	0,000428096000	0,000081447000	0,000147083000
347,000000000000	0,128526810000	0,000389252000	0,000081468000	0,000146004000
348,000000000000	0,128541450000	0,000391763000	0,000081489000	0,000145413000
349,000000000000	0,128517820000	0,000445446000	0,000081206000	0,000145133000
350,000000000000	0,128583820000	0,000425402000	0,000081175000	0,000144904000
351,000000000000	0,128606580000	0,000394682000	0,000081531000	0,000144645000
352,000000000000	0,128563450000	0,000380843000	0,000081123000	0,000144022000
353,000000000000	0,128618500000	0,000438282000	0,000081290000	0,000143576000
354,000000000000	0,128673880000	0,000420972000	0,000081123000	0,000143120000
355,000000000000	0,128677890000	0,000393355000	0,000080987000	0,000142663000
356,000000000000	0,128668900000	0,000388558000	0,000080379000	0,000142331000
357,001000000000	0,128685040000	0,000410379000	0,000081322000	0,000142123000
358,000000000000	0,128683090000	0,000412236000	0,000080767000	0,000141605000
359,000000000000	0,128742480000	0,000390640000	0,000080652000	0,000141138000
360,000000000000	0,128728290000	0,000385578000	0,000080767000	0,000140785000
361,000000000000	0,128704230000	0,000405031000	0,000081028000	0,000139955000
362,000000000000	0,128772180000	0,000428341000	0,000080966000	0,000140069000
363,000000000000	0,128776620000	0,000403582000	0,000081353000	0,000139727000
364,000000000000	0,128781830000	0,000383088000	0,000080997000	0,000139125000
365,000000000000	0,128766440000	0,000387028000	0,000080704000	0,000138834000
366,000000000000	0,128720160000	0,000428688000	0,000080568000	0,000138367000
367,000000000000	0,128729910000	0,000408317000	0,000080788000	0,000137921000
368,000000000000	0,128765460000	0,000378781000	0,000080358000	0,000137599000
369,000000000000	0,128783560000	0,000374597000	0,000081112000	0,000137153000
370,001000000000	0,128719620000	0,000415482000	0,000080892000	0,000136800000
371,000000000000	0,128735330000	0,000441507000	0,000080474000	0,000136282000
372,000000000000	0,128739230000	0,000381067000	0,000080495000	0,000135794000
373,000000000000	0,128738040000	0,000375658000	0,000080411000	0,000135535000
374,000000000000	0,128697070000	0,000425116000	0,000080840000	0,000135047000
375,000000000000	0,128749530000	0,000419176000	0,000080107000	0,000134808000
376,000000000000	0,128714740000	0,000392763000	0,000080128000	0,000134320000
377,000000000000	0,128766220000	0,000356165000	0,000080547000	0,000133843000
378,000000000000	0,128748880000	0,000415543000	0,000080275000	0,000133584000
379,000000000000	0,128705420000	0,000405561000	0,000080536000	0,000133096000
380,000000000000	0,128763080000	0,000399213000	0,000080809000	0,000132691000
381,000000000000	0,128798410000	0,000372698000	0,000080516000	0,000132256000
382,000000000000	0,128790930000	0,000385231000	0,000080181000	0,000131892000
383,000000000000	0,128791800000	0,000415808000	0,000080369000	0,000131571000
384,000000000000	0,128790390000	0,000411910000	0,000080118000	0,000131301000
385,000000000000	0,128780740000	0,000385272000	0,000080421000	0,000130606000
386,000000000000	0,128810000000	0,000382476000	0,000080432000	0,000130326000
387,000000000000	0,128814120000	0,000427933000	0,000080620000	0,000129848000
388,000000000000	0,128806640000	0,000412134000	0,000080097000	0,000129413000
389,000000000000	0,128868310000	0,000375332000	0,000080191000	0,000129164000
390,000000000000	0,128821820000	0,000395376000	0,000080243000	0,000128624000
391,001000000000	0,128772070000	0,000432607000	0,000080442000	0,000128116000
392,000000000000	0,128831350000	0,000396764000	0,000079961000	0,000127877000
393,000000000000	0,128818460000	0,000383272000	0,000080882000	0,000127472000
394,000000000000	0,128795910000	0,000413767000	0,000080338000	0,000127151000
395,000000000000	0,128814450000	0,000407950000	0,000079866000	0,000126777000
396,000000000000	0,128834930000	0,000404133000	0,000080076000	0,000126362000
397,000000000000	0,128824090000	0,000429137000	0,000079898000	0,000126020000
398,000000000000	0,128879260000	0,000371433000	0,000079919000	0,000125490000
399,000000000000	0,128955120000	0,000396682000	0,000079720000	0,000125086000
400,000000000000	0,128868420000	0,000429423000	0,000079490000	0,000124463000
401,000000000000	0,128902120000	0,000416788000	0,000080243000	0,000124276000
402,000000000000	0,128849560000	0,000384578000	0,000079605000	0,000123799000
403,000000000000	0,128848910000	0,000419278000	0,000079866000	0,000123498000
404,000000000000	0,128951760000	0,000429198000	0,000079814000	0,000123021000
405,000000000000	0,128904830000	0,000427341000	0,000079919000	0,000123467000
406,000000000000	0,128957830000	0,000395417000	0,000080128000	0,000124110000
407,000000000000	0,128893350000	0,000398111000	0,000080254000	0,000124349000
408,000000000000	0,128852810000	0,000428361000	0,000079971000	0,000124712000
409,000000000000	0,128855960000	0,000424606000	0,000080358000	0,000124992000
410,000000000000	0,128926830000	0,000388232000	0,000080191000	0,000125584000
411,000000000000	0,128886300000	0,000404765000	0,000080191000	0,000125687000
412,000000000000	0,128838610000	0,000427667000	0,000079961000	0,000126040000
413,000000000000	0,128876550000	0,000435587000	0,000080181000	0,000126673000
414,000000000000	0,128894540000	0,000386497000	0,000080160000	0,000127078000
415,000000000000	0,128932140000	0,000391845000	0,000079940000	0,000127296000
416,000000000000	0,128912200000	0,000447814000	0,000080222000	0,000127918000
417,000000000000	0,128914150000	0,000434138000	0,000080338000	0,000128375000
418,000000000000	0,128964120000	0,000404847000	0,000080495000	0,000128655000
419,000000000000	0,128989910000	0,000387130000	0,000080243000	0,000129164000
420,000000000000	0,128953490000	0,000420932000	0,000080578000	0,000129620000
421,001000000000	0,128967910000	0,000422340000	0,000080390000	0,000129900000
422,000000000000	0,128999880000	0,000398928000	0,000080243000	0,000130253000
423,000000000000	0,128967370000	0,000399805000	0,000080212000	0,000130533000
424,000000000000	0,128984380000	0,000414461000	0,000081039000	0,000131145000
425,000000000000	0,128922390000	0,000439874000	0,000080495000	0,000131550000
426,000000000000	0,129014840000	0,000397846000	0,000080421000	0,000131882000
427,000000000000	0,128946340000	0,000381741000	0,000080578000	0,000132100000
428,000000000000	0,128952950000	0,000413910000	0,000081028000	0,000132608000
429,000000000000	0,128937240000	0,000430260000	0,000080589000	0,000133158000
430,000000000000	0,128940060000	0,000413195000	0,000080851000	0,000133501000
431,000000000000	0,128944820000	0,000399826000	0,000080076000	0,000133781000
432,000000000000	0,128990130000	0,000389926000	0,000079940000	0,000134103000
433,000000000000	0,128976250000	0,000421442000	0,000080746000	0,000134704000
434,000000000000	0,128964330000	0,000430586000	0,000080474000	0,000135151000
435,000000000000	0,128949270000	0,000411338000	0,000080714000	0,000135275000
436,000000000000	0,128992400000	0,000372249000	0,000080317000	0,000135856000
437,001000000000	0,128936700000	0,000425014000	0,000079846000	0,000136344000
438,000000000000	0,128970620000	0,000425075000	0,000080306000	0,000136624000
439,000000000000	0,129007680000	0,000378495000	0,000081028000	0,000137101000
440,000000000000	0,128929330000	0,000393641000	0,000081028000	0,000137496000
441,000000000000	0,128986550000	0,000406705000	0,000080557000	0,000137848000
442,000000000000	0,129021230000	0,000399050000	0,000080819000	0,000138295000
443,000000000000	0,128994460000	0,000406664000	0,000080997000	0,000138554000
444,000000000000	0,129036620000	0,000374842000	0,000080788000	0,000139125000
445,000000000000	0,129023610000	0,000391130000	0,000080924000	0,000139934000
446,000000000000	0,128988500000	0,000398254000	0,000080704000	0,000139882000
447,001000000000	0,129005520000	0,000401030000	0,000080976000	0,000140204000
448,000000000000	0,129027410000	0,000383945000	0,000080505000	0,000140702000
449,000000000000	0,128978100000	0,000409093000	0,000081186000	0,000141044000
450,000000000000	0,128996630000	0,000405888000	0,000080610000	0,000141387000
451,000000000000	0,128964770000	0,000422054000	0,000080819000	0,000141864000
452,000000000000	0,128990880000	0,000386048000	0,000080924000	0,000142258000
453,000000000000	0,128993490000	0,000409399000	0,000081154000	0,000142507000
454,000000000000	0,128998800000	0,000400663000	0,000080599000	0,000143234000
455,000000000000	0,129019930000	0,000411807000	0,000081070000	0,000143452000
456,000000000000	0,129002810000	0,000378495000	0,000081081000	0,000144053000
457,000000000000	0,129025350000	0,000379659000	0,000081259000	0,000144448000
458,000000000000	0,129027080000	0,000415767000	0,000081698000	0,000144780000
459,000000000000	0,129015920000	0,000400050000	0,000081730000	0,000145205000
460,000000000000	0,129025570000	0,000382843000	0,000081322000	0,000145589000
461,000000000000	0,129006920000	0,000398356000	0,000081144000	0,000146087000
462,000000000000	0,129066970000	0,000395601000	0,000081426000	0,000146533000
463,000000000000	0,129084630000	0,000396499000	0,000081028000	0,000146596000
464,000000000000	0,129079210000	0,000381700000	0,000081091000	0,000147063000
465,000000000000	0,129046810000	0,000358288000	0,000081112000	0,000147623000
466,000000000000	0,129044420000	0,000390008000	0,000081604000	0,000147934000
467,000000000000	0,129056450000	0,000414971000	0,000081531000	0,000148505000
468,000000000000	0,129088640000	0,000398785000	0,000081761000	0,000149096000
469,001000000000	0,128972890000	0,000390702000	0,000081541000	0,000148961000
470,000000000000	0,129034240000	0,000379945000	0,000081374000	0,000149501000
471,000000000000	0,128982860000	0,000408705000	0,000081531000	0,000149823000
472,000000000000	0,128976800000	0,000413461000	0,000081562000	0,000150362000
473,000000000000	0,128918160000	0,000362901000	0,000081740000	0,000150922000
474,000000000000	0,128940060000	0,000384782000	0,000081782000	0,000151068000
475,000000000000	0,128895080000	0,000435730000	0,000081489000	0,000151524000
476,000000000000	0,128908520000	0,000396274000	0,000082232000	0,000152043000
477,000000000000	0,128908190000	0,000409052000	0,000082442000	0,000152074000
478,000000000000	0,128998360000	0,000375311000	0,000082117000	0,000152873000
479,000000000000	0,128924450000	0,000407929000	0,000082138000	0,000153278000
480,000000000000	0,128950570000	0,000390293000	0,000081897000	0,000153672000
481,000000000000	0,128929000000	0,000397825000	0,000082149000	0,000153994000
482,000000000000	0,128984170000	0,000350633000	0,000082002000	0,000154482000
483,000000000000	0,128958260000	0,000402296000	0,000082431000	0,000154834000
484,000000000000	0,128932360000	0,000414604000	0,000081793000	0,000155239000
485,000000000000	0,128897250000	0,000399071000	0,000082452000	0,000155696000
486,001000000000	0,128943090000	0,000370576000	0,000082881000	0,000156069000
487,000000000000	0,128961840000	0,000398050000	0,000083206000	0,000156557000
488,000000000000	0,128938210000	0,000414890000	0,000084462000	0,000156827000
489,000000000000	0,128940380000	0,000422381000	0,000090388000	0,000157252000
490,000000000000	0,128936260000	0,000377842000	0,000100165000	0,000157615000
491,000000000000	0,128949160000	0,000384639000	0,000116486000	0,000158103000
492,000000000000	0,128923150000	0,000417217000	0,000130253000	0,000158518000
493,000000000000	0,128968340000	0,000393988000	0,000139057000	0,000158788000
494,000000000000	0,128945800000	0,000336182000	0,000142962000	0,000159431000
495,000000000000	0,128941030000	0,000361492000	0,000147128000	0,000159493000
496,000000000000	0,128955230000	0,000388599000	0,000149808000	0,000159991000
497,000000000000	0,128947430000	0,000373535000	0,000152426000	0,000160396000
498,000000000000	0,128907870000	0,000388456000	0,000154258000	0,000160884000
499,000000000000	0,128904510000	0,000378842000	0,000156802000	0,000161268000
500,000000000000	0,128944070000	0,000407950000	0,000158225000	0,000161797000
501,000000000000	0,128937020000	0,000418503000	0,000159890000	0,000162087000
502,000000000000	0,128944390000	0,000392661000	0,000162162000	0,000162534000
503,000000000000	0,128930300000	0,000368453000	0,000163711000	0,000162980000
504,000000000000	0,128882510000	0,000379251000	0,000165920000	0,000163218000
505,000000000000	0,128994030000	0,000388558000	0,000168003000	0,000163831000
506,000000000000	0,128877630000	0,000375474000	0,000169218000	0,000164194000
507,001000000000	0,128862350000	0,000356941000	0,000171280000	0,000164578000
508,000000000000	0,128881420000	0,000381088000	0,000172850000	0,000164889000
509,000000000000	0,128874380000	0,000403357000	0,000175091000	0,000165159000
510,000000000000	0,128831250000	0,000390048000	0,000178462000	0,000165543000
511,000000000000	0,128874600000	0,000349470000	0,000180461000	0,000166072000
512,000000000000	0,128832650000	0,000354879000	0,000180524000	0,000166611000
513,000000000000	0,128805340000	0,000411746000	0,000180712000	0,000167058000
514,000000000000	0,128845010000	0,000396601000	0,000180702000	0,000167244000
515,000000000000	0,128887170000	0,000363738000	0,000181089000	0,000167410000
516,000000000000	0,128888470000	0,000362431000	0,000180890000	0,000168220000
517,000000000000	0,128885110000	0,000390906000	0,000180807000	0,000168687000
518,000000000000	0,128875790000	0,000396090000	0,000181100000	0,000168998000
519,000000000000	0,128921850000	0,000371270000	0,000181539000	0,000169382000
520,000000000000	0,128881970000	0,000376026000	0,000181288000	0,000169870000
521,000000000000	0,128878820000	0,000377679000	0,000181843000	0,000170108000
522,000000000000	0,128886410000	0,000383190000	0,000181435000	0,000170648000
523,000000000000	0,128915350000	0,000406378000	0,000181435000	0,000170959000
524,000000000000	0,128935500000	0,000366208000	0,000181843000	0,000171208000
525,000000000000	0,128898220000	0,000392151000	0,000181518000	0,000171602000
526,000000000000	0,128899520000	0,000400295000	0,000181895000	0,000172235000
527,000000000000	0,128920660000	0,000385680000	0,000181833000	0,000172422000
528,000000000000	0,128895730000	0,000355206000	0,000182084000	0,000172899000
529,000000000000	0,128905920000	0,000400724000	0,000182157000	0,000173501000
530,000000000000	0,128932040000	0,000397540000	0,000182513000	0,000173761000
531,000000000000	0,128920010000	0,000394355000	0,000181874000	0,000174082000
532,000000000000	0,128955770000	0,000365779000	0,000182168000	0,000174643000
533,000000000000	0,128948510000	0,000356655000	0,000182513000	0,000174975000
534,000000000000	0,128924880000	0,000397152000	0,000182827000	0,000175535000
535,000000000000	0,128911440000	0,000392988000	0,000182555000	0,000175587000
536,000000000000	0,128923470000	0,000384435000	0,000182838000	0,000176272000
537,000000000000	0,128967370000	0,000383496000	0,000183005000	0,000176500000
538,000000000000	0,128941790000	0,000415196000	0,000183183000	0,000176977000
539,000000000000	0,128943850000	0,000400683000	0,000183173000	0,000177423000
540,000000000000	0,128986120000	0,000369800000	0,000182848000	0,000177828000
541,000000000000	0,128965960000	0,000392620000	0,000183445000	0,000178337000
542,000000000000	0,128982650000	0,000376903000	0,000183141000	0,000178399000
543,000000000000	0,128972680000	0,000388048000	0,000183204000	0,000178949000
544,000000000000	0,128946670000	0,000420768000	0,000183455000	0,000179156000
545,000000000000	0,128947750000	0,000379618000	0,000183487000	0,000179675000
546,000000000000	0,128953280000	0,000379434000	0,000183727000	0,000180225000
547,000000000000	0,128845880000	0,000410787000	0,000183539000	0,000180443000
548,000000000000	0,128938650000	0,000399765000	0,000183319000	0,000181117000
549,000000000000	0,128868530000	0,000369637000	0,000184136000	0,000181512000
550,001000000000	0,128836770000	0,000408582000	0,000184041000	0,000181906000
551,000000000000	0,128842410000	0,000423381000	0,000183141000	0,000182082000
552,000000000000	0,128826040000	0,000402500000	0,000184073000	0,000182622000
553,000000000000	0,128856930000	0,000392498000	0,000183790000	0,000182985000
554,000000000000	0,128850970000	0,000385884000	0,000184376000	0,000182881000
555,000000000000	0,128872860000	0,000411971000	0,000184240000	0,000183743000
556,000000000000	0,128875790000	0,000405378000	0,000183958000	0,000184396000
557,000000000000	0,128841760000	0,000388191000	0,000184104000	0,000184490000
558,000000000000	0,128911990000	0,000375291000	0,000184429000	0,000185060000
559,000000000000	0,128891830000	0,000434587000	0,000184324000	0,000185289000
560,000000000000	0,128869610000	0,000413808000	0,000184052000	0,000185735000
561,000000000000	0,128893670000	0,000397356000	0,000184324000	0,000186243000
562,000000000000	0,128852700000	0,000384946000	0,000184502000	0,000186741000
563,000000000000	0,128895510000	0,000387028000	0,000184293000	0,000186928000
564,000000000000	0,128941680000	0,000369167000	0,000184471000	0,000187520000
565,000000000000	0,128896490000	0,000400254000	0,000184931000	0,000187914000
566,000000000000	0,128927270000	0,000375474000	0,000184984000	0,000188132000
567,000000000000	0,128885110000	0,000405051000	0,000184816000	0,000188578000
568,000000000000	0,128888360000	0,000417706000	0,000184806000	0,000189149000
569,000000000000	0,128973440000	0,000406439000	0,000184931000	0,000189439000
570,000000000000	0,128898980000	0,000383415000	0,000184711000	0,000189439000
571,000000000000	0,128926940000	0,000377046000	0,000185256000	0,000190352000
572,001000000000	0,128963570000	0,000408072000	0,000184837000	0,000191172000
573,000000000000	0,128952300000	0,000403541000	0,000184984000	0,000191276000
574,000000000000	0,128958050000	0,000387068000	0,000184816000	0,000191276000
575,000000000000	0,128965850000	0,000386027000	0,000184816000	0,000191950000
576,001000000000	0,128962270000	0,000401071000	0,000185036000	0,000192469000
577,001000000000	0,128976580000	0,000389926000	0,000184743000	0,000192625000
578,000000000000	0,128969430000	0,000383558000	0,000184952000	0,000193092000
579,000000000000	0,128982970000	0,000369228000	0,000185026000	0,000193538000
580,000000000000	0,128930840000	0,000390416000	0,000185057000	0,000194098000
581,000000000000	0,128861590000	0,000420238000	0,000184879000	0,000194254000
582,000000000000	0,128903750000	0,000403255000	0,000185245000	0,000194689000
583,000000000000	0,128911230000	0,000379638000	0,000185392000	0,000195219000
584,000000000000	0,128925210000	0,000362921000	0,000185476000	0,000195727000
585,000000000000	0,128947860000	0,000374556000	0,000184973000	0,000195914000
586,000000000000	0,128876550000	0,000404276000	0,000185245000	0,000196225000
587,000000000000	0,128863980000	0,000380373000	0,000185402000	0,000196692000
588,000000000000	0,128888360000	0,000385252000	0,000185853000	0,000197086000
589,000000000000	0,128891180000	0,000393539000	0,000185507000	0,000197512000
590,000000000000	0,128863760000	0,000409603000	0,000184889000	0,000197792000
591,000000000000	0,128848040000	0,000380026000	0,000185779000	0,000198508000
592,000000000000	0,128893890000	0,000378169000	0,000186041000	0,000198601000
593,000000000000	0,128904070000	0,000416992000	0,000185800000	0,000199380000
594,000000000000	0,128964770000	0,000397315000	0,000185832000	0,000199473000
595,000000000000	0,128901370000	0,000373495000	0,000185287000	0,000199919000
596,000000000000	0,128964330000	0,000379761000	0,000185968000	0,000200106000
597,000000000000	0,128980260000	0,000385966000	0,000186229000	0,000200614000
598,000000000000	0,128971270000	0,000389069000	0,000185915000	0,000200967000
599,000000000000	0,128932580000	0,000371841000	0,000186020000	0,000201891000
600,000000000000	0,128889550000	0,000357920000	0,000185926000	0,000201942000
601,000000000000	0,128887060000	0,000394519000	0,000186690000	0,000202524000
602,000000000000	0,128895950000	0,000410236000	0,000186229000	0,000202897000
603,000000000000	0,128896270000	0,000380782000	0,000186261000	0,000202814000
604,000000000000	0,128953710000	0,000372576000	0,000186324000	0,000203779000
605,000000000000	0,128893780000	0,000385517000	0,000186428000	0,000203105000
606,000000000000	0,128925750000	0,000376066000	0,000185926000	0,000202814000
607,000000000000	0,128943090000	0,000418339000	0,000186198000	0,000202409000
608,000000000000	0,128968230000	0,000355328000	0,000185884000	0,000202077000
609,001000000000	0,128950890000	0,000377699000	0,000186167000	0,000201621000
610,000000000000	0,128902120000	0,000417645000	0,000185769000	0,000201144000
611,000000000000	0,128889770000	0,000421605000	0,000186010000	0,000200894000
612,000000000000	0,128996630000	0,000339795000	0,000185423000	0,000200324000
613,000000000000	0,128946990000	0,000377536000	0,000185957000	0,000200002000
614,000000000000	0,129011800000	0,000397172000	0,000185716000	0,000199411000
615,000000000000	0,128999660000	0,000413502000	0,000185936000	0,000198975000
616,000000000000	0,128949810000	0,000359798000	0,000185612000	0,000198622000
617,000000000000	0,129045720000	0,000359839000	0,000185245000	0,000198466000
618,000000000000	0,129006710000	0,000400785000	0,000185748000	0,000197792000
619,000000000000	0,128979500000	0,000399071000	0,000185287000	0,000197719000
620,000000000000	0,128965850000	0,000376495000	0,000185685000	0,000197159000
621,001000000000	0,129040630000	0,000370086000	0,000185842000	0,000196702000
622,000000000000	0,128990020000	0,000402091000	0,000185277000	0,000196204000
623,000000000000	0,129030440000	0,000397233000	0,000185570000	0,000195966000
624,000000000000	0,129110420000	0,000354103000	0,000185109000	0,000195385000
625,000000000000	0,129125490000	0,000344591000	0,000185392000	0,000195250000
626,000000000000	0,129081600000	0,000378944000	0,000185298000	0,000194606000
627,000000000000	0,129100450000	0,000399173000	0,000185235000	0,000194316000
628,000000000000	0,129157680000	0,000383843000	0,000185455000	0,000193870000
629,001000000000	0,129166240000	0,000366412000	0,000185214000	0,000193590000
630,000000000000	0,129116490000	0,000384313000	0,000185162000	0,000192915000
631,000000000000	0,129116820000	0,000391824000	0,000185214000	0,000192760000
632,000000000000	0,129094060000	0,000418645000	0,000185109000	0,000192469000
633,000000000000	0,129106960000	0,000397172000	0,000184764000	0,000191805000
634,000000000000	0,129065340000	0,000363289000	0,000184680000	0,000191421000
635,000000000000	0,129095470000	0,000410399000	0,000185088000	0,000191193000
636,000000000000	0,129081700000	0,000413216000	0,000185120000	0,000190778000
637,000000000000	0,129101430000	0,000365595000	0,000184889000	0,000190134000
638,000000000000	0,129163530000	0,000355634000	0,000184680000	0,000190010000
639,000000000000	0,129078990000	0,000439261000	0,000184450000	0,000189418000
640,000000000000	0,129111940000	0,000397642000	0,000185046000	0,000188972000
641,000000000000	0,129073680000	0,000404786000	0,000184868000	0,000188806000
642,000000000000	0,129061870000	0,000378026000	0,000184764000	0,000188215000
643,000000000000	0,129069240000	0,000404663000	0,000184041000	0,000188059000
644,000000000000	0,129077370000	0,000435526000	0,000184921000	0,000187737000
645,000000000000	0,129094930000	0,000387803000	0,000184397000	0,000187073000
646,000000000000	0,129112270000	0,000358594000	0,000184366000	0,000186658000
647,001000000000	0,129053310000	0,000373842000	0,000184492000	0,000186202000
648,000000000000	0,129112160000	0,000393131000	0,000184335000	0,000185922000
649,000000000000	0,129088100000	0,000406807000	0,000184136000	0,000185372000
650,000000000000	0,129042690000	0,000354246000	0,000184607000	0,000184936000
651,000000000000	0,129036190000	0,000394845000	0,000184617000	0,000184687000
652,000000000000	0,128948080000	0,000411420000	0,000185015000	0,000184054000
653,000000000000	0,128961080000	0,000396254000	0,000183937000	0,000183628000
654,000000000000	0,129002480000	0,000382884000	0,000184408000	0,000183379000
655,001000000000	0,128968020000	0,000380700000	0,000184000000	0,000182995000
656,001000000000	0,128957070000	0,000393600000	0,000184157000	0,000182715000
657,000000000000	0,129023610000	0,000382925000	0,000184450000	0,000182093000
658,000000000000	0,128994570000	0,000369963000	0,000184188000	0,000181813000
659,000000000000	0,128938210000	0,000366289000	0,000183916000	0,000181315000
660,000000000000	0,129008330000	0,000385415000	0,000184146000	0,000180993000
661,000000000000	0,128984060000	0,000378455000	0,000183706000	0,000180505000
662,001000000000	0,128956200000	0,000384537000	0,000184010000	0,000180184000
663,000000000000	0,128974950000	0,000371515000	0,000183811000	0,000179717000
664,000000000000	0,128962160000	0,000374413000	0,000183884000	0,000179208000
665,000000000000	0,128963250000	0,000395662000	0,000183654000	0,000178990000
666,000000000000	0,128960320000	0,000386538000	0,000183843000	0,000178492000
667,000000000000	0,128969430000	0,000361084000	0,000183654000	0,000178046000
668,000000000000	0,128962160000	0,000382476000	0,000183434000	0,000177766000
669,000000000000	0,128981780000	0,000395254000	0,000183162000	0,000177372000
670,000000000000	0,128938650000	0,000398356000	0,000183288000	0,000176884000
671,000000000000	0,128969320000	0,000369861000	0,000183508000	0,000176355000
672,000000000000	0,129026430000	0,000390110000	0,000183717000	0,000176033000
673,000000000000	0,129073900000	0,000398846000	0,000182974000	0,000175649000
674,000000000000	0,129037920000	0,000404561000	0,000183016000	0,000175348000
675,000000000000	0,128985470000	0,000379577000	0,000182911000	0,000175078000
676,000000000000	0,129011690000	0,000374066000	0,000183466000	0,000174560000
677,000000000000	0,129043450000	0,000413992000	0,000183173000	0,000174082000
678,000000000000	0,129018200000	0,000407929000	0,000182764000	0,000173844000
679,000000000000	0,129070320000	0,000365697000	0,000182733000	0,000173418000
680,000000000000	0,129054280000	0,000383619000	0,000182607000	0,000172868000
681,000000000000	0,129019710000	0,000372964000	0,000182722000	0,000172661000
682,000000000000	0,129021120000	0,000424973000	0,000182492000	0,000172100000
683,000000000000	0,129067070000	0,000393539000	0,000182911000	0,000171893000
684,000000000000	0,129043450000	0,000363268000	0,000182764000	0,000171436000
685,001000000000	0,129090050000	0,000399662000	0,000183246000	0,000170772000
686,000000000000	0,129069240000	0,000386476000	0,000182921000	0,000170648000
687,000000000000	0,129032390000	0,000381782000	0,000183173000	0,000169963000
688,000000000000	0,129023830000	0,000363472000	0,000182670000	0,000169745000
689,000000000000	0,129075640000	0,000391416000	0,000182461000	0,000169278000
690,000000000000	0,129014840000	0,000386170000	0,000182461000	0,000168842000
691,000000000000	0,129085280000	0,000412604000	0,000182503000	0,000168469000
692,000000000000	0,129052550000	0,000412277000	0,000182670000	0,000168023000
693,000000000000	0,129023720000	0,000399009000	0,000182618000	0,000167929000
694,000000000000	0,129084960000	0,000400724000	0,000182346000	0,000167327000
695,000000000000	0,129082680000	0,000412216000	0,000182251000	0,000166892000
696,000000000000	0,129109670000	0,000355512000	0,000182094000	0,000166622000
697,000000000000	0,129102730000	0,000353593000	0,000182325000	0,000166144000
698,000000000000	0,129135780000	0,000404071000	0,000182188000	0,000165657000
699,000000000000	0,129120940000	0,000391559000	0,000182000000	0,000165449000
700,000000000000	0,129079970000	0,000374066000	0,000181990000	0,000164930000
701,000000000000	0,129108470000	0,000360635000	0,000181058000	0,000164474000
702,000000000000	0,129109770000	0,000413930000	0,000181225000	0,000164152000
703,000000000000	0,129129390000	0,000389742000	0,000180262000	0,000163582000
704,000000000000	0,129109560000	0,000382170000	0,000180733000	0,000163291000
705,000000000000	0,129139360000	0,000339999000	0,000180409000	0,000162751000
706,000000000000	0,129150630000	0,000391457000	0,000179823000	0,000162544000
707,000000000000	0,129187260000	0,000401581000	0,000180325000	0,000162191000
708,000000000000	0,129183360000	0,000369596000	0,000179980000	0,000161849000
709,000000000000	0,129236250000	0,000365758000	0,000179362000	0,000161174000
710,000000000000	0,129208610000	0,000407439000	0,000179414000	0,000160811000
711,000000000000	0,129225200000	0,000409725000	0,000179079000	0,000160541000
712,000000000000	0,129289680000	0,000388681000	0,000177917000	0,000160271000
713,000000000000	0,129199840000	0,000374576000	0,000178137000	0,000159493000
714,000000000000	0,129274620000	0,000349347000	0,000177394000	0,000159369000
715,000000000000	0,129248280000	0,000411705000	0,000177132000	0,000158995000
716,000000000000	0,129246220000	0,000395274000	0,000177195000	0,000158331000
717,000000000000	0,129287840000	0,000355593000	0,000175415000	0,000158092000
718,000000000000	0,129215550000	0,000369922000	0,000172924000	0,000157719000
719,000000000000	0,129302030000	0,000410562000	0,000170055000	0,000157366000
720,000000000000	0,129312550000	0,000395539000	0,000164664000	0,000156878000
721,000000000000	0,129312220000	0,000408235000	0,000159408000	0,000156463000
722,000000000000	0,129294880000	0,000368779000	0,000153535000	0,000156028000
723,000000000000	0,129371610000	0,000372780000	0,000144878000	0,000155716000
724,000000000000	0,129344190000	0,000435955000	0,000137026000	0,000155291000
725,000000000000	0,129379850000	0,000378965000	0,000133770000	0,000154876000
726,000000000000	0,129393610000	0,000366840000	0,000133310000	0,000154450000
727,000000000000	0,129423630000	0,000378353000	0,000120915000	0,000153921000
728,000000000000	0,129418650000	0,000379128000	0,000113963000	0,000153766000
729,000000000000	0,129449100000	0,000407684000	0,000110540000	0,000153517000
730,000000000000	0,129456800000	0,000369800000	0,000109933000	0,000152904000
731,000000000000	0,129540360000	0,000365411000	0,000109765000	0,000152406000
732,000000000000	0,129485190000	0,000408399000	0,000097255000	0,000152012000
733,000000000000	0,129488230000	0,000406276000	0,000096732000	0,000151732000
734,000000000000	0,129519870000	0,000342754000	0,000096690000	0,000151151000
735,000000000000	0,129549570000	0,000368943000	0,000096941000	0,000150673000
736,000000000000	0,129527130000	0,000408399000	0,000097297000	0,000150642000
737,000000000000	0,129550540000	0,000406051000	0,000081918000	0,000149926000
738,000000000000	0,129511310000	0,000369963000	0,000081405000	0,000149625000
739,000000000000	0,129582620000	0,000375046000	0,000081856000	0,000149242000
740,000000000000	0,129586200000	0,000398030000	0,000081510000	0,000148961000
741,000000000000	0,129590210000	0,000383129000	0,000081667000	0,000148609000
742,000000000000	0,129650250000	0,000409338000	0,000081541000	0,000148059000
743,000000000000	0,129634640000	0,000371637000	0,000081374000	0,000147654000
744,000000000000	0,129651980000	0,000385864000	0,000081186000	0,000147291000
745,000000000000	0,129635940000	0,000451080000	0,000081447000	0,000146855000
746,000000000000	0,129675940000	0,000389579000	0,000081500000	0,000146440000
747,000000000000	0,129702810000	0,000361921000	0,000081395000	0,000145817000
748,000000000000	0,129746270000	0,000368494000	0,000081343000	0,000145589000
749,000000000000	0,129691320000	0,000397825000	0,000081123000	0,000144987000
750,001000000000	0,129681350000	0,000393192000	0,000081437000	0,000144832000
751,000000000000	0,129705960000	0,000365922000	0,000081081000	0,000144479000
752,000000000000	0,129661200000	0,000385742000	0,000081280000	0,000143929000
753,000000000000	0,129724160000	0,000402581000	0,000080725000	0,000143586000
754,001000000000	0,129654800000	0,000427280000	0,000080903000	0,000143151000
755,000000000000	0,129714190000	0,000354757000	0,000081866000	0,000142673000
756,000000000000	0,129680050000	0,000379985000	0,000080463000	0,000142435000
757,000000000000	0,129763830000	0,000402683000	0,000080903000	0,000142123000
758,000000000000	0,129771960000	0,000394743000	0,000080495000	0,000141480000
759,000000000000	0,129760690000	0,000413236000	0,000080955000	0,000141418000
760,000000000000	0,129824740000	0,000388926000	0,000081028000	0,000140868000
761,000000000000	0,129831670000	0,000403173000	0,000080578000	0,000141013000
762,000000000000	0,129818450000	0,000403051000	0,000080620000	0,000140017000
763,000000000000	0,129886620000	0,000375740000	0,000080746000	0,000139571000
764,000000000000	0,129871120000	0,000363350000	0,000080599000	0,000139239000
765,000000000000	0,129840880000	0,000388579000	0,000081008000	0,000138813000
766,000000000000	0,129831890000	0,000396784000	0,000080756000	0,000138481000
767,000000000000	0,129845980000	0,000397009000	0,000080631000	0,000137880000
768,000000000000	0,129836660000	0,000382210000	0,000080693000	0,000137174000
769,000000000000	0,129802190000	0,000386395000	0,000080683000	0,000137205000
770,000000000000	0,129869390000	0,000396213000	0,000080285000	0,000136790000
771,000000000000	0,129837740000	0,000403296000	0,000080568000	0,000136313000
772,000000000000	0,129871230000	0,000357430000	0,000080662000	0,000136105000
773,000000000000	0,129851720000	0,000371780000	0,000080369000	0,000135358000
774,000000000000	0,129860930000	0,000383762000	0,000080181000	0,000135171000
775,000000000000	0,129827880000	0,000390477000	0,000080160000	0,000134839000
776,000000000000	0,129837850000	0,000353940000	0,000080484000	0,000134393000
777,000000000000	0,129796340000	0,000351266000	0,000080296000	0,000134196000
778,000000000000	0,129818670000	0,000387415000	0,000080652000	0,000133542000
779,000000000000	0,129807610000	0,000385497000	0,000080557000	0,000133262000
780,000000000000	0,129868520000	0,000382659000	0,000080296000	0,000132660000
781,001000000000	0,129851720000	0,000359247000	0,000080924000	0,000132058000
782,000000000000	0,129865590000	0,000378638000	0,000080421000	0,000131820000
783,000000000000	0,129817690000	0,000384313000	0,000080400000	0,000131519000
784,000000000000	0,129832320000	0,000348408000	0,000080086000	0,000131031000
785,000000000000	0,129839480000	0,000367779000	0,000080453000	0,000130658000
786,000000000000	0,129853460000	0,000380353000	0,000080107000	0,000129755000
787,000000000000	0,129854650000	0,000392600000	0,000080400000	0,000129942000
788,000000000000	0,129821700000	0,000396111000	0,000080484000	0,000129330000
789,000000000000	0,129842730000	0,000345143000	0,000079971000	0,000129060000
790,000000000000	0,129849880000	0,000362615000	0,000080369000	0,000128790000
791,000000000000	0,129860390000	0,000408827000	0,000079584000	0,000128219000
792,000000000000	0,129890950000	0,000383435000	0,000079291000	0,000127846000
793,000000000000	0,129924340000	0,000346898000	0,000080379000	0,000127638000
794,000000000000	0,129946010000	0,000362227000	0,000079866000	0,000127026000
795,000000000000	0,129939070000	0,000383966000	0,000080013000	0,000126746000
796,000000000000	0,129948390000	0,000372515000	0,000080086000	0,000126455000
797,001000000000	0,129933760000	0,000359390000	0,000079992000	0,000126061000
798,000000000000	0,129914260000	0,000364248000	0,000079971000	0,000125636000
799,000000000000	0,129986760000	0,000385252000	0,000079919000	0,000125169000
800,000000000000	0,129962050000	0,000401908000	0,000080390000	0,000124328000
801,000000000000	0,130027510000	0,000387334000	0,000079866000	0,000124224000
802,000000000000	0,130018730000	0,000384884000	0,000079961000	0,000123789000
803,000000000000	0,129966710000	0,000385701000	0,000079804000	0,000123529000
804,000000000000	0,129972890000	0,000398397000	0,000080275000	0,000123176000
805,000000000000	0,129976570000	0,000370596000	0,000080076000	0,000123508000
806,000000000000	0,129968340000	0,000373842000	0,000080610000	0,000123695000
807,000000000000	0,130008980000	0,000382006000	0,000080065000	0,000124328000
808,001000000000	0,129977760000	0,000380802000	0,000080191000	0,000124743000
809,000000000000	0,130006270000	0,000382414000	0,000079249000	0,000125013000
810,000000000000	0,129944170000	0,000372147000	0,000080275000	0,000125791000
811,000000000000	0,129925530000	0,000378965000	0,000080139000	0,000125885000
812,000000000000	0,129973970000	0,000392661000	0,000079762000	0,000126289000
813,000000000000	0,129982970000	0,000413481000	0,000079908000	0,000126632000
814,000000000000	0,129919350000	0,000393519000	0,000079772000	0,000127223000
815,000000000000	0,129935060000	0,000399703000	0,000080254000	0,000127514000
816,000000000000	0,130024800000	0,000388987000	0,000080317000	0,000127783000
817,000000000000	0,129944060000	0,000399826000	0,000080181000	0,000128437000
818,001000000000	0,129944710000	0,000386191000	0,000080840000	0,000128821000
819,000000000000	0,130000090000	0,000373209000	0,000080233000	0,000129236000
820,000000000000	0,129941890000	0,000400969000	0,000080568000	0,000129558000
821,000000000000	0,129966600000	0,000396499000	0,000080254000	0,000130014000
822,000000000000	0,129957060000	0,000401744000	0,000079919000	0,000130398000
823,000000000000	0,129915010000	0,000389232000	0,000079835000	0,000130616000
824,000000000000	0,130011040000	0,000384374000	0,000080306000	0,000131208000
825,000000000000	0,129930510000	0,000427831000	0,000080264000	0,000131353000
826,000000000000	0,129920110000	0,000399071000	0,000080065000	0,000131975000
827,000000000000	0,129979820000	0,000375209000	0,000080547000	0,000132370000
828,000000000000	0,130009300000	0,000379679000	0,000080411000	0,000132723000
829,000000000000	0,130004210000	0,000399969000	0,000080411000	0,000133034000
830,000000000000	0,129969960000	0,000402112000	0,000080296000	0,000133522000
831,000000000000	0,129990550000	0,000367432000	0,000080547000	0,000133812000
832,000000000000	0,129991200000	0,000364289000	0,000080505000	0,000134424000
833,000000000000	0,130064470000	0,000367636000	0,000080557000	0,000134787000
834,000000000000	0,129961620000	0,000421585000	0,000080432000	0,000135119000
835,000000000000	0,129980370000	0,000372698000	0,000080495000	0,000135348000
836,000000000000	0,129950450000	0,000367534000	0,000080285000	0,000136053000
837,000000000000	0,129932680000	0,000394396000	0,000080913000	0,000136261000
838,000000000000	0,130020790000	0,000386150000	0,000080149000	0,000136811000
839,000000000000	0,129972450000	0,000357267000	0,000080798000	0,000137112000
840,000000000000	0,129923790000	0,000375985000	0,000080819000	0,000137392000
841,000000000000	0,129888790000	0,000389518000	0,000080160000	0,000138077000
842,000000000000	0,129935930000	0,000419176000	0,000081290000	0,000138606000
843,000000000000	0,129994350000	0,000381639000	0,000080714000	0,000138762000
844,000000000000	0,130020680000	0,000349082000	0,000080568000	0,000139104000
845,000000000000	0,130035420000	0,000375842000	0,000080767000	0,000139561000
846,000000000000	0,129982640000	0,000403275000	0,000080767000	0,000139893000
847,000000000000	0,129996620000	0,000389375000	0,000080714000	0,000140318000
848,000000000000	0,129945790000	0,000379373000	0,000080840000	0,000140629000
849,000000000000	0,130005400000	0,000374658000	0,000080620000	0,000141221000
850,000000000000	0,129988930000	0,000396989000	0,000080966000	0,000141750000
851,000000000000	0,129887380000	0,000406235000	0,000081395000	0,000142082000
852,000000000000	0,129964220000	0,000381598000	0,000080945000	0,000142155000
853,000000000000	0,129938970000	0,000370167000	0,000081458000	0,000142663000
854,000000000000	0,129908620000	0,000407154000	0,000081008000	0,000143151000
855,000000000000	0,129938320000	0,000423748000	0,000080966000	0,000143586000
856,001000000000	0,129920110000	0,000377801000	0,000081154000	0,000143929000
857,000000000000	0,129886620000	0,000383619000	0,000080913000	0,000144230000
858,000000000000	0,129854540000	0,000400561000	0,000080830000	0,000144769000
859,001000000000	0,129860720000	0,000379802000	0,000081217000	0,000145247000
860,000000000000	0,129853560000	0,000375270000	0,000081008000	0,000145651000
861,000000000000	0,129878930000	0,000355246000	0,000081217000	0,000146108000
862,000000000000	0,129874050000	0,000402765000	0,000081573000	0,000146315000
863,000000000000	0,129886400000	0,000393825000	0,000080892000	0,000146762000
864,000000000000	0,129883260000	0,000373086000	0,000081280000	0,000147353000
865,000000000000	0,129900930000	0,000343122000	0,000081154000	0,000147633000
866,000000000000	0,129945470000	0,000360145000	0,000081489000	0,000148173000
867,000000000000	0,129939180000	0,000382802000	0,000081730000	0,000148536000
868,000000000000	0,129962270000	0,000349552000	0,000081447000	0,000148723000
869,000000000000	0,129989360000	0,000345551000	0,000081154000	0,000149086000
870,000000000000	0,129950350000	0,000366595000	0,000081657000	0,000149563000
871,000000000000	0,129947960000	0,000393600000	0,000081625000	0,000149989000
872,000000000000	0,129919570000	0,000377454000	0,000081468000	0,000150404000
873,000000000000	0,129937560000	0,000342326000	0,000081562000	0,000150808000
874,000000000000	0,129893010000	0,000374495000	0,000081562000	0,000151441000
875,000000000000	0,129894420000	0,000388558000	0,000081960000	0,000151555000
876,000000000000	0,129937880000	0,000393069000	0,000081856000	0,000152064000
877,000000000000	0,129926610000	0,000354328000	0,000081384000	0,000152479000
878,000000000000	0,129964000000	0,000345204000	0,000081772000	0,000152904000
879,000000000000	0,129929860000	0,000403051000	0,000082243000	0,000153299000
880,000000000000	0,129983620000	0,000383333000	0,000081730000	0,000153797000
881,000000000000	0,129957820000	0,000385190000	0,000081782000	0,000154170000
882,000000000000	0,129990230000	0,000351082000	0,000082138000	0,000154440000
883,000000000000	0,130017970000	0,000368004000	0,000081615000	0,000155021000
884,000000000000	0,129996840000	0,000377250000	0,000082107000	0,000155353000
885,000000000000	0,129980910000	0,000374005000	0,000082253000	0,000155779000
886,000000000000	0,129962160000	0,000342428000	0,000082211000	0,000156079000
887,000000000000	0,129970180000	0,000357839000	0,000082693000	0,000156744000
888,000000000000	0,130023500000	0,000382986000	0,000083708000	0,000156920000
889,000000000000	0,129997160000	0,000361105000	0,000088399000	0,000157314000
890,000000000000	0,130006160000	0,000372433000	0,000096449000	0,000157501000
891,000000000000	0,129948830000	0,000369065000	0,000110289000	0,000158155000
892,000000000000	0,129947310000	0,000366248000	0,000126987000	0,000158528000
893,000000000000	0,129923790000	0,000360860000	0,000137382000	0,000158819000
894,000000000000	0,129897130000	0,000355614000	0,000141925000	0,000159306000
895,000000000000	0,129911870000	0,000372372000	0,000146249000	0,000159701000
896,000000000000	0,129902880000	0,000371004000	0,000149065000	0,000160074000
897,000000000000	0,129834920000	0,000392110000	0,000151620000	0,000160438000
898,000000000000	0,129814660000	0,000364656000	0,000153808000	0,000160604000
899,001000000000	0,129853560000	0,000353144000	0,000155702000	0,000161319000
900,000000000000	0,129859200000	0,000358594000	0,000158236000	0,000161818000
901,000000000000	0,129841860000	0,000363819000	0,000159293000	0,000162222000
902,000000000000	0,129778350000	0,000371841000	0,000161167000	0,000162565000
903,000000000000	0,129794390000	0,000348653000	0,000163114000	0,000162824000
904,000000000000	0,129750610000	0,000399560000	0,000165208000	0,000163281000
905,000000000000	0,129788760000	0,000419605000	0,000167281000	0,000163623000
906,000000000000	0,129748870000	0,000359145000	0,000169385000	0,000164142000
907,000000000000	0,129737170000	0,000356145000	0,000170076000	0,000164671000
908,000000000000	0,129705740000	0,000384639000	0,000172473000	0,000164962000
909,000000000000	0,129722750000	0,000374433000	0,000174672000	0,000165273000
910,000000000000	0,129688940000	0,000399785000	0,000177949000	0,000165833000
911,000000000000	0,129678640000	0,000372045000	0,000179864000	0,000166010000
912,000000000000	0,129681030000	0,000366126000	0,000180723000	0,000166352000
913,000000000000	0,129675940000	0,000397968000	0,000180356000	0,000166912000
914,000000000000	0,129625970000	0,000386803000	0,000180116000	0,000167255000
915,000000000000	0,129668670000	0,000351368000	0,000180555000	0,000167722000
916,000000000000	0,129605060000	0,000353777000	0,000180807000	0,000168054000
917,000000000000	0,129618710000	0,000389089000	0,000180922000	0,000168365000
918,000000000000	0,129607440000	0,000376209000	0,000180702000	0,000168822000
919,000000000000	0,129559860000	0,000378312000	0,000180932000	0,000169641000
920,000000000000	0,129549240000	0,000367065000	0,000181414000	0,000169724000
921,001000000000	0,129536670000	0,000370269000	0,000181309000	0,000169870000
922,000000000000	0,129554660000	0,000394825000	0,000180911000	0,000170617000
923,000000000000	0,129618500000	0,000353981000	0,000181487000	0,000171063000
924,000000000000	0,129632910000	0,000345020000	0,000181361000	0,000171281000
925,000000000000	0,129587930000	0,000386660000	0,000181539000	0,000171820000
926,000000000000	0,129608090000	0,000372086000	0,000182021000	0,000172329000
927,000000000000	0,129538080000	0,000381639000	0,000181592000	0,000172650000
928,000000000000	0,129532440000	0,000356532000	0,000181853000	0,000173252000
929,000000000000	0,129523340000	0,000362411000	0,000182230000	0,000173397000
930,000000000000	0,129464600000	0,000399540000	0,000182031000	0,000174041000
931,000000000000	0,129456690000	0,000382884000	0,000182136000	0,000174124000
932,000000000000	0,129501560000	0,000335345000	0,000182419000	0,000174632000
933,000000000000	0,129471100000	0,000362186000	0,000182366000	0,000175006000
934,000000000000	0,129517050000	0,000378536000	0,000182356000	0,000175514000
935,000000000000	0,129510230000	0,000355206000	0,000182607000	0,000176023000
936,000000000000	0,129493320000	0,000356512000	0,000182199000	0,000176375000
937,000000000000	0,129481830000	0,000366718000	0,000182984000	0,000176386000
938,000000000000	0,129511530000	0,000410869000	0,000183120000	0,000177091000
939,000000000000	0,129500910000	0,000363779000	0,000182953000	0,000177475000
940,000000000000	0,129536020000	0,000368616000	0,000183309000	0,000177621000
941,000000000000	0,129519550000	0,000331487000	0,000183727000	0,000178067000
942,000000000000	0,129487030000	0,000393069000	0,000182921000	0,000178617000
943,000000000000	0,129540360000	0,000376291000	0,000183340000	0,000179042000
944,000000000000	0,129511200000	0,000357675000	0,000183424000	0,000179447000
945,000000000000	0,129491040000	0,000323037000	0,000183277000	0,000179758000
946,000000000000	0,129531360000	0,000360084000	0,000183937000	0,000180401000
947,000000000000	0,129563110000	0,000393355000	0,000183267000	0,000180516000
948,000000000000	0,129547400000	0,000355348000	0,000183476000	0,000181076000
949,000000000000	0,129619690000	0,000353409000	0,000183863000	0,000181377000
950,000000000000	0,129573090000	0,000372719000	0,000184094000	0,000181792000
951,000000000000	0,129523450000	0,000384313000	0,000183863000	0,000182383000
952,000000000000	0,129541220000	0,000380128000	0,000183968000	0,000182674000
953,000000000000	0,129582080000	0,000368269000	0,000183518000	0,000182944000
954,000000000000	0,129526160000	0,000382149000	0,000183665000	0,000183514000
955,000000000000	0,129583160000	0,000369698000	0,000184335000	0,000184043000
956,000000000000	0,129612530000	0,000368575000	0,000184439000	0,000184261000
957,000000000000	0,129593890000	0,000356165000	0,000184397000	0,000184656000
958,000000000000	0,129606140000	0,000334386000	0,000184219000	0,000185185000
959,000000000000	0,129601590000	0,000423973000	0,000184471000	0,000185714000
960,000000000000	0,129612100000	0,000386762000	0,000184104000	0,000186015000
961,001000000000	0,129617090000	0,000343346000	0,000184732000	0,000186305000
962,000000000000	0,129575470000	0,000338141000	0,000184764000	0,000186762000
963,000000000000	0,129608090000	0,000355348000	0,000184198000	0,000187208000
964,000000000000	0,129570700000	0,000366412000	0,000184397000	0,000187810000
965,000000000000	0,129595090000	0,000354389000	0,000184198000	0,000187966000
966,000000000000	0,129612100000	0,000344796000	0,000184471000	0,000188287000
967,000000000000	0,129634640000	0,000357186000	0,000184157000	0,000188868000
968,000000000000	0,129586520000	0,000384639000	0,000184764000	0,000189034000
969,000000000000	0,129581110000	0,000397029000	0,000184816000	0,000189460000
970,000000000000	0,129671930000	0,000316076000	0,000184711000	0,000190155000
971,000000000000	0,129604080000	0,000366759000	0,000184837000	0,000190331000
972,001000000000	0,129605820000	0,000364799000	0,000185162000	0,000190643000
973,000000000000	0,129640710000	0,000373454000	0,000185371000	0,000191151000
974,001000000000	0,129718850000	0,000351634000	0,000185005000	0,000191058000
975,000000000000	0,129720480000	0,000327935000	0,000184837000	0,000191846000
976,000000000000	0,129704650000	0,000367514000	0,000185151000	0,000192282000
977,000000000000	0,129735000000	0,000370004000	0,000184921000	0,000192770000
978,000000000000	0,129657190000	0,000350654000	0,000185036000	0,000193175000
979,001000000000	0,129735110000	0,000355532000	0,000185444000	0,000193465000
980,000000000000	0,129745400000	0,000380353000	0,000185141000	0,000193942000
981,000000000000	0,129750500000	0,000378067000	0,000186031000	0,000194347000
982,000000000000	0,129728930000	0,000374842000	0,000184868000	0,000194731000
983,000000000000	0,129759930000	0,000371413000	0,000185371000	0,000195343000
984,000000000000	0,129751690000	0,000372556000	0,000185999000	0,000195592000
985,000000000000	0,129709530000	0,000380863000	0,000185005000	0,000196070000
986,000000000000	0,129780950000	0,000353144000	0,000185214000	0,000196350000
987,000000000000	0,129752560000	0,000361207000	0,000185224000	0,000196671000
988,001000000000	0,129754180000	0,000355042000	0,000185434000	0,000197190000
989,000000000000	0,129693170000	0,000393682000	0,000185402000	0,000197709000
990,000000000000	0,129728390000	0,000359615000	0,000185706000	0,000198072000
991,000000000000	0,129708560000	0,000331732000	0,000185528000	0,000198238000
992,000000000000	0,129732620000	0,000349980000	0,000185559000	0,000198747000
993,000000000000	0,129718530000	0,000359676000	0,000185580000	0,000198975000
994,000000000000	0,129764050000	0,000361125000	0,000185580000	0,000199763000
995,000000000000	0,129779440000	0,000342305000	0,000185727000	0,000199878000
996,000000000000	0,129782140000	0,000331508000	0,000185811000	0,000200625000
997,000000000000	0,129754180000	0,000373474000	0,000185664000	0,000200770000
998,000000000000	0,129728710000	0,000400887000	0,000185947000	0,000201009000
999,000000000000	0,129758840000	0,000352205000	0,000186083000	0,000201662000
1000,000000000000	0,129710940000	0,000337407000	0,000186031000	0,000201901000
1001,000000000000	0,129702600000	0,000389028000	0,000185570000	0,000202347000
1002,000000000000	0,129730990000	0,000376903000	0,000185978000	0,000202866000
1003,000000000000	0,129721450000	0,000355512000	0,000185790000	0,000203208000
1004,000000000000	0,129759600000	0,000361574000	0,000185957000	0,000203665000
1005,000000000000	0,129761010000	0,000380190000	0,000185790000	0,000203219000
1006,000000000000	0,129788110000	0,000369718000	0,000185779000	0,000202773000
1007,000000000000	0,129734130000	0,000376924000	0,000186250000	0,000202306000
1008,000000000000	0,129728170000	0,000358186000	0,000186114000	0,000201839000
1009,000000000000	0,129754940000	0,000384149000	0,000186020000	0,000201548000
1010,000000000000	0,129738360000	0,000387681000	0,000186051000	0,000201071000
1011,000000000000	0,129798510000	0,000350266000	0,000186282000	0,000200625000
1012,000000000000	0,129782790000	0,000361860000	0,000185832000	0,000200355000
1013,000000000000	0,129844240000	0,000326343000	0,000185465000	0,000200158000
1014,000000000000	0,129783880000	0,000373556000	0,000185601000	0,000199535000
1015,000000000000	0,129725250000	0,000387926000	0,000185078000	0,000198892000
1016,000000000000	0,129811300000	0,000325670000	0,000185643000	0,000198975000
1017,000000000000	0,129749310000	0,000348776000	0,000185371000	0,000198228000
1018,000000000000	0,129772500000	0,000374699000	0,000185800000	0,000198103000
1019,000000000000	0,129799160000	0,000367106000	0,000184806000	0,000197605000
1020,000000000000	0,129782250000	0,000338203000	0,000184774000	0,000197242000
1021,000000000000	0,129786800000	0,000349858000	0,000185329000	0,000196723000
1022,000000000000	0,129768600000	0,000362595000	0,000184994000	0,000196412000
1023,000000000000	0,129744210000	0,000383272000	0,000185172000	0,000195997000
1024,000000000000	0,129803280000	0,000330691000	0,000184764000	0,000195737000
1025,000000000000	0,129783550000	0,000329140000	0,000185057000	0,000195291000
1026,000000000000	0,129796670000	0,000376250000	0,000184910000	0,000194845000
1027,000000000000	0,129772390000	0,000347612000	0,000185465000	0,000194357000
1028,000000000000	0,129765890000	0,000370535000	0,000185444000	0,000193932000
1029,000000000000	0,129824410000	0,000349674000	0,000184816000	0,000193600000
1030,000000000000	0,129827340000	0,000334406000	0,000184680000	0,000193102000
1031,001000000000	0,129869710000	0,000350980000	0,000184659000	0,000192708000
1032,000000000000	0,129802950000	0,000385619000	0,000185046000	0,000192687000
1033,000000000000	0,129848580000	0,000341734000	0,000184963000	0,000192054000
1034,000000000000	0,129894100000	0,000336733000	0,000184764000	0,000191670000
1035,000000000000	0,129828200000	0,000370596000	0,000184701000	0,000190570000
1036,000000000000	0,129829180000	0,000367840000	0,000184942000	0,000190840000
1037,000000000000	0,129854110000	0,000305687000	0,000184691000	0,000190383000
1038,000000000000	0,129830700000	0,000347204000	0,000184492000	0,000189875000
1039,000000000000	0,129852910000	0,000343428000	0,000184513000	0,000189294000
1040,000000000000	0,129834490000	0,000381843000	0,000184837000	0,000189169000
1041,000000000000	0,129819640000	0,000336835000	0,000184649000	0,000188827000
1042,000000000000	0,129806100000	0,000342612000	0,000184104000	0,000188474000
1043,000000000000	0,129817480000	0,000358063000	0,000184376000	0,000187997000
1044,000000000000	0,129849550000	0,000383108000	0,000183937000	0,000187416000
1045,000000000000	0,129889110000	0,000344387000	0,000184586000	0,000187219000
1046,000000000000	0,129861150000	0,000336610000	0,000184188000	0,000186669000
1047,000000000000	0,129862560000	0,000325057000	0,000183926000	0,000186326000
1048,000000000000	0,129829830000	0,000342305000	0,000184366000	0,000185776000
1049,000000000000	0,129858230000	0,000353358000	0,000183560000	0,000185320000
1050,000000000000	0,129834820000	0,000331569000	0,000184502000	0,000184967000
1051,000000000000	0,129799700000	0,000341081000	0,000184115000	0,000184583000
1052,000000000000	0,129821160000	0,000370086000	0,000184041000	0,000184396000
1053,000000000000	0,129789730000	0,000366983000	0,000184062000	0,000183846000
1054,000000000000	0,129763830000	0,000338631000	0,000183759000	0,000183328000
1055,000000000000	0,129830050000	0,000304339000	0,000183644000	0,000182995000
1056,000000000000	0,129768600000	0,000378006000	0,000184261000	0,000182529000
1057,000000000000	0,129826580000	0,000348715000	0,000184094000	0,000181989000
1058,000000000000	0,129784420000	0,000336304000	0,000184261000	0,000182010000
1059,000000000000	0,129834490000	0,000333222000	0,000183654000	0,000181512000
1060,000000000000	0,129816280000	0,000353042000	0,000184157000	0,000180972000
1061,000000000000	0,129799050000	0,000356859000	0,000183916000	0,000180775000
1062,000000000000	0,129884130000	0,000324894000	0,000183801000	0,000180401000
1063,000000000000	0,129888900000	0,000371657000	0,000183026000	0,000179831000
1064,000000000000	0,129882610000	0,000366616000	0,000183277000	0,000179499000
1065,000000000000	0,129853460000	0,000361043000	0,000183539000	0,000178959000
1066,000000000000	0,129896590000	0,000370576000	0,000183204000	0,000178886000
1067,000000000000	0,129840020000	0,000339948000	0,000183120000	0,000178191000
1068,000000000000	0,129805770000	0,000334345000	0,000183591000	0,000177828000
1069,000000000000	0,129841320000	0,000367085000	0,000183665000	0,000177465000
1070,000000000000	0,129816830000	0,000336345000	0,000183267000	0,000177091000
1071,000000000000	0,129815200000	0,000341366000	0,000182995000	0,000176510000
1072,000000000000	0,129827010000	0,000325221000	0,000183298000	0,000176043000
1073,000000000000	0,129796020000	0,000367085000	0,000183518000	0,000175680000
1074,000000000000	0,129799380000	0,000356920000	0,000183288000	0,000175379000
1075,000000000000	0,129831020000	0,000321281000	0,000182932000	0,000175110000
1076,000000000000	0,129786260000	0,000354736000	0,000183047000	0,000174591000
1077,000000000000	0,129810320000	0,000344224000	0,000182890000	0,000174165000
1078,000000000000	0,129821490000	0,000358492000	0,000183351000	0,000173740000
1079,000000000000	0,129829940000	0,000325956000	0,000182900000	0,000173563000
1080,000000000000	0,129865700000	0,000322975000	0,000182775000	0,000172847000
1081,000000000000	0,130005620000	0,000337325000	0,000183099000	0,000172464000
1082,000000000000	0,129969310000	0,000346653000	0,000183162000	0,000172038000
1083,000000000000	0,129978630000	0,000329099000	0,000182722000	0,000171799000
1084,000000000000	0,130041710000	0,000340815000	0,000182628000	0,000171436000
1085,001000000000	0,129996080000	0,000338468000	0,000182827000	0,000170969000
1086,000000000000	0,129953490000	0,000358512000	0,000182471000	0,000170534000
1087,000000000000	0,129993910000	0,000366616000	0,000182408000	0,000170274000
1088,001000000000	0,129956740000	0,000344918000	0,000182879000	0,000169787000
1089,000000000000	0,129993370000	0,000357533000	0,000182356000	0,000169351000
1090,000000000000	0,130006590000	0,000353328000	0,000182387000	0,000168822000
1091,000000000000	0,129959670000	0,000381414000	0,000182283000	0,000168614000
1092,000000000000	0,129994020000	0,000303503000	0,000182429000	0,000167898000
1093,000000000000	0,130002150000	0,000346408000	0,000182220000	0,000167919000
1094,000000000000	0,129997270000	0,000336590000	0,000182764000	0,000167307000
1095,001000000000	0,129938210000	0,000380067000	0,000181958000	0,000167037000
1096,000000000000	0,129993480000	0,000339693000	0,000182000000	0,000166767000
1097,000000000000	0,129971150000	0,000345490000	0,000181707000	0,000166217000
1098,000000000000	0,129978960000	0,000355920000	0,000181780000	0,000165864000
1099,000000000000	0,129983400000	0,000352940000	0,000181780000	0,000165252000
1100,000000000000	0,130015810000	0,000325547000	0,000180754000	0,000164941000
1101,000000000000	0,130018510000	0,000338039000	0,000180733000	0,000164733000
1102,000000000000	0,130033690000	0,000359186000	0,000180712000	0,000164204000
1103,000000000000	0,130004320000	0,000355022000	0,000180493000	0,000163810000
1104,000000000000	0,130034990000	0,000313566000	0,000180409000	0,000163395000
1105,000000000000	0,130062300000	0,000332467000	0,000180419000	0,000162949000
1106,000000000000	0,130112150000	0,000336713000	0,000180011000	0,000162534000
1107,000000000000	0,130060020000	0,000370637000	0,000179529000	0,000162336000
1108,000000000000	0,130049840000	0,000344755000	0,000179833000	0,000161683000
1109,000000000000	0,130073460000	0,000337039000	0,000179864000	0,000161174000
1110,000000000000	0,130066850000	0,000333426000	0,000178556000	0,000160936000
1111,000000000000	0,130078450000	0,000338774000	0,000178660000	0,000160469000
1112,000000000000	0,130104020000	0,000322241000	0,000177446000	0,000160022000
1113,000000000000	0,130048640000	0,000340183000	0,000177331000	0,000159888000
1114,000000000000	0,130070640000	0,000322241000	0,000177237000	0,000159203000
1115,000000000000	0,130051890000	0,000356961000	0,000177143000	0,000158715000
1116,000000000000	0,130076170000	0,000364983000	0,000176870000	0,000158414000
1117,000000000000	0,130088530000	0,000314402000	0,000173625000	0,000158124000
1118,000000000000	0,130033690000	0,000342734000	0,000172787000	0,000157076000
1119,000000000000	0,130073140000	0,000347694000	0,000169595000	0,000157366000
1120,000000000000	0,130029140000	0,000348470000	0,000163868000	0,000156744000
1121,000000000000	0,130077800000	0,000327711000	0,000155954000	0,000156578000
1122,000000000000	0,130048430000	0,000332038000	0,000153462000	0,000156028000
1123,000000000000	0,130120610000	0,000345877000	0,000142575000	0,000156360000
1124,000000000000	0,130146720000	0,000338999000	0,000133749000	0,000155312000
1125,000000000000	0,130137620000	0,000328385000	0,000133372000	0,000154886000
1126,000000000000	0,130114210000	0,000324016000	0,000126882000	0,000154253000
1127,000000000000	0,130142060000	0,000338060000	0,000114372000	0,000154295000
1128,000000000000	0,130210560000	0,000341877000	0,000113251000	0,000153548000
1129,001000000000	0,130208610000	0,000376393000	0,000110666000	0,000153226000
1130,001000000000	0,130217710000	0,000310034000	0,000110341000	0,000152759000
1131,000000000000	0,130241450000	0,000364820000	0,000096847000	0,000152552000
1132,000000000000	0,130317850000	0,000322486000	0,000096826000	0,000152116000
1133,000000000000	0,130312430000	0,000330201000	0,000097035000	0,000151856000
1134,000000000000	0,130389810000	0,000294542000	0,000096910000	0,000151327000
1135,000000000000	0,130420160000	0,000319322000	0,000096857000	0,000150954000
1136,000000000000	0,130357080000	0,000344387000	0,000096794000	0,000150518000
1137,000000000000	0,130439670000	0,000345816000	0,000081458000	0,000149937000
1138,000000000000	0,130465890000	0,000304074000	0,000081322000	0,000149729000
1139,000000000000	0,130498190000	0,000291766000	0,000081772000	0,000149408000
1140,000000000000	0,130454190000	0,000349266000	0,000081186000	0,000148764000
1141,000000000000	0,130488440000	0,000346735000	0,000081740000	0,000148443000
1142,000000000000	0,130491360000	0,000321506000	0,000081374000	0,000148131000
1143,000000000000	0,130569180000	0,000304074000	0,000081060000	0,000147706000
1144,000000000000	0,130486490000	0,000351450000	0,000081719000	0,000147446000
1145,000000000000	0,130547610000	0,000320179000	0,000081301000	0,000146793000
1146,000000000000	0,130546740000	0,000334426000	0,000081049000	0,000146564000
1147,000000000000	0,130553790000	0,000295460000	0,000081259000	0,000146108000
1148,000000000000	0,130518460000	0,000330854000	0,000080756000	0,000145465000
1149,000000000000	0,130508270000	0,000340652000	0,000081322000	0,000144967000
1150,000000000000	0,130552810000	0,000325404000	0,000081479000	0,000144759000
1151,000000000000	0,130607000000	0,000311647000	0,000081018000	0,000144323000
1152,000000000000	0,130594100000	0,000313178000	0,000080851000	0,000144105000
1153,000000000000	0,130595410000	0,000326119000	0,000081175000	0,000143721000
1154,000000000000	0,130594750000	0,000331814000	0,000080871000	0,000143203000
1155,000000000000	0,130585650000	0,000301216000	0,000081060000	0,000143047000
1156,000000000000	0,130589010000	0,000305462000	0,000080777000	0,000142435000
1157,000000000000	0,130648180000	0,000339019000	0,000080735000	0,000141978000
1158,000000000000	0,130599420000	0,000353838000	0,000080809000	0,000141594000
1159,000000000000	0,130617080000	0,000332651000	0,000080903000	0,000141210000
1160,000000000000	0,130662600000	0,000298359000	0,000080673000	0,000140692000
1161,000000000000	0,130664330000	0,000339152000	0,000080432000	0,000140546000
1162,000000000000	0,130667150000	0,000335835000	0,000080798000	0,000140090000
1163,000000000000	0,130669430000	0,000312402000	0,000080547000	0,000139633000
1164,000000000000	0,130724810000	0,000304299000	0,000080693000	0,000139073000
1165,000000000000	0,130692400000	0,000315790000	0,000080882000	0,000138803000
1166,000000000000	0,130659350000	0,000319934000	0,000080348000	0,000138419000
1167,000000000000	0,130660210000	0,000330120000	0,000080421000	0,000138180000
1168,000000000000	0,130669640000	0,000331120000	0,000080233000	0,000137485000
1169,000000000000	0,130670080000	0,000323547000	0,000080348000	0,000137101000
1170,000000000000	0,130679070000	0,000324241000	0,000080746000	0,000136749000
1171,000000000000	0,130704650000	0,000327976000	0,000080526000	0,000136655000
1172,000000000000	0,130682000000	0,000299767000	0,000080170000	0,000136001000
1173,000000000000	0,130693270000	0,000332610000	0,000080411000	0,000135431000
1174,000000000000	0,130700750000	0,000351797000	0,000080369000	0,000134902000
1175,000000000000	0,130710720000	0,000332528000	0,000080871000	0,000135005000
1176,000000000000	0,130695760000	0,000297236000	0,000080139000	0,000134414000
1177,000000000000	0,130651980000	0,000308340000	0,000080201000	0,000133947000
1178,000000000000	0,130675600000	0,000358022000	0,000080086000	0,000133324000
1179,000000000000	0,130701290000	0,000342979000	0,000080495000	0,000133179000
1180,000000000000	0,130766530000	0,000307299000	0,000080170000	0,000132536000
1181,000000000000	0,130753090000	0,000310279000	0,000080589000	0,000132256000
1182,000000000000	0,130815090000	0,000322302000	0,000080243000	0,000131924000
1183,000000000000	0,130813680000	0,000324118000	0,000080181000	0,000131509000
1184,000000000000	0,130731200000	0,000326200000	0,000080369000	0,000131021000
1185,000000000000	0,130737270000	0,000327895000	0,000080400000	0,000130554000
1186,000000000000	0,130756890000	0,000342612000	0,000080704000	0,000130419000
1187,000000000000	0,130757860000	0,000358471000	0,000079950000	0,000130077000
1188,000000000000	0,130790810000	0,000330936000	0,000080296000	0,000129423000
1189,000000000000	0,130736620000	0,000313525000	0,000079730000	0,000129164000
1190,001000000000	0,130771080000	0,000316791000	0,000080201000	0,000128935000
1191,000000000000	0,130765120000	0,000332181000	0,000080453000	0,000128323000
1192,000000000000	0,130791460000	0,000345428000	0,000080013000	0,000127835000
1193,000000000000	0,130802840000	0,000302625000	0,000080484000	0,000127451000
1194,000000000000	0,130774340000	0,000277784000	0,000080044000	0,000127036000
1195,000000000000	0,130810100000	0,000340774000	0,000079877000	0,000126715000
1196,000000000000	0,130852150000	0,000338305000	0,000079552000	0,000126331000
1197,000000000000	0,130815630000	0,000310688000	0,000080097000	0,000126030000
1198,000000000000	0,130868620000	0,000326119000	0,000080044000	0,000125407000
1199,000000000000	0,130814760000	0,000349449000	0,000080296000	0,000124972000
1200,000000000000	0,130852910000	0,000336059000	0,000080097000	0,000124349000
1201,000000000000	0,130889870000	0,000309932000	0,000080128000	0,000124307000
1202,000000000000	0,130858330000	0,000350327000	0,000079982000	0,000123913000
1203,000000000000	0,130808470000	0,000332099000	0,000079563000	0,000123394000
1204,000000000000	0,130800240000	0,000368616000	0,000079458000	0,000123114000
1205,001000000000	0,130804570000	0,000329140000	0,000080421000	0,000123425000
1206,000000000000	0,130726000000	0,000323527000	0,000080097000	0,000123809000
1207,000000000000	0,130708120000	0,000345163000	0,000079521000	0,000124162000
1208,000000000000	0,130733370000	0,000328140000	0,000080474000	0,000124650000
1209,000000000000	0,130700100000	0,000337631000	0,000080296000	0,000124982000
1210,000000000000	0,130720040000	0,000322016000	0,000079856000	0,000125470000
1211,000000000000	0,130706490000	0,000316015000	0,000080484000	0,000125812000
1212,000000000000	0,130723720000	0,000334079000	0,000079720000	0,000126559000
1213,000000000000	0,130664770000	0,000344163000	0,000079982000	0,000126870000
1214,000000000000	0,130710500000	0,000323608000	0,000080296000	0,000127088000
1215,000000000000	0,130698250000	0,000314219000	0,000080170000	0,000127420000
1216,000000000000	0,130684490000	0,000347490000	0,000080128000	0,000127981000
1217,001000000000	0,130703780000	0,000366146000	0,000079531000	0,000128531000
1218,000000000000	0,130708330000	0,000329242000	0,000080034000	0,000128614000
1219,000000000000	0,130662820000	0,000306626000	0,000080264000	0,000129080000
1220,000000000000	0,130668020000	0,000363513000	0,000080233000	0,000129579000
1221,000000000000	0,130707580000	0,000329507000	0,000080097000	0,000129828000
1222,000000000000	0,130658480000	0,000331691000	0,000080327000	0,000129983000
1223,000000000000	0,130677450000	0,000313423000	0,000079982000	0,000130824000
1224,000000000000	0,130712130000	0,000336121000	0,000080432000	0,000131010000
1225,000000000000	0,130696200000	0,000354328000	0,000080505000	0,000131509000
1226,000000000000	0,130725130000	0,000334753000	0,000080400000	0,000131809000
1227,000000000000	0,130724700000	0,000315137000	0,000080243000	0,000132173000
1228,000000000000	0,130715920000	0,000349000000	0,000080578000	0,000132650000
1229,000000000000	0,130749190000	0,000350552000	0,000080338000	0,000133023000
1230,001000000000	0,130797640000	0,000339652000	0,000080557000	0,000133833000
1231,000000000000	0,130712130000	0,000315280000	0,000080662000	0,000134061000
1232,000000000000	0,130729680000	0,000342060000	0,000080306000	0,000134289000
1233,000000000000	0,130775310000	0,000358390000	0,000080358000	0,000134663000
1234,000000000000	0,130761660000	0,000328711000	0,000080599000	0,000135182000
1235,000000000000	0,130784740000	0,000324731000	0,000080086000	0,000135576000
1236,000000000000	0,130797960000	0,000324568000	0,000080432000	0,000135856000
1237,000000000000	0,130827220000	0,000329160000	0,000080798000	0,000136468000
1238,000000000000	0,130767830000	0,000353409000	0,000079982000	0,000136821000
1239,000000000000	0,130721450000	0,000303645000	0,000080348000	0,000137091000
1240,000000000000	0,130783110000	0,000317872000	0,000080526000	0,000137641000
1241,000000000000	0,130743450000	0,000319771000	0,000080442000	0,000138056000
1242,000000000000	0,130755590000	0,000336896000	0,000080338000	0,000138471000
1243,000000000000	0,130731630000	0,000324016000	0,000080390000	0,000138813000
1244,000000000000	0,130727410000	0,000318056000	0,000080536000	0,000139125000
1245,000000000000	0,130772930000	0,000341468000	0,000080536000	0,000139405000
1246,000000000000	0,130726110000	0,000334855000	0,000080526000	0,000140079000
1247,000000000000	0,130702920000	0,000344224000	0,000080484000	0,000140588000
1248,000000000000	0,130778560000	0,000294746000	0,000080966000	0,000140702000
1249,000000000000	0,130723940000	0,000345061000	0,000080557000	0,000141200000
1250,000000000000	0,130666930000	0,000349796000	0,000080516000	0,000141501000
1251,000000000000	0,130690780000	0,000330793000	0,000080599000	0,000142020000
1252,000000000000	0,130726760000	0,000309728000	0,000080264000	0,000142362000
1253,000000000000	0,130718410000	0,000306789000	0,000080871000	0,000142736000
1254,000000000000	0,130723510000	0,000324221000	0,000080788000	0,000143223000
1255,000000000000	0,130690670000	0,000363309000	0,000080903000	0,000143586000
1256,000000000000	0,130752550000	0,000303421000	0,000080578000	0,000143960000
1257,000000000000	0,130677990000	0,000315280000	0,000081217000	0,000144427000
1258,000000000000	0,130783550000	0,000331344000	0,000080934000	0,000144873000
1259,000000000000	0,130744860000	0,000362615000	0,000080568000	0,000144987000
1260,000000000000	0,130748320000	0,000306095000	0,000081102000	0,000145444000
1261,000000000000	0,130803490000	0,000323547000	0,000080735000	0,000145900000
1262,000000000000	0,130782250000	0,000351511000	0,000081301000	0,000146388000
1263,000000000000	0,130778780000	0,000342897000	0,000081353000	0,000146980000
1264,000000000000	0,130810860000	0,000301563000	0,000080913000	0,000147011000
1265,000000000000	0,130860280000	0,000296930000	0,000081060000	0,000147540000
1266,001000000000	0,130831340000	0,000309034000	0,000081144000	0,000148131000
1267,000000000000	0,130853560000	0,000321302000	0,000081290000	0,000148494000
1268,001000000000	0,130915120000	0,000293685000	0,000080704000	0,000148712000
1269,000000000000	0,130952940000	0,000297849000	0,000081165000	0,000149283000
1270,000000000000	0,130870030000	0,000317076000	0,000081206000	0,000149511000
1271,000000000000	0,130931920000	0,000323465000	0,000081458000	0,000149958000
1272,000000000000	0,130963670000	0,000312770000	0,000081489000	0,000150331000
1273,000000000000	0,130951100000	0,000291847000	0,000081363000	0,000150829000
1274,000000000000	0,130904930000	0,000313259000	0,000081709000	0,000151338000
1275,000000000000	0,130886070000	0,000308401000	0,000081426000	0,000151711000
1276,000000000000	0,130925950000	0,000322792000	0,000081028000	0,000151981000
1277,000000000000	0,130874480000	0,000310790000	0,000081615000	0,000152386000
1278,000000000000	0,130911870000	0,000282887000	0,000081730000	0,000152697000
1279,000000000000	0,130958790000	0,000304421000	0,000081521000	0,000153164000
1280,000000000000	0,130964100000	0,000348858000	0,000081929000	0,000153018000
1281,000000000000	0,130953160000	0,000322424000	0,000081992000	0,000154253000
1282,001000000000	0,130953480000	0,000304911000	0,000082096000	0,000154430000
1283,000000000000	0,130981660000	0,000325343000	0,000082232000	0,000154897000
1284,000000000000	0,130944490000	0,000354552000	0,000082253000	0,000155104000
1285,000000000000	0,130971470000	0,000306809000	0,000082253000	0,000155633000
1286,000000000000	0,130935380000	0,000298583000	0,000082693000	0,000155986000
1287,000000000000	0,130937770000	0,000306768000	0,000082274000	0,000156598000
1288,000000000000	0,130954890000	0,000320567000	0,000083028000	0,000157044000
1289,000000000000	0,130861250000	0,000336427000	0,000086211000	0,000157159000
1290,000000000000	0,130871980000	0,000322281000	0,000093078000	0,000157646000
1291,000000000000	0,130876210000	0,000324078000	0,000105599000	0,000158051000
1292,001000000000	0,130802840000	0,000351205000	0,000122380000	0,000158445000
1293,000000000000	0,130804250000	0,000332161000	0,000134712000	0,000158964000
1294,000000000000	0,130818440000	0,000298992000	0,000141193000	0,000159213000
1295,000000000000	0,130753850000	0,000325466000	0,000144291000	0,000159670000
1296,000000000000	0,130784850000	0,000322261000	0,000147830000	0,000160022000
1297,000000000000	0,130794930000	0,000328568000	0,000150709000	0,000160780000
1298,000000000000	0,130779970000	0,000280029000	0,000153190000	0,000160987000
1299,000000000000	0,130741060000	0,000324241000	0,000155284000	0,000161403000
1300,000000000000	0,130752550000	0,000326119000	0,000157168000	0,000161786000
1301,000000000000	0,130787340000	0,000342816000	0,000159262000	0,000161880000
1302,000000000000	0,130786690000	0,000292746000	0,000160968000	0,000162689000
1303,000000000000	0,130754720000	0,000305421000	0,000162654000	0,000163177000
1304,000000000000	0,130763610000	0,000339978000	0,000164517000	0,000163374000
1305,000000000000	0,130729250000	0,000350837000	0,000165826000	0,000163654000
1306,000000000000	0,130701290000	0,000321159000	0,000167825000	0,000164059000
1307,000000000000	0,130726220000	0,000293603000	0,000168788000	0,000164463000
1308,000000000000	0,130725130000	0,000326445000	0,000171228000	0,000165065000
1309,000000000000	0,130726760000	0,000338039000	0,000173374000	0,000165304000
1310,000000000000	0,130645040000	0,000308871000	0,000176295000	0,000165729000
1311,000000000000	0,130580340000	0,000313913000	0,000179006000	0,000166342000
1312,000000000000	0,130591180000	0,000327731000	0,000180555000	0,000166487000
1313,000000000000	0,130548480000	0,000339325000	0,000180241000	0,000167058000
1314,000000000000	0,130501010000	0,000353348000	0,000180126000	0,000167296000
1315,000000000000	0,130515420000	0,000303707000	0,000180733000	0,000167576000
1316,000000000000	0,130561810000	0,000310953000	0,000180231000	0,000168323000
1317,000000000000	0,130544030000	0,000338652000	0,000180409000	0,000168655000
1318,000000000000	0,130531570000	0,000333998000	0,000180670000	0,000168915000
1319,000000000000	0,130432190000	0,000313321000	0,000180796000	0,000169724000
1320,000000000000	0,130484860000	0,000299053000	0,000181079000	0,000169870000
1321,000000000000	0,130460800000	0,000354410000	0,000180534000	0,000170108000
1322,000000000000	0,130466330000	0,000328650000	0,000181403000	0,000170668000
1323,000000000000	0,130447580000	0,000316117000	0,000181320000	0,000170772000
1324,001000000000	0,130440860000	0,000321200000	0,000181121000	0,000171467000
1325,000000000000	0,130416260000	0,000359472000	0,000181131000	0,000171893000
1326,000000000000	0,130421460000	0,000361982000	0,000181686000	0,000172256000
1327,000000000000	0,130406070000	0,000379128000	0,000181833000	0,000172744000
1328,000000000000	0,130493960000	0,000304503000	0,000181906000	0,000173169000
1329,000000000000	0,130432840000	0,000336345000	0,000181937000	0,000173408000
1330,000000000000	0,130475000000	0,000358829000	0,000182000000	0,000173854000
1331,000000000000	0,130457550000	0,000337060000	0,000182136000	0,000174113000
1332,000000000000	0,130446170000	0,000316750000	0,000182262000	0,000174632000
1333,000000000000	0,130488650000	0,000313668000	0,000181979000	0,000175078000
1334,000000000000	0,130481180000	0,000365534000	0,000182356000	0,000175556000
1335,000000000000	0,130456680000	0,000357635000	0,000182492000	0,000175753000
1336,000000000000	0,130396320000	0,000324772000	0,000182565000	0,000176106000
1337,000000000000	0,130455490000	0,000335304000	0,000182974000	0,000176718000
1338,000000000000	0,130535470000	0,000340223000	0,000182911000	0,000177185000
1339,001000000000	0,130544030000	0,000352205000	0,000182670000	0,000177610000
1340,000000000000	0,130543820000	0,000310647000	0,000182429000	0,000177838000
1341,000000000000	0,130482480000	0,000315648000	0,000182492000	0,000178523000
1342,000000000000	0,130493530000	0,000340632000	0,000183371000	0,000178741000
1343,000000000000	0,130555630000	0,000343836000	0,000183623000	0,000179115000
1344,000000000000	0,130535150000	0,000316974000	0,000183089000	0,000179436000
1345,000000000000	0,130537320000	0,000332467000	0,000183026000	0,000179851000
1346,000000000000	0,130537420000	0,000335569000	0,000183445000	0,000180474000
1347,000000000000	0,130565820000	0,000358798000	0,000183539000	0,000180526000
1348,000000000000	0,130509140000	0,000336937000	0,000183487000	0,000181159000
1349,000000000000	0,130546740000	0,000299931000	0,000183706000	0,000181501000
1350,000000000000	0,130480310000	0,000315750000	0,000183843000	0,000182041000
1351,000000000000	0,130524850000	0,000350429000	0,000183602000	0,000182373000
1352,000000000000	0,130511410000	0,000318873000	0,000183644000	0,000182912000
1353,000000000000	0,130480630000	0,000313606000	0,000183780000	0,000183182000
1354,000000000000	0,130522470000	0,000306421000	0,000183832000	0,000183514000
1355,000000000000	0,130495160000	0,000367881000	0,000183863000	0,000183929000
1356,000000000000	0,130512170000	0,000342612000	0,000183905000	0,000184355000
1357,000000000000	0,130494940000	0,000306136000	0,000183759000	0,000184687000
1358,001000000000	0,130556280000	0,000306013000	0,000184000000	0,000185060000
1359,000000000000	0,130527890000	0,000360696000	0,000184272000	0,000185527000
1360,000000000000	0,130519320000	0,000361227000	0,000183696000	0,000186036000
1361,000000000000	0,130526370000	0,000310871000	0,000184104000	0,000186482000
1362,000000000000	0,130587490000	0,000307177000	0,000184418000	0,000186565000
1363,000000000000	0,130527780000	0,000355573000	0,000184052000	0,000187073000
1364,000000000000	0,130517270000	0,000370963000	0,000183780000	0,000187551000
1365,001000000000	0,130591500000	0,000332283000	0,000184502000	0,000188069000
1366,000000000000	0,130503280000	0,000320608000	0,000184282000	0,000188267000
1367,000000000000	0,130521820000	0,000329017000	0,000184104000	0,000188744000
1368,000000000000	0,130566580000	0,000323016000	0,000184544000	0,000189211000
1369,000000000000	0,130545230000	0,000313076000	0,000184366000	0,000189574000
1370,000000000000	0,130521600000	0,000323812000	0,000184931000	0,000189927000
1371,000000000000	0,130448340000	0,000326425000	0,000184450000	0,000190363000
1372,000000000000	0,130504150000	0,000341571000	0,000184617000	0,000190695000
1373,000000000000	0,130495700000	0,000337733000	0,000184303000	0,000191265000
1374,000000000000	0,130502530000	0,000303421000	0,000184418000	0,000191608000
1375,000000000000	0,130494830000	0,000308830000	0,000184984000	0,000192054000
1376,000000000000	0,130477600000	0,000345204000	0,000185057000	0,000192396000
1377,000000000000	0,130521380000	0,000324874000	0,000184513000	0,000192728000
1378,000000000000	0,130477270000	0,000293246000	0,000184806000	0,000193092000
1379,000000000000	0,130426450000	0,000317811000	0,000184732000	0,000193818000
1380,000000000000	0,130451810000	0,000343714000	0,000184963000	0,000193932000
1381,000000000000	0,130498410000	0,000325751000	0,000185696000	0,000194306000
1382,000000000000	0,130373770000	0,000351858000	0,000184900000	0,000194793000
1383,000000000000	0,130425470000	0,000312749000	0,000185559000	0,000195426000
1384,000000000000	0,130377570000	0,000325976000	0,000185224000	0,000195520000
1385,000000000000	0,130389160000	0,000347204000	0,000184994000	0,000195789000
1386,000000000000	0,130390570000	0,000328323000	0,000184848000	0,000196547000
1387,000000000000	0,130368680000	0,000302482000	0,000185434000	0,000196848000
1388,000000000000	0,130396100000	0,000323976000	0,000185162000	0,000197169000
1389,000000000000	0,130392200000	0,000316444000	0,000185507000	0,000197584000
1390,000000000000	0,130397730000	0,000340632000	0,000185287000	0,000197854000
1391,000000000000	0,130455270000	0,000306850000	0,000185423000	0,000198518000
1392,000000000000	0,130425800000	0,000332896000	0,000185664000	0,000198819000
1393,000000000000	0,130458200000	0,000346245000	0,000184575000	0,000199286000
1394,000000000000	0,130491910000	0,000332120000	0,000186114000	0,000199431000
1395,000000000000	0,130470120000	0,000326568000	0,000185486000	0,000200147000
1396,000000000000	0,130426990000	0,000317117000	0,000185434000	0,000200179000
1397,000000000000	0,130372040000	0,000352470000	0,000185528000	0,000200645000
1398,000000000000	0,130363480000	0,000350858000	0,000185497000	0,000200957000
1399,000000000000	0,130347440000	0,000317015000	0,000185842000	0,000201662000
1400,000000000000	0,130408240000	0,000290827000	0,000185245000	0,000201953000
1401,000000000000	0,130418430000	0,000346918000	0,000185601000	0,000202586000
1402,000000000000	0,130330530000	0,000339468000	0,000185769000	0,000202773000
1403,000000000000	0,130350470000	0,000313892000	0,000185915000	0,000203032000
1404,000000000000	0,130361960000	0,000334998000	0,000185842000	0,000203800000
1405,000000000000	0,130327390000	0,000360635000	0,000186271000	0,000203188000
1406,000000000000	0,130341150000	0,000351021000	0,000185779000	0,000203354000
1407,000000000000	0,130379300000	0,000333998000	0,000185821000	0,000202492000
1408,000000000000	0,130411600000	0,000306707000	0,000185884000	0,000201911000
1409,000000000000	0,130358060000	0,000330303000	0,000185999000	0,000201600000
1410,000000000000	0,130321210000	0,000364697000	0,000185559000	0,000201278000
1411,000000000000	0,130328910000	0,000333773000	0,000185277000	0,000200894000
1412,000000000000	0,130341150000	0,000330140000	0,000185088000	0,000200479000
1413,000000000000	0,130392310000	0,000303054000	0,000186010000	0,000200075000
1414,000000000000	0,130412460000	0,000329854000	0,000186010000	0,000199867000
1415,000000000000	0,130415390000	0,000311443000	0,000185643000	0,000199276000
1416,000000000000	0,130416470000	0,000282540000	0,000185465000	0,000198996000
1417,000000000000	0,130457330000	0,000311239000	0,000185193000	0,000198166000
1418,000000000000	0,130455820000	0,000315362000	0,000185224000	0,000197771000
1419,000000000000	0,130432510000	0,000311851000	0,000185528000	0,000197553000
1420,000000000000	0,130431000000	0,000306319000	0,000185716000	0,000197232000
1421,000000000000	0,130471100000	0,000296991000	0,000185224000	0,000196754000
1422,000000000000	0,130421570000	0,000336855000	0,000185444000	0,000196287000
1423,000000000000	0,130450070000	0,000346592000	0,000184973000	0,000195883000
1424,000000000000	0,130465240000	0,000303135000	0,000184984000	0,000195634000
1425,000000000000	0,130529300000	0,000303217000	0,000185559000	0,000195177000
1426,000000000000	0,130540780000	0,000345490000	0,000184994000	0,000194710000
1427,000000000000	0,130590420000	0,000348245000	0,000184837000	0,000194503000
1428,000000000000	0,130537860000	0,000306483000	0,000184513000	0,000193932000
1429,000000000000	0,130557800000	0,000297318000	0,000185099000	0,000193787000
1430,000000000000	0,130543170000	0,000316362000	0,000184408000	0,000193216000
1431,000000000000	0,130519870000	0,000328874000	0,000184429000	0,000192770000
1432,000000000000	0,130469900000	0,000333916000	0,000185078000	0,000192251000
1433,000000000000	0,130477060000	0,000305095000	0,000184596000	0,000191888000
1434,000000000000	0,130433710000	0,000320404000	0,000184335000	0,000191577000
1435,000000000000	0,130422870000	0,000363166000	0,000184785000	0,000191130000
1436,000000000000	0,130475320000	0,000318750000	0,000184523000	0,000190726000
1437,000000000000	0,130459610000	0,000315505000	0,000184806000	0,000190238000
1438,000000000000	0,130428400000	0,000314607000	0,000184848000	0,000189875000
1439,000000000000	0,130425800000	0,000347837000	0,000184910000	0,000189657000
1440,000000000000	0,130453110000	0,000333345000	0,000184460000	0,000189014000
1441,000000000000	0,130427420000	0,000328997000	0,000184366000	0,000188744000
1442,000000000000	0,130511200000	0,000270517000	0,000184450000	0,000188474000
1443,000000000000	0,130582290000	0,000319199000	0,000184104000	0,000187955000
1444,001000000000	0,130477820000	0,000340774000	0,000184533000	0,000187603000
1445,000000000000	0,130526260000	0,000320424000	0,000184387000	0,000187291000
1446,000000000000	0,130556930000	0,000303625000	0,000184230000	0,000186565000
1447,000000000000	0,130539370000	0,000320648000	0,000184408000	0,000186388000
1448,001000000000	0,130557800000	0,000358165000	0,000184240000	0,000186036000
1449,000000000000	0,130604290000	0,000292623000	0,000183717000	0,000185621000
1450,000000000000	0,130575680000	0,000282417000	0,000183822000	0,000185164000
1451,000000000000	0,130594860000	0,000304503000	0,000183958000	0,000184749000
1452,000000000000	0,130577960000	0,000337345000	0,000183738000	0,000184189000
1453,000000000000	0,130644930000	0,000334386000	0,000184021000	0,000184012000
1454,000000000000	0,130635940000	0,000302217000	0,000184209000	0,000183514000
1455,000000000000	0,130666070000	0,000303196000	0,000183654000	0,000183130000
1456,000000000000	0,130669970000	0,000333549000	0,000183434000	0,000182663000
1457,000000000000	0,130679510000	0,000335304000	0,000184052000	0,000182518000
1458,000000000000	0,130677450000	0,000318464000	0,000184282000	0,000181771000
1459,000000000000	0,130642010000	0,000288173000	0,000183455000	0,000181740000
1460,000000000000	0,130706710000	0,000314647000	0,000183560000	0,000180972000
1461,000000000000	0,130664440000	0,000329079000	0,000183591000	0,000180920000
1462,000000000000	0,130657290000	0,000305544000	0,000183706000	0,000180350000
1463,000000000000	0,130649270000	0,000306524000	0,000182722000	0,000179914000
1464,000000000000	0,130593670000	0,000343224000	0,000183487000	0,000179623000
1465,000000000000	0,130656200000	0,000347959000	0,000183602000	0,000179125000
1466,000000000000	0,130611230000	0,000304686000	0,000183298000	0,000178710000
1467,000000000000	0,130638430000	0,000282499000	0,000183288000	0,000178399000
1468,000000000000	0,130682430000	0,000325670000	0,000183047000	0,000177963000
1469,000000000000	0,130685250000	0,000338101000	0,000183466000	0,000177672000
1470,000000000000	0,130647860000	0,000334304000	0,000183351000	0,000177143000
1471,000000000000	0,130719390000	0,000292092000	0,000183267000	0,000176739000
1472,000000000000	0,130673330000	0,000325853000	0,000183204000	0,000176251000
1473,000000000000	0,130613940000	0,000333243000	0,000182911000	0,000176012000
1474,000000000000	0,130654900000	0,000326854000	0,000183214000	0,000175649000
1475,000000000000	0,130634750000	0,000295664000	0,000182921000	0,000175161000
1476,000000000000	0,130647320000	0,000330711000	0,000182754000	0,000174591000
1477,000000000000	0,130651650000	0,000330446000	0,000182649000	0,000174217000
1478,000000000000	0,130610690000	0,000331997000	0,000182639000	0,000173885000
1479,000000000000	0,130589990000	0,000313586000	0,000182607000	0,000173429000
1480,000000000000	0,130571890000	0,000318893000	0,000182995000	0,000173221000
1481,000000000000	0,130530270000	0,000339325000	0,000182576000	0,000172567000
1482,000000000000	0,130537420000	0,000330936000	0,000182848000	0,000172381000
1483,000000000000	0,130550000000	0,000313239000	0,000182377000	0,000171903000
1484,000000000000	0,130542190000	0,000295848000	0,000183078000	0,000171550000
1485,000000000000	0,130517160000	0,000340407000	0,000182712000	0,000171146000
1486,000000000000	0,130520630000	0,000330936000	0,000182398000	0,000170482000
1487,000000000000	0,130519650000	0,000310341000	0,000182523000	0,000170222000
1488,000000000000	0,130488330000	0,000304095000	0,000181958000	0,000169828000
1489,000000000000	0,130507840000	0,000304544000	0,000182597000	0,000169600000
1490,000000000000	0,130561810000	0,000326629000	0,000182513000	0,000169081000
1491,000000000000	0,130502420000	0,000324588000	0,000183057000	0,000168770000
1492,000000000000	0,130498410000	0,000320057000	0,000181937000	0,000168220000
1493,000000000000	0,130505450000	0,000319118000	0,000182052000	0,000167857000
1494,000000000000	0,130469040000	0,000356308000	0,000182387000	0,000167317000
1495,000000000000	0,130508490000	0,000313668000	0,000181969000	0,000166829000
1496,000000000000	0,130500140000	0,000306768000	0,000181979000	0,000166559000
1497,000000000000	0,130505450000	0,000326241000	0,000182011000	0,000166207000
1498,000000000000	0,130492010000	0,000330711000	0,000182011000	0,000165937000
1499,000000000000	0,130547180000	0,000318301000	0,000181131000	0,000165543000
1500,000000000000	0,130463080000	0,000313974000	0,000180545000	0,000165065000
1501,000000000000	0,130548690000	0,000288765000	0,000180524000	0,000164692000
1502,000000000000	0,130490710000	0,000328385000	0,000180315000	0,000164183000
1503,000000000000	0,130523010000	0,000300073000	0,000179383000	0,000163799000
1504,000000000000	0,130462430000	0,000344755000	0,000180137000	0,000163332000
1505,000000000000	0,130462210000	0,000314668000	0,000179812000	0,000162917000
1506,000000000000	0,130432840000	0,000330058000	0,000180545000	0,000162658000
1507,000000000000	0,130484540000	0,000317668000	0,000179781000	0,000162243000
1508,000000000000	0,130519110000	0,000333038000	0,000179498000	0,000162046000
1509,000000000000	0,130511740000	0,000316423000	0,000178818000	0,000161361000
1510,000000000000	0,130543490000	0,000301768000	0,000178985000	0,000160873000
1511,000000000000	0,130488870000	0,000326323000	0,000178964000	0,000160728000
1512,000000000000	0,130516620000	0,000316199000	0,000177750000	0,000160240000
1513,000000000000	0,130550210000	0,000291684000	0,000177310000	0,000159649000
1514,000000000000	0,130501550000	0,000335365000	0,000177258000	0,000159255000
1515,000000000000	0,130596920000	0,000330222000	0,000176891000	0,000158912000
1516,000000000000	0,130558020000	0,000293929000	0,000176849000	0,000158466000
1517,000000000000	0,130503070000	0,000316729000	0,000175017000	0,000158092000
1518,000000000000	0,130578280000	0,000284050000	0,000172452000	0,000157781000
1519,000000000000	0,130558120000	0,000330854000	0,000167448000	0,000157200000
1520,000000000000	0,130583380000	0,000321098000	0,000160864000	0,000157003000
1521,000000000000	0,130631930000	0,000296665000	0,000154781000	0,000156733000
1522,000000000000	0,130611880000	0,000321771000	0,000146699000	0,000155986000
1523,000000000000	0,130680480000	0,000330834000	0,000136450000	0,000155737000
1524,000000000000	0,130665960000	0,000340979000	0,000133278000	0,000155291000
1525,000000000000	0,130728710000	0,000308932000	0,000133435000	0,000154928000
1526,000000000000	0,130778780000	0,000279498000	0,000122255000	0,000154378000
1527,000000000000	0,130788420000	0,000338937000	0,000114738000	0,000154129000
1528,000000000000	0,130813780000	0,000313402000	0,000113555000	0,000153683000
1529,000000000000	0,130870900000	0,000307728000	0,000113534000	0,000153288000
1530,000000000000	0,130886510000	0,000267047000	0,000113251000	0,000153039000
1531,000000000000	0,130915330000	0,000302053000	0,000100438000	0,000152448000
1532,000000000000	0,130920320000	0,000312667000	0,000096805000	0,000151991000
1533,000000000000	0,130977330000	0,000299890000	0,000096669000	0,000151670000
1534,000000000000	0,130923900000	0,000309728000	0,000094680000	0,000151431000
1535,000000000000	0,130939610000	0,000313178000	0,000094230000	0,000150943000
1536,000000000000	0,130959120000	0,000334181000	0,000094711000	0,000150435000
1537,000000000000	0,131025440000	0,000314892000	0,000081521000	0,000150124000
1538,000000000000	0,131007130000	0,000256698000	0,000081583000	0,000149459000
1539,000000000000	0,130962370000	0,000281193000	0,000081290000	0,000149376000
1540,000000000000	0,131021540000	0,000293725000	0,000081866000	0,000148982000
1541,000000000000	0,131004530000	0,000310994000	0,000081217000	0,000148411000
1542,000000000000	0,131056010000	0,000300461000	0,000081416000	0,000147768000
1543,000000000000	0,131059150000	0,000286112000	0,000081374000	0,000147602000
1544,000000000000	0,131035850000	0,000321077000	0,000081259000	0,000147363000
1545,000000000000	0,131059580000	0,000314933000	0,000081301000	0,000146928000
1546,000000000000	0,131016560000	0,000326078000	0,000081269000	0,000146440000
1547,000000000000	0,131062830000	0,000313749000	0,000080851000	0,000145849000
1548,000000000000	0,131058280000	0,000309320000	0,000081227000	0,000145662000
1549,000000000000	0,131093830000	0,000322302000	0,000080913000	0,000145382000
1550,000000000000	0,131073350000	0,000293562000	0,000080756000	0,000144894000
1551,000000000000	0,131104450000	0,000289582000	0,000081290000	0,000144479000
1552,000000000000	0,131123740000	0,000304401000	0,000080516000	0,000143877000
1553,001000000000	0,131141840000	0,000321710000	0,000080809000	0,000143794000
1554,000000000000	0,131157560000	0,000329099000	0,000080892000	0,000143088000
1555,000000000000	0,131182920000	0,000276641000	0,000081112000	0,000142808000
1556,000000000000	0,131154200000	0,000290888000	0,000080746000	0,000142383000
1557,000000000000	0,131151700000	0,000316342000	0,000080631000	0,000142269000
1558,000000000000	0,131164600000	0,000315239000	0,000081070000	0,000141719000
1559,000000000000	0,131134040000	0,000294256000	0,000080767000	0,000141428000
1560,000000000000	0,131116810000	0,000297665000	0,000080777000	0,000140764000
1561,000000000000	0,131097520000	0,000308708000	0,000081165000	0,000140318000
1562,000000000000	0,131090900000	0,000316607000	0,000080620000	0,000140069000
1563,000000000000	0,131066090000	0,000321281000	0,000080767000	0,000139747000
1564,000000000000	0,131081480000	0,000287928000	0,000080673000	0,000139322000
1565,000000000000	0,131164380000	0,000294562000	0,000080966000	0,000138907000
1566,000000000000	0,131041480000	0,000359186000	0,000080756000	0,000138232000
1567,000000000000	0,131098600000	0,000284765000	0,000080327000	0,000137454000
1568,000000000000	0,131079960000	0,000270027000	0,000080882000	0,000137465000
1569,000000000000	0,131100550000	0,000320465000	0,000080495000	0,000137174000
1570,000000000000	0,131118430000	0,000317546000	0,000080421000	0,000136873000
1571,000000000000	0,131118540000	0,000324078000	0,000080442000	0,000136396000
1572,000000000000	0,131140320000	0,000273252000	0,000080662000	0,000135929000
1573,001000000000	0,131134800000	0,000290847000	0,000080945000	0,000135721000
1574,000000000000	0,131143250000	0,000324180000	0,000080254000	0,000135296000
1575,000000000000	0,131108350000	0,000327997000	0,000080003000	0,000134767000
1576,000000000000	0,131118650000	0,000286173000	0,000080118000	0,000134549000
1577,000000000000	0,131084290000	0,000322404000	0,000080170000	0,000134040000
1578,000000000000	0,131135990000	0,000354205000	0,000080275000	0,000133584000
1579,000000000000	0,131114860000	0,000328813000	0,000080484000	0,000133304000
1580,000000000000	0,131114420000	0,000307789000	0,000080317000	0,000132951000
1581,000000000000	0,131140540000	0,000320261000	0,000080118000	0,000132339000
1582,000000000000	0,131124180000	0,000350715000	0,000079961000	0,000131924000
1583,000000000000	0,131122120000	0,000336243000	0,000080746000	0,000131301000
1584,000000000000	0,131122550000	0,000282764000	0,000080442000	0,000130990000
1585,000000000000	0,131145530000	0,000284397000	0,000079950000	0,000130761000
1586,000000000000	0,131153440000	0,000325833000	0,000080097000	0,000130533000
1587,000000000000	0,131112800000	0,000345224000	0,000080254000	0,000129911000
1588,000000000000	0,131100660000	0,000337284000	0,000080128000	0,000129651000
1589,000000000000	0,131172190000	0,000295399000	0,000080065000	0,000129039000
1590,000000000000	0,131197660000	0,000281621000	0,000080076000	0,000128811000
1591,000000000000	0,131129810000	0,000341040000	0,000080631000	0,000128375000
1592,000000000000	0,131126240000	0,000318138000	0,000080023000	0,000128022000
1593,000000000000	0,131093940000	0,000305013000	0,000080055000	0,000127493000
1594,000000000000	0,131107810000	0,000306421000	0,000079982000	0,000127078000
1595,000000000000	0,131053840000	0,000333794000	0,000080264000	0,000126621000
1596,000000000000	0,131084730000	0,000318791000	0,000079688000	0,000126186000
1597,000000000000	0,131066630000	0,000321628000	0,000080055000	0,000125864000
1598,000000000000	0,131168720000	0,000293072000	0,000080076000	0,000125604000
1599,000000000000	0,131131220000	0,000339774000	0,000079647000	0,000124961000
1600,000000000000	0,131021330000	0,000336713000	0,000079950000	0,000124577000
1601,000000000000	0,131114640000	0,000302094000	0,000079626000	0,000124276000
1602,000000000000	0,131147590000	0,000280294000	0,000080327000	0,000123799000
1603,000000000000	0,131148990000	0,000334467000	0,000079971000	0,000123374000
1604,000000000000	0,131147590000	0,000337284000	0,000079741000	0,000123104000
1605,000000000000	0,131118650000	0,000287643000	0,000079929000	0,000123498000
1606,000000000000	0,131104780000	0,000294236000	0,000079898000	0,000123944000
1607,000000000000	0,131109870000	0,000307912000	0,000080097000	0,000124463000
1608,000000000000	0,131093290000	0,000379475000	0,000080013000	0,000124847000
1609,000000000000	0,131072480000	0,000331834000	0,000080044000	0,000125055000
1610,000000000000	0,131110950000	0,000274048000	0,000079657000	0,000125656000
1611,000000000000	0,131121140000	0,000289051000	0,000080390000	0,000125843000
1612,000000000000	0,131039100000	0,000367902000	0,000079772000	0,000126528000
1613,001000000000	0,131054490000	0,000353716000	0,000080390000	0,000126403000
1614,000000000000	0,131107490000	0,000302564000	0,000080086000	0,000127119000
1615,000000000000	0,131163190000	0,000289194000	0,000080264000	0,000127597000
1616,000000000000	0,131176090000	0,000335610000	0,000079992000	0,000127918000
1617,000000000000	0,131149320000	0,000325180000	0,000079919000	0,000128406000
1618,000000000000	0,131188770000	0,000297604000	0,000080170000	0,000128738000
1619,000000000000	0,131182480000	0,000298481000	0,000080003000	0,000129039000
1620,000000000000	0,131181180000	0,000325711000	0,000080076000	0,000129558000
1621,000000000000	0,131185190000	0,000340632000	0,000079992000	0,000129890000
1622,000000000000	0,131192890000	0,000290215000	0,000080338000	0,000130274000
1623,000000000000	0,131237100000	0,000299298000	0,000080003000	0,000130876000
1624,000000000000	0,131267230000	0,000324241000	0,000080285000	0,000131125000
1625,000000000000	0,131230390000	0,000316566000	0,000080191000	0,000131415000
1626,000000000000	0,131252060000	0,000310198000	0,000080254000	0,000132038000
1627,000000000000	0,131216840000	0,000294358000	0,000080505000	0,000132505000
1628,000000000000	0,131264420000	0,000330262000	0,000080652000	0,000132868000
1629,000000000000	0,131263770000	0,000339774000	0,000080086000	0,000133138000
1630,000000000000	0,131212720000	0,000339693000	0,000080128000	0,000133418000
1631,000000000000	0,131280670000	0,000298604000	0,000079961000	0,000134030000
1632,000000000000	0,131234610000	0,000309524000	0,000080275000	0,000134352000
1633,000000000000	0,131263980000	0,000300849000	0,000080128000	0,000134912000
1634,000000000000	0,131206870000	0,000334978000	0,000080306000	0,000135088000
1635,000000000000	0,131239490000	0,000290153000	0,000080725000	0,000135296000
1636,000000000000	0,131223450000	0,000317240000	0,000080411000	0,000136157000
1637,000000000000	0,131267670000	0,000318179000	0,000080610000	0,000136344000
1638,001000000000	0,131244910000	0,000314300000	0,000080181000	0,000136790000
1639,000000000000	0,131224420000	0,000288071000	0,000080201000	0,000137350000
1640,000000000000	0,131179120000	0,000309320000	0,000080317000	0,000137672000
1641,000000000000	0,131179340000	0,000333222000	0,000080945000	0,000138326000
1642,000000000000	0,131174900000	0,000336855000	0,000080892000	0,000138284000
1643,000000000000	0,131241550000	0,000310341000	0,000080620000	0,000138928000
1644,000000000000	0,131227460000	0,000295807000	0,000080882000	0,000139000000
1645,000000000000	0,131243170000	0,000324853000	0,000080390000	0,000139841000
1646,000000000000	0,131203510000	0,000330752000	0,000080160000	0,000140069000
1647,000000000000	0,131197440000	0,000332099000	0,000080903000	0,000140463000
1648,000000000000	0,131221390000	0,000299481000	0,000081008000	0,000140941000
1649,000000000000	0,131233420000	0,000312096000	0,000080557000	0,000141179000
1650,000000000000	0,131216410000	0,000321628000	0,000080955000	0,000141729000
1651,000000000000	0,131312210000	0,000329630000	0,000081269000	0,000141667000
1652,000000000000	0,131322720000	0,000308606000	0,000081008000	0,000142321000
1653,000000000000	0,131364010000	0,000316893000	0,000080903000	0,000142590000
1654,000000000000	0,131325000000	0,000333100000	0,000081102000	0,000143244000
1655,000000000000	0,131364120000	0,000298930000	0,000080442000	0,000143555000
1656,000000000000	0,131345700000	0,000291215000	0,000081311000	0,000144033000
1657,000000000000	0,131310800000	0,000291235000	0,000080746000	0,000144448000
1658,000000000000	0,131389480000	0,000332099000	0,000081133000	0,000144769000
1659,000000000000	0,131340170000	0,000358165000	0,000081028000	0,000145070000
1660,000000000000	0,131358700000	0,000303156000	0,000081081000	0,000145672000
1661,000000000000	0,131387640000	0,000302707000	0,000080997000	0,000146596000
1662,000000000000	0,131361630000	0,000316097000	0,000081217000	0,000146409000
1663,000000000000	0,131343960000	0,000355512000	0,000081301000	0,000146917000
1664,000000000000	0,131359030000	0,000303850000	0,000081070000	0,000147052000
1665,000000000000	0,131289020000	0,000297849000	0,000080934000	0,000147478000
1666,000000000000	0,131335190000	0,000313504000	0,000081719000	0,000148038000
1667,000000000000	0,131210010000	0,000331957000	0,000081521000	0,000148588000
1668,000000000000	0,131261380000	0,000324282000	0,000081510000	0,000148754000
1669,000000000000	0,131195600000	0,000304197000	0,000081521000	0,000149148000
1670,000000000000	0,131190180000	0,000312586000	0,000081217000	0,000149885000
1671,000000000000	0,131254880000	0,000331814000	0,000081322000	0,000149989000
1672,000000000000	0,131217710000	0,000334855000	0,000081154000	0,000150445000
1673,000000000000	0,131239160000	0,000297563000	0,000081615000	0,000150943000
1674,000000000000	0,131273840000	0,000300910000	0,000081500000	0,000151369000
1675,000000000000	0,131231900000	0,000296379000	0,000081374000	0,000151763000
1676,000000000000	0,131215210000	0,000302441000	0,000081562000	0,000152043000
1677,000000000000	0,131234830000	0,000290255000	0,000081709000	0,000152510000
1678,000000000000	0,131175110000	0,000302298000	0,000081583000	0,000152780000
1679,000000000000	0,131165360000	0,000328364000	0,000081604000	0,000153506000
1680,000000000000	0,131147800000	0,000340060000	0,000081698000	0,000153797000
1681,000000000000	0,131170130000	0,000309830000	0,000081856000	0,000153952000
1682,000000000000	0,131179010000	0,000303870000	0,000082211000	0,000154502000
1683,000000000000	0,131183780000	0,000294950000	0,000082358000	0,000154959000
1684,000000000000	0,131187360000	0,000323567000	0,000082766000	0,000155467000
1685,000000000000	0,131132630000	0,000315546000	0,000082473000	0,000155716000
1686,000000000000	0,131185730000	0,000267231000	0,000082400000	0,000156111000
1687,000000000000	0,131154630000	0,000319546000	0,000081835000	0,000156432000
1688,000000000000	0,131157450000	0,000327895000	0,000083363000	0,000156930000
1689,000000000000	0,131145310000	0,000310851000	0,000085446000	0,000157262000
1690,000000000000	0,131235050000	0,000308136000	0,000093099000	0,000157657000
1691,000000000000	0,131210010000	0,000302686000	0,000104301000	0,000158072000
1692,000000000000	0,131218680000	0,000305401000	0,000121124000	0,000158663000
1693,000000000000	0,131191480000	0,000321526000	0,000133896000	0,000158974000
1694,000000000000	0,131134800000	0,000301910000	0,000140230000	0,000159400000
1695,000000000000	0,131116370000	0,000303319000	0,000143234000	0,000159805000
1696,000000000000	0,131134360000	0,000323731000	0,000147861000	0,000160168000
1697,000000000000	0,131143900000	0,000345735000	0,000150636000	0,000160687000
1698,000000000000	0,131087540000	0,000291562000	0,000153085000	0,000161050000
1699,000000000000	0,131116480000	0,000297522000	0,000154771000	0,000161465000
1700,000000000000	0,131133820000	0,000300094000	0,000157063000	0,000161828000
1701,000000000000	0,131142380000	0,000297399000	0,000158550000	0,000162243000
1702,000000000000	0,131120060000	0,000307401000	0,000160110000	0,000162544000
1703,000000000000	0,131163840000	0,000292664000	0,000162434000	0,000162990000
1704,000000000000	0,131161020000	0,000301216000	0,000164161000	0,000163447000
1705,000000000000	0,131125370000	0,000323180000	0,000166213000	0,000163623000
1706,000000000000	0,131051240000	0,000303339000	0,000167731000	0,000163976000
1707,000000000000	0,131018730000	0,000301523000	0,000169417000	0,000164432000
1708,000000000000	0,131042130000	0,000300869000	0,000171447000	0,000164962000
1709,000000000000	0,131030650000	0,000323710000	0,000173185000	0,000165148000
1710,000000000000	0,130942100000	0,000305299000	0,000176745000	0,000166072000
1711,000000000000	0,130923790000	0,000313668000	0,000179257000	0,000166269000
1712,000000000000	0,130928560000	0,000318464000	0,000180325000	0,000166508000
1713,000000000000	0,130947410000	0,000323139000	0,000180294000	0,000167172000
1714,000000000000	0,130908180000	0,000329364000	0,000180566000	0,000167327000
1715,000000000000	0,130953590000	0,000313994000	0,000180545000	0,000167691000
1716,000000000000	0,130936680000	0,000327384000	0,000180587000	0,000168157000
1717,000000000000	0,130900700000	0,000334631000	0,000180608000	0,000168780000
1718,000000000000	0,130850630000	0,000329099000	0,000181026000	0,000168946000
1719,000000000000	0,130869820000	0,000302992000	0,000181131000	0,000169486000
1720,000000000000	0,130843910000	0,000305544000	0,000180199000	0,000169766000
1721,001000000000	0,130813350000	0,000357512000	0,000180796000	0,000170285000
1722,000000000000	0,130882170000	0,000291235000	0,000181079000	0,000170658000
1723,000000000000	0,130844130000	0,000300706000	0,000181047000	0,000170876000
1724,000000000000	0,130861360000	0,000293256000	0,000181613000	0,000171405000
1725,000000000000	0,130780510000	0,000305299000	0,000181393000	0,000171810000
1726,000000000000	0,130773140000	0,000325711000	0,000181403000	0,000172391000
1727,000000000000	0,130843480000	0,000299665000	0,000181592000	0,000172630000
1728,000000000000	0,130897990000	0,000291153000	0,000182052000	0,000173107000
1729,000000000000	0,130825160000	0,000328017000	0,000181948000	0,000173283000
1730,000000000000	0,130887050000	0,000329670000	0,000182021000	0,000173761000
1731,000000000000	0,130906660000	0,000306156000	0,000182230000	0,000174290000
1732,000000000000	0,130848250000	0,000285499000	0,000181948000	0,000174829000
1733,000000000000	0,130912730000	0,000284581000	0,000181822000	0,000175047000
1734,000000000000	0,130866890000	0,000330711000	0,000182450000	0,000175556000
1735,001000000000	0,130879140000	0,000332263000	0,000182052000	0,000175711000
1736,000000000000	0,130910460000	0,000310524000	0,000182492000	0,000176427000
1737,000000000000	0,130905360000	0,000300890000	0,000182272000	0,000176666000
1738,000000000000	0,130884230000	0,000349143000	0,000182461000	0,000177029000
1739,000000000000	0,130792430000	0,000316321000	0,000182628000	0,000177569000
1740,000000000000	0,130762960000	0,000283438000	0,000183089000	0,000177953000
1741,000000000000	0,130841100000	0,000290806000	0,000182932000	0,000178378000
1742,000000000000	0,130796550000	0,000327568000	0,000182911000	0,000178876000
1743,000000000000	0,130760900000	0,000321669000	0,000183466000	0,000179073000
1744,000000000000	0,130827330000	0,000276355000	0,000182775000	0,000179499000
1745,000000000000	0,130837300000	0,000287867000	0,000183508000	0,000180007000
1746,000000000000	0,130773360000	0,000316280000	0,000183570000	0,000180370000
1747,000000000000	0,130748980000	0,000337549000	0,000183330000	0,000180920000
1748,000000000000	0,130750600000	0,000337019000	0,000183434000	0,000180962000
1749,000000000000	0,130816060000	0,000294032000	0,000183424000	0,000181626000
1750,001000000000	0,130832430000	0,000334161000	0,000183623000	0,000181719000
1751,000000000000	0,130845000000	0,000326792000	0,000183351000	0,000182435000
1752,000000000000	0,130851070000	0,000309361000	0,000184146000	0,000182995000
1753,000000000000	0,130822020000	0,000310443000	0,000183884000	0,000183182000
1754,000000000000	0,130820400000	0,000323200000	0,000184209000	0,000183317000
1755,000000000000	0,130848570000	0,000334202000	0,000184167000	0,000184002000
1756,000000000000	0,130856810000	0,000321220000	0,000183822000	0,000184521000
1757,000000000000	0,130845970000	0,000294399000	0,000184104000	0,000184656000
1758,000000000000	0,130797850000	0,000293950000	0,000184209000	0,000185123000
1759,000000000000	0,130809770000	0,000351531000	0,000184492000	0,000185558000
1760,000000000000	0,130841850000	0,000317607000	0,000183863000	0,000186160000
1761,000000000000	0,130806310000	0,000311769000	0,000183895000	0,000186368000
1762,000000000000	0,130779540000	0,000315403000	0,000184230000	0,000186669000
1763,000000000000	0,130841200000	0,000338386000	0,000184000000	0,000187125000
1764,000000000000	0,130822240000	0,000318342000	0,000184010000	0,000187385000
1765,000000000000	0,130902110000	0,000331528000	0,000184523000	0,000188059000
1766,000000000000	0,130884340000	0,000274538000	0,000184073000	0,000188350000
1767,000000000000	0,130857240000	0,000329385000	0,000184617000	0,000188630000
1768,000000000000	0,130872090000	0,000348061000	0,000184649000	0,000189045000
1769,000000000000	0,130889540000	0,000322710000	0,000184408000	0,000189512000
1770,000000000000	0,130889320000	0,000318628000	0,000184711000	0,000189761000
1771,000000000000	0,130927800000	0,000301074000	0,000184806000	0,000190217000
1772,000000000000	0,130914790000	0,000330344000	0,000184219000	0,000190798000
1773,000000000000	0,130929310000	0,000325772000	0,000184167000	0,000191224000
1774,000000000000	0,130869820000	0,000309994000	0,000184450000	0,000191514000
1775,000000000000	0,130881520000	0,000295522000	0,000184868000	0,000192178000
1776,000000000000	0,130832210000	0,000326323000	0,000185203000	0,000192531000
1777,000000000000	0,130813780000	0,000321975000	0,000185015000	0,000192697000
1778,000000000000	0,130792760000	0,000306197000	0,000185005000	0,000193092000
1779,000000000000	0,130767940000	0,000336080000	0,000184994000	0,000193538000
1780,000000000000	0,130750170000	0,000312280000	0,000185193000	0,000194150000
1781,000000000000	0,130815090000	0,000305136000	0,000185214000	0,000194337000
1782,000000000000	0,130758950000	0,000298624000	0,000185528000	0,000194939000
1783,000000000000	0,130779210000	0,000298073000	0,000185193000	0,000195343000
1784,000000000000	0,130801970000	0,000330773000	0,000185183000	0,000195665000
1785,000000000000	0,130832100000	0,000336121000	0,000184994000	0,000195789000
1786,000000000000	0,130877510000	0,000312116000	0,000184806000	0,000196360000
1787,001000000000	0,130826030000	0,000309157000	0,000185371000	0,000196910000
1788,000000000000	0,130881090000	0,000324915000	0,000185423000	0,000197408000
1789,000000000000	0,130893010000	0,000306156000	0,000185737000	0,000197398000
1790,000000000000	0,130908610000	0,000295930000	0,000185256000	0,000198010000
1791,000000000000	0,130871770000	0,000317913000	0,000185350000	0,000198404000
1792,000000000000	0,130842180000	0,000319158000	0,000185664000	0,000198767000
1793,000000000000	0,130886510000	0,000328589000	0,000185214000	0,000199234000
1794,000000000000	0,130832640000	0,000318526000	0,000185099000	0,000199701000
1795,000000000000	0,130837840000	0,000288949000	0,000185245000	0,000199930000
1796,000000000000	0,130914030000	0,000305768000	0,000186062000	0,000200168000
1797,000000000000	0,130854210000	0,000357614000	0,000185999000	0,000200780000
1798,000000000000	0,130837300000	0,000324302000	0,000185601000	0,000201351000
1799,000000000000	0,130893440000	0,000256351000	0,000185664000	0,000201693000
1800,000000000000	0,130874370000	0,000293582000	0,000185758000	0,000201870000
1801,000000000000	0,130870470000	0,000341264000	0,000185936000	0,000202409000
1802,000000000000	0,130889650000	0,000324139000	0,000185915000	0,000202835000
1803,000000000000	0,130891820000	0,000329283000	0,000185853000	0,000203333000
1804,000000000000	0,130971040000	0,000311749000	0,000186156000	0,000203738000
1805,000000000000	0,131003880000	0,000346776000	0,000185863000	0,000203167000
1806,000000000000	0,131001060000	0,000347245000	0,000186051000	0,000203001000
1807,000000000000	0,131002250000	0,000325976000	0,000185664000	0,000202534000
1808,000000000000	0,131060340000	0,000289316000	0,000185696000	0,000202223000
1809,000000000000	0,130978190000	0,000331446000	0,000185675000	0,000201507000
1810,000000000000	0,131006370000	0,000327925000	0,000185570000	0,000201310000
1811,000000000000	0,131029240000	0,000337917000	0,000185538000	0,000200822000
1812,000000000000	0,131030210000	0,000295420000	0,000185727000	0,000200521000
1813,000000000000	0,131024470000	0,000322302000	0,000185528000	0,000199971000
1814,000000000000	0,131024470000	0,000335284000	0,000185549000	0,000199514000
1815,000000000000	0,130998350000	0,000327364000	0,000185005000	0,000199276000
1816,000000000000	0,131034220000	0,000299277000	0,000185643000	0,000198757000
1817,000000000000	0,131013520000	0,000345143000	0,000185559000	0,000198518000
1818,000000000000	0,131070200000	0,000344061000	0,000185465000	0,000198134000
1819,000000000000	0,131107270000	0,000333487000	0,000185026000	0,000197730000
1820,000000000000	0,131097080000	0,000301216000	0,000185172000	0,000197128000
1821,000000000000	0,131119950000	0,000310096000	0,000185664000	0,000196889000
1822,001000000000	0,131107380000	0,000321608000	0,000184952000	0,000196547000
1823,000000000000	0,131075730000	0,000332446000	0,000184680000	0,000195997000
1824,000000000000	0,131185950000	0,000308891000	0,000185748000	0,000195582000
1825,000000000000	0,131165360000	0,000322465000	0,000185779000	0,000195167000
1826,000000000000	0,131163950000	0,000323241000	0,000185245000	0,000194773000
1827,000000000000	0,131193430000	0,000322873000	0,000185193000	0,000194617000
1828,000000000000	0,131147690000	0,000294072000	0,000185193000	0,000194015000
1829,000000000000	0,131133610000	0,000279784000	0,000185015000	0,000193693000
1830,000000000000	0,131132950000	0,000329773000	0,000184984000	0,000193143000
1831,000000000000	0,131112470000	0,000327854000	0,000184586000	0,000192853000
1832,001000000000	0,131166880000	0,000314852000	0,000184837000	0,000192137000
1833,000000000000	0,131207730000	0,000265700000	0,000184868000	0,000192095000
1834,000000000000	0,131199930000	0,000296501000	0,000184010000	0,000191639000
1835,000000000000	0,131160480000	0,000326731000	0,000184628000	0,000191296000
1836,000000000000	0,131253690000	0,000323914000	0,000185078000	0,000191027000
1837,001000000000	0,131228760000	0,000273395000	0,000184492000	0,000190041000
1838,000000000000	0,131199930000	0,000302707000	0,000184303000	0,000189948000
1839,000000000000	0,131181070000	0,000326405000	0,000184450000	0,000189595000
1840,000000000000	0,131154520000	0,000299481000	0,000184136000	0,000189107000
1841,000000000000	0,131136960000	0,000312484000	0,000184607000	0,000188516000
1842,000000000000	0,131142490000	0,000286153000	0,000184502000	0,000188267000
1843,000000000000	0,131074210000	0,000319403000	0,000184230000	0,000187841000
1844,000000000000	0,131091120000	0,000314464000	0,000184376000	0,000187540000
1845,000000000000	0,131073560000	0,000285765000	0,000184513000	0,000187219000
1846,000000000000	0,130945250000	0,000270762000	0,000184146000	0,000186731000
1847,000000000000	0,131049400000	0,000306299000	0,000184628000	0,000186295000
1848,000000000000	0,130991630000	0,000298604000	0,000183916000	0,000185766000
1849,000000000000	0,130993580000	0,000267741000	0,000184041000	0,000185839000
1850,000000000000	0,130963340000	0,000285948000	0,000183905000	0,000185174000
1851,000000000000	0,130959440000	0,000307707000	0,000183958000	0,000184583000
1852,000000000000	0,130979820000	0,000310463000	0,000184115000	0,000184376000
1853,001000000000	0,130865810000	0,000322996000	0,000183665000	0,000184002000
1854,000000000000	0,130914900000	0,000303217000	0,000183853000	0,000183566000
1855,000000000000	0,130968110000	0,000304074000	0,000183748000	0,000183203000
1856,000000000000	0,130966920000	0,000306911000	0,000184429000	0,000182923000
1857,000000000000	0,130947520000	0,000301400000	0,000183895000	0,000182300000
1858,000000000000	0,130948710000	0,000266557000	0,000184240000	0,000181823000
1859,000000000000	0,130945680000	0,000276743000	0,000183340000	0,000181460000
1860,000000000000	0,130958680000	0,000307952000	0,000183926000	0,000181128000
1861,000000000000	0,131022090000	0,000308361000	0,000183476000	0,000180661000
1862,000000000000	0,131067060000	0,000281274000	0,000183853000	0,000180412000
1863,000000000000	0,131083430000	0,000290357000	0,000183267000	0,000179955000
1864,000000000000	0,131065330000	0,000319403000	0,000183298000	0,000179478000
1865,000000000000	0,131038120000	0,000288643000	0,000183005000	0,000179136000
1866,000000000000	0,131034980000	0,000274110000	0,000183309000	0,000178575000
1867,000000000000	0,131074860000	0,000264628000	0,000183382000	0,000178388000
1868,000000000000	0,131063160000	0,000334018000	0,000183633000	0,000177828000
1869,000000000000	0,131073460000	0,000319097000	0,000183424000	0,000177195000
1870,000000000000	0,131076710000	0,000293909000	0,000183623000	0,000176925000
1871,001000000000	0,130979490000	0,000289725000	0,000183152000	0,000176583000
1872,000000000000	0,131038450000	0,000299828000	0,000183225000	0,000176324000
1873,000000000000	0,131030760000	0,000303033000	0,000183036000	0,000175722000
1874,000000000000	0,131020460000	0,000300788000	0,000182806000	0,000175566000
1875,000000000000	0,131087330000	0,000301237000	0,000182136000	0,000175110000
1876,000000000000	0,131082560000	0,000288724000	0,000182984000	0,000174746000
1877,000000000000	0,131025990000	0,000333426000	0,000182649000	0,000174238000
1878,000000000000	0,130998890000	0,000300808000	0,000183110000	0,000173916000
1879,000000000000	0,130992060000	0,000289500000	0,000183497000	0,000173553000
1880,000000000000	0,131046040000	0,000285520000	0,000182639000	0,000173294000
1881,000000000000	0,131022840000	0,000313729000	0,000183078000	0,000172526000
1882,000000000000	0,131024900000	0,000317648000	0,000182513000	0,000172215000
1883,000000000000	0,131049400000	0,000288173000	0,000182471000	0,000171779000
1884,000000000000	0,131061320000	0,000291419000	0,000181812000	0,000171457000
1885,000000000000	0,131070530000	0,000321792000	0,000182628000	0,000170949000
1886,000000000000	0,131087000000	0,000305809000	0,000182283000	0,000170679000
1887,000000000000	0,131115070000	0,000316280000	0,000182408000	0,000170119000
1888,000000000000	0,131159830000	0,000293909000	0,000182335000	0,000169652000
1889,000000000000	0,131124610000	0,000329262000	0,000182209000	0,000169247000
1890,000000000000	0,131134150000	0,000298767000	0,000182157000	0,000168873000
1891,000000000000	0,131103370000	0,000300094000	0,000182199000	0,000168552000
1892,000000000000	0,131127100000	0,000257923000	0,000182555000	0,000169102000
1893,000000000000	0,131173270000	0,000285724000	0,000181990000	0,000167950000
1894,000000000000	0,131133820000	0,000355879000	0,000182335000	0,000167587000
1895,000000000000	0,131237970000	0,000301359000	0,000182482000	0,000167192000
1896,000000000000	0,131170560000	0,000278906000	0,000181780000	0,000166425000
1897,000000000000	0,131179670000	0,000282438000	0,000182220000	0,000166342000
1898,000000000000	0,131170020000	0,000312667000	0,000182031000	0,000165958000
1899,000000000000	0,131203400000	0,000307360000	0,000181749000	0,000165428000
1900,000000000000	0,131239810000	0,000280825000	0,000180398000	0,000164930000
1901,000000000000	0,131252170000	0,000282356000	0,000180241000	0,000164578000
1902,000000000000	0,131194400000	0,000349307000	0,000180315000	0,000164028000
1903,000000000000	0,131219330000	0,000299543000	0,000180848000	0,000164723000
1904,000000000000	0,131213150000	0,000289316000	0,000179833000	0,000163301000
1905,000000000000	0,131179770000	0,000301237000	0,000180021000	0,000162949000
1906,000000000000	0,131183020000	0,000311810000	0,000180419000	0,000162523000
1907,000000000000	0,131187580000	0,000300910000	0,000180032000	0,000162170000
1908,000000000000	0,131156360000	0,000294317000	0,000179864000	0,000161672000
1909,000000000000	0,131172840000	0,000289827000	0,000179121000	0,000161589000
1910,000000000000	0,131158310000	0,000314811000	0,000178524000	0,000161039000
1911,000000000000	0,131146390000	0,000319710000	0,000178598000	0,000160666000
1912,000000000000	0,131215320000	0,000303033000	0,000177614000	0,000160137000
1913,000000000000	0,131186930000	0,000293766000	0,000177436000	0,000159939000
1914,000000000000	0,131192890000	0,000281968000	0,000177509000	0,000159483000
1915,000000000000	0,131213150000	0,000307034000	0,000176902000	0,000158954000
1916,000000000000	0,131303430000	0,000273906000	0,000177059000	0,000158310000
1917,000000000000	0,131230820000	0,000277886000	0,000173416000	0,000158061000
1918,000000000000	0,131217380000	0,000292235000	0,000171228000	0,000157823000
1919,000000000000	0,131217380000	0,000330324000	0,000166203000	0,000157366000
1920,000000000000	0,131191590000	0,000296685000	0,000162162000	0,000156972000
1921,000000000000	0,131239160000	0,000290500000	0,000157545000	0,000155872000
1922,000000000000	0,131236560000	0,000289378000	0,000153420000	0,000156194000
1923,000000000000	0,131211090000	0,000324690000	0,000139005000	0,000155716000
1924,000000000000	0,131228760000	0,000320812000	0,000136461000	0,000155218000
1925,000000000000	0,131276770000	0,000288092000	0,000136147000	0,000155000000
1926,000000000000	0,131208600000	0,000283519000	0,000126505000	0,000154388000
1927,000000000000	0,131301590000	0,000311218000	0,000113911000	0,000154264000
1928,000000000000	0,131349930000	0,000320975000	0,000113398000	0,000153776000
1929,000000000000	0,131354910000	0,000318240000	0,000114068000	0,000153319000
1930,000000000000	0,131384610000	0,000311443000	0,000113492000	0,000152842000
1931,000000000000	0,131367810000	0,000305625000	0,000100165000	0,000152396000
1932,000000000000	0,131386230000	0,000311055000	0,000097192000	0,000152074000
1933,000000000000	0,131404010000	0,000309136000	0,000097444000	0,000151701000
1934,000000000000	0,131404440000	0,000274314000	0,000096794000	0,000151286000
1935,000000000000	0,131420700000	0,000309769000	0,000096690000	0,000150715000
1936,000000000000	0,131512820000	0,000297930000	0,000087749000	0,000150362000
1937,000000000000	0,131484310000	0,000305054000	0,000081541000	0,000150082000
1938,000000000000	0,131524950000	0,000301727000	0,000081667000	0,000149698000
1939,000000000000	0,131578820000	0,000284948000	0,000081876000	0,000149439000
1940,000000000000	0,131601580000	0,000302013000	0,000081060000	0,000148961000
1941,000000000000	0,131575570000	0,000314321000	0,000081322000	0,000148505000
1942,000000000000	0,131588790000	0,000292644000	0,000081625000	0,000148287000
1943,000000000000	0,131592040000	0,000277641000	0,000081541000	0,000147623000
1944,000000000000	0,131500570000	0,000300441000	0,000081008000	0,000147239000
1945,000000000000	0,131633870000	0,000327446000	0,000081144000	0,000146668000
1946,000000000000	0,131639620000	0,000287112000	0,000081719000	0,000146502000
1947,000000000000	0,131687950000	0,000296848000	0,000081301000	0,000146077000
1948,000000000000	0,131693910000	0,000297644000	0,000081123000	0,000145849000
1949,000000000000	0,131688820000	0,000316444000	0,000081196000	0,000145247000
1950,000000000000	0,131658260000	0,000301298000	0,000080871000	0,000144935000
1951,000000000000	0,131766530000	0,000274273000	0,000081395000	0,000144458000
1952,000000000000	0,131728490000	0,000277600000	0,000080976000	0,000144116000
1953,000000000000	0,131714070000	0,000328854000	0,000081081000	0,000143804000
1954,000000000000	0,131767830000	0,000310769000	0,000080830000	0,000143337000
1955,000000000000	0,131773570000	0,000257964000	0,000081269000	0,000142839000
1956,000000000000	0,131764140000	0,000275130000	0,000081154000	0,000142206000
1957,000000000000	0,131796550000	0,000290929000	0,000080767000	0,000141999000
1958,000000000000	0,131814650000	0,000295767000	0,000080620000	0,000141407000
1959,000000000000	0,131790260000	0,000289418000	0,000081018000	0,000141418000
1960,000000000000	0,131853770000	0,000263067000	0,000080421000	0,000140878000
1961,000000000000	0,131901130000	0,000302176000	0,000080683000	0,000140391000
1962,000000000000	0,131862870000	0,000319301000	0,000080945000	0,000139965000
1963,000000000000	0,131888990000	0,000283030000	0,000081206000	0,000139675000
1964,000000000000	0,131942210000	0,000252310000	0,000080160000	0,000139436000
1965,000000000000	0,131876310000	0,000282519000	0,000080453000	0,000138762000
1966,000000000000	0,131904270000	0,000285397000	0,000080673000	0,000138409000
1967,000000000000	0,131973420000	0,000260495000	0,000080379000	0,000138035000
1968,000000000000	0,131914570000	0,000265333000	0,000080285000	0,000137475000
1969,000000000000	0,131875120000	0,000272824000	0,000080830000	0,000137008000
1970,000000000000	0,131954990000	0,000305380000	0,000080379000	0,000136873000
1971,000000000000	0,131904490000	0,000304217000	0,000080379000	0,000136448000
1972,000000000000	0,131882060000	0,000265231000	0,000080065000	0,000135970000
1973,000000000000	0,131905680000	0,000303482000	0,000080704000	0,000135607000
1974,000000000000	0,131921290000	0,000293276000	0,000080725000	0,000135379000
1975,000000000000	0,131902110000	0,000293501000	0,000080317000	0,000134725000
1976,000000000000	0,131931800000	0,000273987000	0,000080421000	0,000134383000
1977,000000000000	0,131875770000	0,000270068000	0,000080589000	0,000133854000
1978,000000000000	0,131878800000	0,000301910000	0,000080065000	0,000133625000
1979,000000000000	0,131926270000	0,000293297000	0,000080557000	0,000133532000
1980,000000000000	0,131853010000	0,000275600000	0,000079730000	0,000132899000
1981,000000000000	0,131838380000	0,000271191000	0,000081049000	0,000132453000
1982,000000000000	0,131834150000	0,000294685000	0,000080044000	0,000131924000
1983,000000000000	0,131890510000	0,000296297000	0,000080390000	0,000131643000
1984,000000000000	0,131822450000	0,000274804000	0,000080453000	0,000131228000
1985,000000000000	0,131852580000	0,000264516000	0,000080788000	0,000130782000
1986,000000000000	0,131885420000	0,000274191000	0,000079751000	0,000130367000
1987,000000000000	0,131872630000	0,000306850000	0,000080044000	0,000130077000
1988,000000000000	0,131885960000	0,000304605000	0,000080233000	0,000129433000
1989,000000000000	0,131914350000	0,000300114000	0,000079762000	0,000129413000
1990,000000000000	0,131928880000	0,000278396000	0,000080149000	0,000128821000
1991,000000000000	0,131928010000	0,000318954000	0,000079741000	0,000128188000
1992,000000000000	0,131954020000	0,000303748000	0,000080212000	0,000127877000
1993,000000000000	0,132003000000	0,000284295000	0,000079856000	0,000127669000
1994,000000000000	0,131963560000	0,000304605000	0,000079992000	0,000127161000
1995,001000000000	0,132048850000	0,000312708000	0,000080170000	0,000126984000
1996,000000000000	0,132071280000	0,000283050000	0,000080463000	0,000126165000
1997,000000000000	0,132082450000	0,000267680000	0,000079626000	0,000125936000
1998,000000000000	0,132121790000	0,000289153000	0,000080222000	0,000125470000
1999,000000000000	0,132072370000	0,000306115000	0,000079846000	0,000125106000
2000,000000000000	0,132088950000	0,000295317000	0,000079804000	0,000124608000
2001,000000000000	0,132094040000	0,000277927000	0,000080107000	0,000124069000
2002,000000000000	0,132049930000	0,000258229000	0,000079636000	0,000123840000
2003,000000000000	0,132012000000	0,000308932000	0,000079940000	0,000123633000
2004,000000000000	0,131975370000	0,000348980000	0,000079615000	0,000123145000
2005,000000000000	0,132023810000	0,000276090000	0,000079825000	0,000123488000
2006,000000000000	0,131989130000	0,000308646000	0,000079448000	0,000123934000
2007,000000000000	0,132008210000	0,000286724000	0,000079542000	0,000124619000
2008,000000000000	0,131946000000	0,000318158000	0,000080097000	0,000124868000
2009,000000000000	0,131961060000	0,000282213000	0,000080432000	0,000125293000
2010,000000000000	0,131913380000	0,000266537000	0,000080107000	0,000125366000
2011,001000000000	0,131867530000	0,000304829000	0,000079887000	0,000125833000
2012,000000000000	0,131887260000	0,000308116000	0,000080086000	0,000126237000
2013,000000000000	0,131917710000	0,000281560000	0,000079762000	0,000126611000
2014,000000000000	0,131897660000	0,000267721000	0,000080086000	0,000126984000
2015,000000000000	0,131848350000	0,000292337000	0,000080296000	0,000127514000
2016,000000000000	0,131906770000	0,000288745000	0,000079814000	0,000127908000
2017,000000000000	0,131858650000	0,000289357000	0,000080191000	0,000128572000
2018,000000000000	0,131870780000	0,000282723000	0,000080201000	0,000128852000
2019,000000000000	0,131957920000	0,000272028000	0,000080254000	0,000129184000
2020,000000000000	0,131896250000	0,000303421000	0,000080379000	0,000129662000
2021,000000000000	0,131875340000	0,000312096000	0,000080495000	0,000129931000
2022,000000000000	0,131880650000	0,000271762000	0,000080578000	0,000130263000
2023,000000000000	0,131859190000	0,000250881000	0,000080170000	0,000130938000
2024,000000000000	0,131820060000	0,000319240000	0,000080568000	0,000131083000
2025,000000000000	0,131879560000	0,000294256000	0,000080358000	0,000131623000
2026,000000000000	0,131890620000	0,000273640000	0,000080013000	0,000132017000
2027,000000000000	0,131872190000	0,000254984000	0,000080317000	0,000132141000
2028,000000000000	0,131851820000	0,000293848000	0,000080181000	0,000132681000
2029,000000000000	0,131914140000	0,000290949000	0,000080526000	0,000133480000
2030,000000000000	0,131869810000	0,000289010000	0,000080097000	0,000133636000
2031,000000000000	0,131871870000	0,000261209000	0,000080861000	0,000133916000
2032,000000000000	0,131913160000	0,000283662000	0,000080044000	0,000134528000
2033,000000000000	0,131885960000	0,000297808000	0,000080756000	0,000134684000
2034,000000000000	0,131850950000	0,000281927000	0,000080097000	0,000135410000
2035,000000000000	0,131854420000	0,000265108000	0,000080536000	0,000135524000
2036,000000000000	0,131888450000	0,000280152000	0,000080631000	0,000136022000
2037,000000000000	0,131859950000	0,000303237000	0,000080285000	0,000136500000
2038,000000000000	0,131879460000	0,000323261000	0,000081008000	0,000136717000
2039,000000000000	0,131887150000	0,000278498000	0,000080516000	0,000137174000
2040,000000000000	0,131869270000	0,000282703000	0,000080505000	0,000137662000
2041,000000000000	0,131863630000	0,000304707000	0,000080756000	0,000138097000
2042,000000000000	0,131851820000	0,000302788000	0,000080327000	0,000138388000
2043,000000000000	0,131909040000	0,000267353000	0,000080777000	0,000138834000
2044,000000000000	0,131854200000	0,000267537000	0,000080557000	0,000139311000
2045,000000000000	0,131847920000	0,000311116000	0,000080557000	0,000139810000
2046,000000000000	0,131845750000	0,000284928000	0,000080568000	0,000140225000
2047,000000000000	0,131922700000	0,000294766000	0,000080798000	0,000140640000
2048,000000000000	0,131898200000	0,000279968000	0,000080589000	0,000140712000
2049,000000000000	0,131894410000	0,000288765000	0,000080432000	0,000141210000
2050,000000000000	0,131854750000	0,000291092000	0,000080641000	0,000141677000
2051,000000000000	0,131891590000	0,000274885000	0,000080966000	0,000142134000
2052,000000000000	0,131887580000	0,000282356000	0,000080777000	0,000142528000
2053,000000000000	0,131927680000	0,000270231000	0,000081301000	0,000142767000
2054,000000000000	0,131851490000	0,000313545000	0,000081175000	0,000143358000
2055,000000000000	0,131907740000	0,000297399000	0,000080610000	0,000143784000
2056,000000000000	0,131903730000	0,000265026000	0,000081112000	0,000143960000
2057,000000000000	0,131956190000	0,000258474000	0,000081395000	0,000144666000
2058,000000000000	0,131954780000	0,000315382000	0,000081008000	0,000144884000
2059,000000000000	0,131992060000	0,000290623000	0,000080809000	0,000144956000
2060,000000000000	0,131956510000	0,000283458000	0,000081049000	0,000145714000
2061,000000000000	0,131990540000	0,000261373000	0,000081133000	0,000146129000
2062,000000000000	0,131984910000	0,000303074000	0,000081133000	0,000146481000
2063,000000000000	0,131978290000	0,000300747000	0,000081678000	0,000146917000
2064,000000000000	0,131962910000	0,000276294000	0,000081562000	0,000147083000
2065,000000000000	0,132011570000	0,000249534000	0,000081384000	0,000147706000
2066,000000000000	0,131958790000	0,000304197000	0,000081405000	0,000148245000
2067,000000000000	0,132052530000	0,000300278000	0,000081091000	0,000148681000
2068,000000000000	0,132073780000	0,000270497000	0,000081280000	0,000148941000
2069,000000000000	0,131982960000	0,000279498000	0,000081311000	0,000149273000
2070,000000000000	0,132003110000	0,000265088000	0,000081238000	0,000149667000
2071,000000000000	0,131993790000	0,000300482000	0,000081510000	0,000150030000
2072,000000000000	0,132006260000	0,000286316000	0,000081133000	0,000150383000
2073,000000000000	0,131974390000	0,000305625000	0,000081217000	0,000151275000
2074,000000000000	0,131986530000	0,000278090000	0,000081698000	0,000151306000
2075,000000000000	0,132061850000	0,000301727000	0,000081363000	0,000151794000
2076,000000000000	0,132166650000	0,000282560000	0,000081636000	0,000152064000
2077,000000000000	0,132129910000	0,000251657000	0,000081646000	0,000152520000
2078,000000000000	0,132094480000	0,000270701000	0,000081856000	0,000152987000
2079,000000000000	0,132126550000	0,000259474000	0,000082075000	0,000153485000
2080,000000000000	0,132158740000	0,000297522000	0,000082295000	0,000153745000
2081,001000000000	0,132158200000	0,000227571000	0,000081992000	0,000154170000
2082,001000000000	0,132133170000	0,000252943000	0,000081793000	0,000154689000
2083,000000000000	0,132118210000	0,000290868000	0,000081876000	0,000154980000
2084,000000000000	0,132124390000	0,000288908000	0,000082002000	0,000155229000
2085,000000000000	0,132121890000	0,000279825000	0,000082337000	0,000155799000
2086,000000000000	0,132093070000	0,000253392000	0,000081908000	0,000156204000
2087,000000000000	0,132036170000	0,000283989000	0,000082662000	0,000156629000
2088,000000000000	0,132000730000	0,000289296000	0,000083551000	0,000157044000
2089,000000000000	0,131992600000	0,000259413000	0,000084609000	0,000157345000
2090,000000000000	0,131987620000	0,000258270000	0,000091424000	0,000157657000
2091,000000000000	0,131988050000	0,000251024000	0,000100762000	0,000158310000
2092,000000000000	0,131945240000	0,000307748000	0,000117198000	0,000158622000
2093,000000000000	0,131911210000	0,000263516000	0,000130703000	0,000158777000
2094,000000000000	0,131838490000	0,000261332000	0,000138774000	0,000159576000
2095,000000000000	0,131809550000	0,000276784000	0,000142899000	0,000159939000
2096,000000000000	0,131749730000	0,000314749000	0,000147484000	0,000160427000
2097,000000000000	0,131722090000	0,000302013000	0,000150123000	0,000160676000
2098,000000000000	0,131742470000	0,000241879000	0,000152478000	0,000161351000
2099,000000000000	0,131762950000	0,000263659000	0,000154970000	0,000161527000
2100,000000000000	0,131700200000	0,000326813000	0,000157545000	0,000162056000
2101,000000000000	0,131649910000	0,000319444000	0,000158278000	0,000162295000
2102,000000000000	0,131704320000	0,000271027000	0,000160204000	0,000162731000
2103,000000000000	0,131666170000	0,000270129000	0,000162664000	0,000163042000
2104,000000000000	0,131651210000	0,000299624000	0,000164329000	0,000163519000
2105,000000000000	0,131676030000	0,000293460000	0,000165826000	0,000163789000
2106,000000000000	0,131666060000	0,000298665000	0,000167668000	0,000164163000
2107,000000000000	0,131672780000	0,000265761000	0,000168966000	0,000164754000
2108,000000000000	0,131709520000	0,000291215000	0,000171803000	0,000165076000
2109,000000000000	0,131628890000	0,000308993000	0,000173070000	0,000165501000
2110,000000000000	0,131622060000	0,000318301000	0,000175551000	0,000166020000
2111,000000000000	0,131584240000	0,000267680000	0,000178430000	0,000166227000
2112,001000000000	0,131629210000	0,000272681000	0,000180304000	0,000166705000
2113,000000000000	0,131548360000	0,000325404000	0,000180063000	0,000166995000
2114,000000000000	0,131561480000	0,000322812000	0,000180346000	0,000167607000
2115,000000000000	0,131578380000	0,000276722000	0,000180304000	0,000167940000
2116,000000000000	0,131609050000	0,000294338000	0,000180650000	0,000168500000
2117,000000000000	0,131595620000	0,000296052000	0,000180848000	0,000168988000
2118,000000000000	0,131592360000	0,000324915000	0,000180953000	0,000169122000
2119,000000000000	0,131643300000	0,000271374000	0,000181016000	0,000169403000
2120,001000000000	0,131631810000	0,000257535000	0,000181393000	0,000170119000
2121,000000000000	0,131547060000	0,000328793000	0,000180838000	0,000170347000
2122,000000000000	0,131580440000	0,000308279000	0,000181361000	0,000170783000
2123,000000000000	0,131546850000	0,000280988000	0,000181403000	0,000170886000
2124,000000000000	0,131533520000	0,000288786000	0,000181560000	0,000171582000
2125,000000000000	0,131526360000	0,000285418000	0,000181466000	0,000171696000
2126,000000000000	0,131564190000	0,000290868000	0,000181833000	0,000172412000
2127,000000000000	0,131550100000	0,000288439000	0,000181937000	0,000173086000
2128,000000000000	0,131560180000	0,000260964000	0,000181539000	0,000173159000
2129,000000000000	0,131570040000	0,000310055000	0,000181906000	0,000173709000
2130,000000000000	0,131532650000	0,000286704000	0,000181948000	0,000173771000
2131,000000000000	0,131528310000	0,000282356000	0,000181979000	0,000174342000
2132,000000000000	0,131520620000	0,000274089000	0,000181812000	0,000174694000
2133,000000000000	0,131544140000	0,000284030000	0,000182283000	0,000175089000
2134,000000000000	0,131533620000	0,000275988000	0,000182199000	0,000175442000
2135,000000000000	0,131610460000	0,000274538000	0,000181801000	0,000176002000
2136,000000000000	0,131571230000	0,000300767000	0,000182607000	0,000176448000
2137,000000000000	0,131590630000	0,000284193000	0,000182869000	0,000176707000
2138,000000000000	0,131610250000	0,000304686000	0,000183057000	0,000177216000
2139,000000000000	0,131591820000	0,000305952000	0,000183455000	0,000177475000
2140,001000000000	0,131633870000	0,000271885000	0,000182147000	0,000177870000
2141,000000000000	0,131638750000	0,000276559000	0,000182544000	0,000178347000
2142,000000000000	0,131551180000	0,000323894000	0,000183089000	0,000178710000
2143,000000000000	0,131627050000	0,000303972000	0,000182921000	0,000179291000
2144,000000000000	0,131587600000	0,000285234000	0,000183120000	0,000179561000
2145,000000000000	0,131541970000	0,000282683000	0,000183455000	0,000179966000
2146,000000000000	0,131605150000	0,000311300000	0,000183340000	0,000180412000
2147,000000000000	0,131589660000	0,000290051000	0,000183277000	0,000180692000
2148,000000000000	0,131582290000	0,000282438000	0,000183633000	0,000181128000
2149,000000000000	0,131585320000	0,000262332000	0,000183591000	0,000181522000
2150,000000000000	0,131562340000	0,000310218000	0,000183591000	0,000181927000
2151,000000000000	0,131435760000	0,000337427000	0,000183591000	0,000182446000
2152,000000000000	0,131470010000	0,000308606000	0,000183759000	0,000182840000
2153,000000000000	0,131581090000	0,000304482000	0,000183895000	0,000183411000
2154,000000000000	0,131607000000	0,000281744000	0,000184240000	0,000183556000
2155,000000000000	0,131618380000	0,000333079000	0,000183706000	0,000184002000
2156,000000000000	0,131588350000	0,000324812000	0,000184649000	0,000184542000
2157,001000000000	0,131586190000	0,000301625000	0,000183748000	0,000184915000
2158,000000000000	0,131655110000	0,000302523000	0,000184198000	0,000185174000
2159,000000000000	0,131662590000	0,000303380000	0,000184115000	0,000185776000
2160,000000000000	0,131640480000	0,000319260000	0,000183863000	0,000186036000
2161,001000000000	0,131630400000	0,000284275000	0,000184502000	0,000186440000
2162,000000000000	0,131590850000	0,000280070000	0,000184209000	0,000186845000
2163,000000000000	0,131688820000	0,000286887000	0,000183884000	0,000187229000
2164,000000000000	0,131697820000	0,000310300000	0,000184429000	0,000187748000
2165,000000000000	0,131659450000	0,000298196000	0,000184021000	0,000187727000
2166,000000000000	0,131602010000	0,000299502000	0,000184513000	0,000188277000
2167,001000000000	0,131683940000	0,000292439000	0,000183790000	0,000188858000
2168,000000000000	0,131657500000	0,000319118000	0,000184816000	0,000189315000
2169,000000000000	0,131719710000	0,000279519000	0,000184230000	0,000189543000
2170,000000000000	0,131678310000	0,000287724000	0,000184523000	0,000190041000
2171,000000000000	0,131643300000	0,000310626000	0,000184858000	0,000190539000
2172,000000000000	0,131674080000	0,000310443000	0,000184732000	0,000191079000
2173,000000000000	0,131759370000	0,000268558000	0,000184994000	0,000191224000
2174,000000000000	0,131778340000	0,000257250000	0,000184439000	0,000191514000
2175,000000000000	0,131733250000	0,000282989000	0,000185046000	0,000192064000
2176,001000000000	0,131687740000	0,000286234000	0,000184492000	0,000192293000
2177,000000000000	0,131638750000	0,000289296000	0,000185026000	0,000192874000
2178,000000000000	0,131661180000	0,000267537000	0,000184942000	0,000193320000
2179,000000000000	0,131611760000	0,000304993000	0,000185046000	0,000193548000
2180,000000000000	0,131598220000	0,000296808000	0,000185256000	0,000193994000
2181,000000000000	0,131544790000	0,000324261000	0,000184963000	0,000194606000
2182,000000000000	0,131542190000	0,000300788000	0,000185633000	0,000194762000
2183,000000000000	0,131562020000	0,000303033000	0,000184701000	0,000195219000
2184,000000000000	0,131522240000	0,000305564000	0,000185078000	0,000195675000
2185,000000000000	0,131507940000	0,000296930000	0,000185821000	0,000196132000
2186,001000000000	0,131510650000	0,000306605000	0,000185141000	0,000196422000
2187,000000000000	0,131577520000	0,000247881000	0,000185465000	0,000196983000
2188,000000000000	0,131539480000	0,000292154000	0,000185130000	0,000197252000
2189,000000000000	0,131510970000	0,000313688000	0,000184837000	0,000197719000
2190,000000000000	0,131576220000	0,000286398000	0,000185716000	0,000197989000
2191,000000000000	0,131533730000	0,000289765000	0,000185423000	0,000198674000
2192,000000000000	0,131496880000	0,000290153000	0,000185319000	0,000198871000
2193,000000000000	0,131503930000	0,000305870000	0,000185497000	0,000199359000
2194,000000000000	0,131555300000	0,000287214000	0,000186031000	0,000199639000
2195,000000000000	0,131465780000	0,000259719000	0,000185706000	0,000200085000
2196,000000000000	0,131438140000	0,000288357000	0,000185685000	0,000200594000
2197,000000000000	0,131436630000	0,000293889000	0,000186083000	0,000200936000
2198,000000000000	0,131483770000	0,000302870000	0,000185842000	0,000201351000
2199,000000000000	0,131429370000	0,000310361000	0,000185853000	0,000201828000
2200,000000000000	0,131535140000	0,000287520000	0,000185779000	0,000202098000
2201,000000000000	0,131542190000	0,000314137000	0,000185915000	0,000202627000
2202,001000000000	0,131553570000	0,000278498000	0,000185748000	0,000202814000
2203,000000000000	0,131544790000	0,000291582000	0,000185926000	0,000203312000
2204,000000000000	0,131579470000	0,000290745000	0,000185999000	0,000203852000
2205,000000000000	0,131566460000	0,000307514000	0,000186031000	0,000203385000
2206,000000000000	0,131555080000	0,000297767000	0,000185727000	0,000203011000
2207,000000000000	0,131556170000	0,000287683000	0,000186219000	0,000202472000
2208,000000000000	0,131542510000	0,000273926000	0,000185863000	0,000202098000
2209,000000000000	0,131579900000	0,000299502000	0,000185633000	0,000201745000
2210,000000000000	0,131603200000	0,000297828000	0,000186146000	0,000201330000
2211,000000000000	0,131597350000	0,000290664000	0,000185800000	0,000201092000
2212,000000000000	0,131672350000	0,000280805000	0,000185455000	0,000200459000
2213,000000000000	0,131622280000	0,000319301000	0,000185507000	0,000199981000
2214,000000000000	0,131603850000	0,000322588000	0,000185507000	0,000199763000
2215,000000000000	0,131633330000	0,000321873000	0,000185528000	0,000199297000
2216,000000000000	0,131638420000	0,000282131000	0,000185538000	0,000198560000
2217,000000000000	0,131581740000	0,000301196000	0,000185455000	0,000198622000
2218,000000000000	0,131663130000	0,000305850000	0,000185978000	0,000198103000
2219,000000000000	0,131634960000	0,000312300000	0,000185737000	0,000197699000
2220,000000000000	0,131568960000	0,000293746000	0,000185654000	0,000197180000
2221,000000000000	0,131596700000	0,000272905000	0,000185518000	0,000196775000
2222,001000000000	0,131604610000	0,000301257000	0,000185434000	0,000196308000
2223,000000000000	0,131556060000	0,000298604000	0,000184753000	0,000196246000
2224,000000000000	0,131589110000	0,000286765000	0,000184596000	0,000195706000
2225,000000000000	0,131572640000	0,000279539000	0,000184701000	0,000195156000
2226,000000000000	0,131489950000	0,000330956000	0,000185036000	0,000194648000
2227,000000000000	0,131558880000	0,000289541000	0,000184963000	0,000194389000
2228,000000000000	0,131508810000	0,000273477000	0,000184973000	0,000193953000
2229,000000000000	0,131475970000	0,000280948000	0,000184889000	0,000193735000
2230,000000000000	0,131528750000	0,000271844000	0,000184900000	0,000193206000
2231,000000000000	0,131479980000	0,000293950000	0,000185109000	0,000192926000
2232,000000000000	0,131467080000	0,000288377000	0,000185371000	0,000192355000
2233,000000000000	0,131507290000	0,000288235000	0,000184711000	0,000192137000
2234,000000000000	0,131508700000	0,000302727000	0,000185026000	0,000191722000
2235,000000000000	0,131505230000	0,000320669000	0,000185172000	0,000191224000
2236,000000000000	0,131513570000	0,000293664000	0,000184680000	0,000190778000
2237,000000000000	0,131574700000	0,000271293000	0,000184628000	0,000190549000
2238,000000000000	0,131536770000	0,000284622000	0,000184680000	0,000190031000
2239,000000000000	0,131557470000	0,000301931000	0,000184691000	0,000189076000
2240,000000000000	0,131530910000	0,000330283000	0,000184575000	0,000189014000
2241,000000000000	0,131486910000	0,000272375000	0,000184345000	0,000188941000
2242,000000000000	0,131497100000	0,000276212000	0,000184429000	0,000188599000
2243,000000000000	0,131494830000	0,000291623000	0,000183706000	0,000188121000
2244,000000000000	0,131480950000	0,000313953000	0,000184774000	0,000187530000
2245,000000000000	0,131498290000	0,000283111000	0,000184649000	0,000187312000
2246,000000000000	0,131481280000	0,000278355000	0,000184324000	0,000186855000
2247,000000000000	0,131495690000	0,000322690000	0,000184261000	0,000186378000
2248,000000000000	0,131510540000	0,000327180000	0,000184596000	0,000185932000
2249,000000000000	0,131520290000	0,000312892000	0,000184146000	0,000185673000
2250,000000000000	0,131507940000	0,000294134000	0,000184251000	0,000185247000
2251,000000000000	0,131527010000	0,000293746000	0,000184125000	0,000184842000
2252,000000000000	0,131516390000	0,000316137000	0,000184104000	0,000184355000
2253,000000000000	0,131517150000	0,000286398000	0,000184031000	0,000184189000
2254,000000000000	0,131472820000	0,000305462000	0,000184178000	0,000184303000
2255,000000000000	0,131489190000	0,000289092000	0,000183916000	0,000183296000
2256,000000000000	0,131570040000	0,000279764000	0,000183445000	0,000182964000
2257,000000000000	0,131544350000	0,000313606000	0,000183905000	0,000182456000
2258,000000000000	0,131526250000	0,000295195000	0,000184450000	0,000181864000
2259,000000000000	0,131551290000	0,000272171000	0,000183979000	0,000181512000
2260,000000000000	0,131549230000	0,000311300000	0,000183706000	0,000181159000
2261,001000000000	0,131451910000	0,000311402000	0,000183434000	0,000180889000
2262,000000000000	0,131548800000	0,000263312000	0,000183591000	0,000180443000
2263,000000000000	0,131547170000	0,000262495000	0,000183361000	0,000179976000
2264,000000000000	0,131522790000	0,000314545000	0,000183602000	0,000179737000
2265,000000000000	0,131580010000	0,000316015000	0,000183351000	0,000179001000
2266,000000000000	0,131532760000	0,000273661000	0,000183392000	0,000178928000
2267,000000000000	0,131525710000	0,000271966000	0,000183696000	0,000178150000
2268,000000000000	0,131497100000	0,000305625000	0,000183131000	0,000178077000
2269,000000000000	0,131475530000	0,000296073000	0,000183581000	0,000177610000
2270,000000000000	0,131517370000	0,000316831000	0,000183780000	0,000177164000
2271,000000000000	0,131567550000	0,000254208000	0,000183549000	0,000176884000
2272,000000000000	0,131594750000	0,000269884000	0,000183214000	0,000176282000
2273,000000000000	0,131585540000	0,000300543000	0,000183152000	0,000175960000
2274,000000000000	0,131547060000	0,000290949000	0,000183497000	0,000175566000
2275,000000000000	0,131578930000	0,000267027000	0,000182544000	0,000175193000
2276,000000000000	0,131561260000	0,000270721000	0,000183057000	0,000174788000
2277,000000000000	0,131675270000	0,000293929000	0,000183487000	0,000174186000
2278,000000000000	0,131620110000	0,000295154000	0,000182963000	0,000173833000
2279,000000000000	0,131638210000	0,000276457000	0,000183089000	0,000173449000
2280,000000000000	0,131641680000	0,000272660000	0,000182377000	0,000173076000
2281,000000000000	0,131638320000	0,000315199000	0,000182544000	0,000172733000
2282,000000000000	0,131589000000	0,000332099000	0,000182188000	0,000172152000
2283,000000000000	0,131582500000	0,000281601000	0,000182492000	0,000172038000
2284,000000000000	0,131610140000	0,000274293000	0,000182398000	0,000171633000
2285,000000000000	0,131589000000	0,000290990000	0,000182084000	0,000170918000
2286,000000000000	0,131541540000	0,000313076000	0,000182544000	0,000170523000
2287,000000000000	0,131563540000	0,000272150000	0,000182607000	0,000170222000
2288,000000000000	0,131529830000	0,000283785000	0,000183131000	0,000169890000
2289,000000000000	0,131527880000	0,000293685000	0,000182722000	0,000169631000
2290,000000000000	0,131540560000	0,000301666000	0,000182513000	0,000168977000
2291,000000000000	0,131521380000	0,000285704000	0,000182576000	0,000168687000
2292,000000000000	0,131592800000	0,000261393000	0,000182251000	0,000168230000
2293,000000000000	0,131507940000	0,000297522000	0,000182544000	0,000167888000
2294,000000000000	0,131522350000	0,000291643000	0,000181487000	0,000167348000
2295,000000000000	0,131502090000	0,000300931000	0,000182105000	0,000167255000
2296,000000000000	0,131508050000	0,000269844000	0,000181906000	0,000166435000
2297,000000000000	0,131531020000	0,000266904000	0,000182063000	0,000166207000
2298,000000000000	0,131541320000	0,000314586000	0,000182283000	0,000165927000
2299,000000000000	0,131494500000	0,000314341000	0,000181759000	0,000165345000
2300,000000000000	0,131536550000	0,000279458000	0,000180304000	0,000165076000
2301,000000000000	0,131493850000	0,000272028000	0,000180786000	0,000164775000
2302,000000000000	0,131558230000	0,000301155000	0,000180513000	0,000164308000
2303,000000000000	0,131567980000	0,000308442000	0,000180513000	0,000163955000
2304,000000000000	0,131484310000	0,000286806000	0,000180084000	0,000163426000
2305,000000000000	0,131489410000	0,000285601000	0,000179980000	0,000163125000
2306,000000000000	0,131549880000	0,000302768000	0,000180021000	0,000162565000
2307,000000000000	0,131582290000	0,000286071000	0,000179927000	0,000162150000
2308,000000000000	0,131630300000	0,000282866000	0,000179833000	0,000161901000
2309,000000000000	0,131617180000	0,000293766000	0,000179132000	0,000161361000
2310,000000000000	0,131588680000	0,000285601000	0,000179069000	0,000161102000
2311,000000000000	0,131641680000	0,000293011000	0,000178095000	0,000160655000
2312,000000000000	0,131640050000	0,000301400000	0,000178095000	0,000159991000
2313,000000000000	0,131660970000	0,000271987000	0,000177352000	0,000159794000
2314,000000000000	0,131668120000	0,000266088000	0,000177205000	0,000159358000
2315,000000000000	0,131699770000	0,000287990000	0,000177153000	0,000159068000
2316,001000000000	0,131633660000	0,000294460000	0,000176724000	0,000158539000
2317,000000000000	0,131791780000	0,000247595000	0,000173238000	0,000158175000
2318,000000000000	0,131721120000	0,000261291000	0,000170715000	0,000157646000
2319,000000000000	0,131730760000	0,000281887000	0,000165732000	0,000157522000
2320,000000000000	0,131778770000	0,000313178000	0,000162361000	0,000156910000
2321,000000000000	0,131764580000	0,000279682000	0,000156247000	0,000156505000
2322,000000000000	0,131819740000	0,000265414000	0,000151546000	0,000156183000
2323,000000000000	0,131828300000	0,000296767000	0,000138052000	0,000155675000
2324,000000000000	0,131876960000	0,000298971000	0,000135885000	0,000155395000
2325,000000000000	0,131937110000	0,000277253000	0,000132776000	0,000154917000
2326,000000000000	0,131932990000	0,000251453000	0,000123249000	0,000154627000
2327,000000000000	0,131920100000	0,000280580000	0,000116936000	0,000154066000
2328,000000000000	0,131902540000	0,000319689000	0,000110435000	0,000153786000
2329,000000000000	0,131912180000	0,000287275000	0,000110299000	0,000153236000
2330,000000000000	0,131966370000	0,000266741000	0,000109818000	0,000152894000
2331,000000000000	0,131912620000	0,000298890000	0,000096784000	0,000152448000
2332,000000000000	0,131880320000	0,000293868000	0,000096952000	0,000152178000
2333,000000000000	0,131934510000	0,000298236000	0,000096522000	0,000151804000
2334,000000000000	0,131962260000	0,000258352000	0,000096690000	0,000151099000
2335,000000000000	0,131918040000	0,000287132000	0,000096774000	0,000150746000
2336,000000000000	0,131986860000	0,000297685000	0,000087770000	0,000150590000
2337,000000000000	0,132048960000	0,000291235000	0,000081363000	0,000150072000
2338,000000000000	0,132048410000	0,000236919000	0,000081343000	0,000149833000
2339,000000000000	0,131985120000	0,000301482000	0,000081740000	0,000149439000
2340,000000000000	0,132052320000	0,000306728000	0,000081123000	0,000148775000
2341,000000000000	0,132051230000	0,000306177000	0,000081374000	0,000148360000
2342,000000000000	0,132047010000	0,000264475000	0,000080976000	0,000148131000
2343,000000000000	0,132091980000	0,000268272000	0,000081500000	0,000147789000
2344,000000000000	0,132057410000	0,000308381000	0,000081196000	0,000147405000
2345,000000000000	0,132085050000	0,000301278000	0,000081280000	0,000146980000
2346,000000000000	0,132138690000	0,000260944000	0,000081458000	0,000146585000
2347,000000000000	0,132060440000	0,000292725000	0,000080725000	0,000145994000
2348,000000000000	0,132112030000	0,000282540000	0,000081238000	0,000145631000
2349,000000000000	0,132118970000	0,000288051000	0,000081028000	0,000145433000
2350,000000000000	0,132069010000	0,000275845000	0,000080966000	0,000144686000
2351,000000000000	0,132127100000	0,000243737000	0,000081280000	0,000144614000
2352,000000000000	0,132110410000	0,000275069000	0,000080871000	0,000144064000
2353,000000000000	0,132089600000	0,000317811000	0,000080934000	0,000143836000
2354,000000000000	0,132152350000	0,000256515000	0,000081175000	0,000143348000
2355,000000000000	0,132150510000	0,000251840000	0,000080400000	0,000142715000
2356,000000000000	0,132219430000	0,000252647000	0,000081290000	0,000142559000
2357,000000000000	0,132189740000	0,000298073000	0,000080693000	0,000142030000
2358,000000000000	0,132201330000	0,000281295000	0,000080693000	0,000141573000
2359,000000000000	0,132230600000	0,000262475000	0,000081248000	0,000141262000
2360,000000000000	0,132296920000	0,000270129000	0,000080704000	0,000140961000
2361,000000000000	0,132283590000	0,000314137000	0,000080589000	0,000140525000
2362,000000000000	0,132308190000	0,000292888000	0,000080547000	0,000140079000
2363,000000000000	0,132326730000	0,000269742000	0,000080652000	0,000139602000
2364,000000000000	0,132351440000	0,000236879000	0,000080840000	0,000139166000
2365,000000000000	0,132311660000	0,000282683000	0,000081018000	0,000138824000
2366,000000000000	0,132330740000	0,000301176000	0,000080411000	0,000138378000
2367,000000000000	0,132245010000	0,000267190000	0,000079908000	0,000138129000
2368,000000000000	0,132238510000	0,000246125000	0,000080882000	0,000137714000
2369,000000000000	0,132246310000	0,000271395000	0,000080327000	0,000137267000
2370,000000000000	0,132226800000	0,000312463000	0,000080924000	0,000136842000
2371,000000000000	0,132223120000	0,000283356000	0,000080139000	0,000136427000
2372,000000000000	0,132271130000	0,000246146000	0,000080411000	0,000136022000
2373,000000000000	0,132275680000	0,000230367000	0,000081248000	0,000135763000
2374,000000000000	0,132298220000	0,000275334000	0,000080390000	0,000135400000
2375,000000000000	0,132208700000	0,000279213000	0,000080631000	0,000134632000
2376,000000000000	0,132232110000	0,000237164000	0,000080662000	0,000134632000
2377,000000000000	0,132276870000	0,000234143000	0,000080421000	0,000134103000
2378,000000000000	0,132176840000	0,000301135000	0,000080536000	0,000133656000
2379,000000000000	0,132192010000	0,000262904000	0,000079971000	0,000133179000
2380,000000000000	0,132180740000	0,000259781000	0,000079919000	0,000132889000
2381,000000000000	0,132211410000	0,000236103000	0,000080275000	0,000132339000
2382,000000000000	0,132160690000	0,000303339000	0,000080453000	0,000131820000
2383,000000000000	0,132225500000	0,000297338000	0,000079699000	0,000131726000
2384,001000000000	0,132176080000	0,000269170000	0,000080222000	0,000131270000
2385,000000000000	0,132137930000	0,000290827000	0,000080505000	0,000130741000
2386,000000000000	0,132194830000	0,000265128000	0,000080076000	0,000130336000
2387,000000000000	0,132192770000	0,000295726000	0,000080285000	0,000129786000
2388,000000000000	0,132152020000	0,000279947000	0,000080296000	0,000128728000
2389,000000000000	0,132186600000	0,000263945000	0,000080139000	0,000128935000
2390,000000000000	0,132192340000	0,000291215000	0,000080076000	0,000129205000
2391,000000000000	0,132172070000	0,000274355000	0,000080201000	0,000127970000
2392,000000000000	0,132247070000	0,000281601000	0,000080055000	0,000127970000
2393,000000000000	0,132242950000	0,000258882000	0,000079940000	0,000127555000
2394,000000000000	0,132187790000	0,000277396000	0,000080275000	0,000127119000
2395,000000000000	0,132214770000	0,000277376000	0,000080170000	0,000126580000
2396,000000000000	0,132232010000	0,000285765000	0,000079688000	0,000126445000
2397,000000000000	0,132156790000	0,000280049000	0,000080023000	0,000125999000
2398,000000000000	0,132217270000	0,000260332000	0,000080296000	0,000125376000
2399,000000000000	0,132196460000	0,000269517000	0,000080254000	0,000125138000
2400,000000000000	0,132173590000	0,000297542000	0,000079657000	0,000124816000
2401,001000000000	0,132147040000	0,000278661000	0,000079992000	0,000124204000
2402,000000000000	0,132177380000	0,000257597000	0,000079814000	0,000123965000
2403,000000000000	0,132124930000	0,000280172000	0,000080212000	0,000123623000
2404,000000000000	0,132201330000	0,000280866000	0,000080191000	0,000123239000
2405,000000000000	0,132213470000	0,000273191000	0,000079835000	0,000123342000
2406,000000000000	0,132140640000	0,000269599000	0,000079992000	0,000124048000
2407,000000000000	0,132205890000	0,000264679000	0,000080128000	0,000124328000
2408,000000000000	0,132147040000	0,000291460000	0,000080243000	0,000124743000
2409,000000000000	0,132134570000	0,000288520000	0,000079741000	0,000125241000
2410,000000000000	0,132237640000	0,000266251000	0,000079825000	0,000125490000
2411,000000000000	0,132188110000	0,000280478000	0,000079877000	0,000125729000
2412,000000000000	0,132191470000	0,000301053000	0,000079479000	0,000126424000
2413,000000000000	0,132201770000	0,000287908000	0,000079961000	0,000126684000
2414,000000000000	0,132240460000	0,000261658000	0,000080107000	0,000127119000
2415,000000000000	0,132182690000	0,000266966000	0,000080222000	0,000127638000
2416,000000000000	0,132211850000	0,000288908000	0,000080338000	0,000128043000
2417,000000000000	0,132287490000	0,000289643000	0,000079982000	0,000128323000
2418,000000000000	0,132189630000	0,000277355000	0,000080777000	0,000128458000
2419,000000000000	0,132207400000	0,000264210000	0,000080034000	0,000129195000
2420,000000000000	0,132252600000	0,000303850000	0,000080003000	0,000129547000
2421,000000000000	0,132231030000	0,000274579000	0,000080128000	0,000130128000
2422,000000000000	0,132182690000	0,000272701000	0,000080128000	0,000130398000
2423,000000000000	0,132224740000	0,000263149000	0,000080432000	0,000130668000
2424,000000000000	0,132164050000	0,000291603000	0,000080338000	0,000131073000
2425,000000000000	0,132218350000	0,000314790000	0,000080411000	0,000131737000
2426,000000000000	0,132195480000	0,000279866000	0,000080139000	0,000132079000
2427,000000000000	0,132224740000	0,000271721000	0,000080735000	0,000132391000
2428,000000000000	0,132229510000	0,000261679000	0,000080421000	0,000132764000
2429,000000000000	0,132231460000	0,000275314000	0,000080285000	0,000133200000
2430,000000000000	0,132202740000	0,000282968000	0,000080118000	0,000133584000
2431,000000000000	0,132230810000	0,000250718000	0,000080379000	0,000134071000
2432,000000000000	0,132211960000	0,000275906000	0,000080819000	0,000134445000
2433,000000000000	0,132202530000	0,000287745000	0,000079877000	0,000134891000
2434,000000000000	0,132260510000	0,000271721000	0,000080432000	0,000135317000
2435,000000000000	0,132267440000	0,000237001000	0,000080840000	0,000135752000
2436,000000000000	0,132252060000	0,000255290000	0,000080861000	0,000136033000
2437,000000000000	0,132210550000	0,000301339000	0,000080495000	0,000136230000
2438,000000000000	0,132157880000	0,000289868000	0,000080557000	0,000136780000
2439,000000000000	0,132236560000	0,000248799000	0,000080003000	0,000137236000
2440,000000000000	0,132154840000	0,000263128000	0,000080358000	0,000137496000
2441,000000000000	0,132138480000	0,000299032000	0,000080735000	0,000138253000
2442,000000000000	0,132153540000	0,000279988000	0,000080547000	0,000138627000
2443,001000000000	0,132149310000	0,000283785000	0,000080746000	0,000138855000
2444,000000000000	0,132185840000	0,000247983000	0,000080526000	0,000139197000
2445,000000000000	0,132153760000	0,000288990000	0,000081018000	0,000139820000
2446,001000000000	0,132142590000	0,000297991000	0,000081039000	0,000140017000
2447,000000000000	0,132166550000	0,000271211000	0,000080851000	0,000140391000
2448,000000000000	0,132182910000	0,000277110000	0,000081081000	0,000140712000
2449,000000000000	0,132178140000	0,000301849000	0,000080557000	0,000141231000
2450,000000000000	0,132258990000	0,000281335000	0,000081028000	0,000141688000
2451,000000000000	0,132227350000	0,000282397000	0,000080819000	0,000142123000
2452,000000000000	0,132173050000	0,000280866000	0,000080966000	0,000142580000
2453,000000000000	0,132265600000	0,000271109000	0,000081583000	0,000142777000
2454,000000000000	0,132247610000	0,000302360000	0,000080892000	0,000143306000
2455,000000000000	0,132239590000	0,000300931000	0,000081165000	0,000143680000
2456,000000000000	0,132292150000	0,000260781000	0,000080756000	0,000144012000
2457,000000000000	0,132333990000	0,000263312000	0,000080568000	0,000144572000
2458,000000000000	0,132299740000	0,000286193000	0,000080767000	0,000144915000
2459,000000000000	0,132326620000	0,000277947000	0,000080987000	0,000145382000
2460,000000000000	0,132406710000	0,000239818000	0,000080966000	0,000145672000
2461,000000000000	0,132330090000	0,000272007000	0,000081458000	0,000146222000
2462,000000000000	0,132302990000	0,000298808000	0,000081175000	0,000146762000
2463,000000000000	0,132360540000	0,000295154000	0,000080966000	0,000147073000
2464,000000000000	0,132377450000	0,000262781000	0,000081154000	0,000147395000
2465,000000000000	0,132341790000	0,000288908000	0,000081175000	0,000147644000
2466,000000000000	0,132395440000	0,000276049000	0,000081217000	0,000148059000
2467,000000000000	0,132386770000	0,000281682000	0,000081248000	0,000148494000
2468,000000000000	0,132330300000	0,000259597000	0,000081887000	0,000148910000
2469,000000000000	0,132383840000	0,000254474000	0,000081489000	0,000149304000
2470,000000000000	0,132299200000	0,000281254000	0,000081301000	0,000149636000
2471,001000000000	0,132313290000	0,000286357000	0,000081845000	0,000150092000
2472,000000000000	0,132356100000	0,000269639000	0,000081395000	0,000150705000
2473,000000000000	0,132265060000	0,000279315000	0,000081363000	0,000151089000
2474,000000000000	0,132226690000	0,000289337000	0,000081479000	0,000151203000
2475,000000000000	0,132316430000	0,000283724000	0,000081814000	0,000151338000
2476,000000000000	0,132277740000	0,000305360000	0,000081541000	0,000152303000
2477,000000000000	0,132239700000	0,000270762000	0,000081866000	0,000152406000
2478,000000000000	0,132285870000	0,000267843000	0,000081657000	0,000152863000
2479,000000000000	0,132252710000	0,000278866000	0,000081992000	0,000153475000
2480,000000000000	0,132349490000	0,000271987000	0,000081479000	0,000153631000
2481,000000000000	0,132342120000	0,000261271000	0,000081510000	0,000154077000
2482,000000000000	0,132327380000	0,000262883000	0,000082180000	0,000154347000
2483,000000000000	0,132281530000	0,000282254000	0,000082264000	0,000154876000
2484,001000000000	0,132309490000	0,000302380000	0,000082557000	0,000155374000
2485,000000000000	0,132275360000	0,000279907000	0,000082023000	0,000155550000
2486,000000000000	0,132342120000	0,000239287000	0,000082724000	0,000156038000
2487,000000000000	0,132373330000	0,000296318000	0,000082463000	0,000156567000
2488,000000000000	0,132358700000	0,000276886000	0,000083258000	0,000157034000
2489,000000000000	0,132346780000	0,000291868000	0,000084431000	0,000157221000
2490,000000000000	0,132300930000	0,000242165000	0,000089791000	0,000157812000
2491,000000000000	0,132261050000	0,000289153000	0,000098825000	0,000157906000
2492,000000000000	0,132266140000	0,000301278000	0,000115827000	0,000158642000
2493,000000000000	0,132246640000	0,000308565000	0,000130567000	0,000159006000
2494,000000000000	0,132176730000	0,000256535000	0,000138994000	0,000159390000
2495,000000000000	0,132296270000	0,000250820000	0,000143004000	0,000159649000
2496,000000000000	0,132197220000	0,000286602000	0,000146783000	0,000160074000
2497,001000000000	0,132142590000	0,000302298000	0,000150301000	0,000160635000
2498,000000000000	0,132146820000	0,000261577000	0,000152028000	0,000161392000
2499,000000000000	0,132117130000	0,000230653000	0,000154184000	0,000161278000
2500,000000000000	0,132059470000	0,000309749000	0,000156509000	0,000161890000
2501,000000000000	0,132066080000	0,000304584000	0,000157849000	0,000162191000
2502,000000000000	0,132081360000	0,000263108000	0,000160120000	0,000162658000
2503,000000000000	0,131976130000	0,000251657000	0,000161628000	0,000163135000
2504,000000000000	0,131971790000	0,000290806000	0,000163690000	0,000163384000
2505,000000000000	0,131939280000	0,000305911000	0,000165627000	0,000163903000
2506,000000000000	0,131977540000	0,000282356000	0,000167354000	0,000164111000
2507,000000000000	0,131964100000	0,000252963000	0,000168506000	0,000164661000
2508,000000000000	0,131987830000	0,000257515000	0,000171133000	0,000165065000
2509,000000000000	0,131921940000	0,000304931000	0,000172798000	0,000165138000
2510,000000000000	0,131950770000	0,000278437000	0,000175468000	0,000165626000
2511,000000000000	0,131957810000	0,000258862000	0,000177917000	0,000166113000
2512,000000000000	0,131963010000	0,000270170000	0,000179854000	0,000166632000
2513,000000000000	0,131989350000	0,000276171000	0,000180252000	0,000167068000
2514,000000000000	0,131973960000	0,000259740000	0,000180681000	0,000167286000
2515,000000000000	0,131902760000	0,000246329000	0,000180670000	0,000167919000
2516,000000000000	0,131905360000	0,000260230000	0,000180482000	0,000168406000
2517,000000000000	0,131861790000	0,000286030000	0,000181037000	0,000168832000
2518,000000000000	0,131800990000	0,000285234000	0,000181089000	0,000169102000
2519,000000000000	0,131837300000	0,000255351000	0,000180838000	0,000170056000
2520,000000000000	0,131829170000	0,000262863000	0,000180859000	0,000169828000
2521,000000000000	0,131809660000	0,000283397000	0,000180639000	0,000170202000
2522,000000000000	0,131808250000	0,000282009000	0,000181299000	0,000170492000
2523,000000000000	0,131866340000	0,000273273000	0,000181246000	0,000171125000
2524,000000000000	0,131829930000	0,000263067000	0,000181906000	0,000171426000
2525,000000000000	0,131838060000	0,000284560000	0,000181288000	0,000171934000
2526,000000000000	0,131814210000	0,000281437000	0,000181958000	0,000172090000
2527,000000000000	0,131788850000	0,000284336000	0,000181864000	0,000172640000
2528,000000000000	0,131804020000	0,000252249000	0,000182011000	0,000173169000
2529,000000000000	0,131794600000	0,000253269000	0,000182021000	0,000173397000
2530,001000000000	0,131796220000	0,000293297000	0,000182230000	0,000173844000
2531,000000000000	0,131791020000	0,000273191000	0,000182094000	0,000174134000
2532,000000000000	0,131711470000	0,000276641000	0,000182157000	0,000174995000
2533,000000000000	0,131707680000	0,000294623000	0,000181948000	0,000175016000
2534,000000000000	0,131723070000	0,000320220000	0,000181833000	0,000175493000
2535,000000000000	0,131628240000	0,000319322000	0,000181874000	0,000175784000
2536,000000000000	0,131702370000	0,000244574000	0,000182408000	0,000176209000
2537,000000000000	0,131694350000	0,000272068000	0,000182660000	0,000176770000
2538,000000000000	0,131709950000	0,000309851000	0,000182283000	0,000177174000
2539,000000000000	0,131709090000	0,000272395000	0,000183162000	0,000177289000
2540,000000000000	0,131712010000	0,000269211000	0,000183173000	0,000177994000
2541,000000000000	0,131681880000	0,000255208000	0,000182942000	0,000178399000
2542,000000000000	0,131751680000	0,000278866000	0,000182911000	0,000177921000
2543,000000000000	0,131649260000	0,000305033000	0,000182974000	0,000179208000
2544,000000000000	0,131695540000	0,000265639000	0,000183099000	0,000179509000
2545,000000000000	0,131652950000	0,000272028000	0,000183560000	0,000179696000
2546,001000000000	0,131614580000	0,000290929000	0,000183623000	0,000180173000
2547,000000000000	0,131619570000	0,000312361000	0,000183497000	0,000180868000
2548,000000000000	0,131654030000	0,000295236000	0,000183445000	0,000181190000
2549,000000000000	0,131681020000	0,000263598000	0,000183874000	0,000181481000
2550,000000000000	0,131719710000	0,000275743000	0,000183612000	0,000181968000
2551,000000000000	0,131683730000	0,000309055000	0,000183549000	0,000182217000
2552,000000000000	0,131768150000	0,000278274000	0,000184094000	0,000182861000
2553,000000000000	0,131698900000	0,000251167000	0,000183518000	0,000183068000
2554,000000000000	0,131730650000	0,000281458000	0,000183675000	0,000183442000
2555,000000000000	0,131653270000	0,000290194000	0,000183466000	0,000183971000
2556,000000000000	0,131758290000	0,000249942000	0,000183958000	0,000184199000
2557,000000000000	0,131712660000	0,000271191000	0,000183968000	0,000184894000
2558,000000000000	0,131759590000	0,000261781000	0,000184565000	0,000185081000
2559,000000000000	0,131772600000	0,000276784000	0,000184041000	0,000185579000
2560,001000000000	0,131721550000	0,000276661000	0,000184261000	0,000185828000
2561,000000000000	0,131671260000	0,000267251000	0,000183843000	0,000186451000
2562,000000000000	0,131694240000	0,000247268000	0,000184198000	0,000187001000
2563,000000000000	0,131678960000	0,000276314000	0,000184324000	0,000187260000
2564,000000000000	0,131596590000	0,000296011000	0,000184387000	0,000187665000
2565,000000000000	0,131694670000	0,000268292000	0,000184659000	0,000188038000
2566,000000000000	0,131646770000	0,000276130000	0,000184157000	0,000188391000
2567,000000000000	0,131642650000	0,000283234000	0,000184460000	0,000188848000
2568,000000000000	0,131693370000	0,000289786000	0,000184136000	0,000189159000
2569,000000000000	0,131617510000	0,000287275000	0,000184460000	0,000189667000
2570,000000000000	0,131612850000	0,000271293000	0,000184774000	0,000189999000
2571,000000000000	0,131603420000	0,000297583000	0,000184418000	0,000190373000
2572,001000000000	0,131564290000	0,000301645000	0,000184638000	0,000190830000
2573,000000000000	0,131687190000	0,000276273000	0,000184586000	0,000191172000
2574,000000000000	0,131598000000	0,000245309000	0,000184450000	0,000191795000
2575,000000000000	0,131667900000	0,000259025000	0,000185381000	0,000191878000
2576,000000000000	0,131642870000	0,000300094000	0,000184785000	0,000192583000
2577,000000000000	0,131588140000	0,000285908000	0,000184565000	0,000192697000
2578,000000000000	0,131590960000	0,000270721000	0,000185036000	0,000193164000
2579,000000000000	0,131640810000	0,000247942000	0,000185067000	0,000193683000
2580,000000000000	0,131596370000	0,000306646000	0,000185235000	0,000194160000
2581,000000000000	0,131740410000	0,000273130000	0,000184879000	0,000194617000
2582,000000000000	0,131708000000	0,000285642000	0,000185109000	0,000194918000
2583,000000000000	0,131722850000	0,000255168000	0,000184806000	0,000195385000
2584,000000000000	0,131729030000	0,000315403000	0,000185151000	0,000195551000
2585,000000000000	0,131707890000	0,000291888000	0,000185664000	0,000196049000
2586,000000000000	0,131764030000	0,000276804000	0,000184565000	0,000196184000
2587,000000000000	0,131814320000	0,000251820000	0,000185172000	0,000196682000
2588,000000000000	0,131780720000	0,000275681000	0,000185643000	0,000197429000
2589,000000000000	0,131815510000	0,000279805000	0,000185235000	0,000197709000
2590,000000000000	0,131824070000	0,000275049000	0,000185748000	0,000198176000
2591,000000000000	0,131858970000	0,000245145000	0,000185078000	0,000198487000
2592,000000000000	0,131865690000	0,000284377000	0,000185413000	0,000198850000
2593,001000000000	0,131850520000	0,000286336000	0,000185643000	0,000199411000
2594,000000000000	0,131877720000	0,000279560000	0,000185559000	0,000199649000
2595,000000000000	0,131814430000	0,000264271000	0,000185559000	0,000200272000
2596,000000000000	0,131784630000	0,000237818000	0,000185413000	0,000200479000
2597,000000000000	0,131741820000	0,000309544000	0,000185570000	0,000201029000
2598,000000000000	0,131761970000	0,000280213000	0,000185214000	0,000201216000
2599,000000000000	0,131774110000	0,000232674000	0,000186146000	0,000201683000
2600,000000000000	0,131753520000	0,000248391000	0,000185800000	0,000202368000
2601,000000000000	0,131718620000	0,000284928000	0,000186816000	0,000202461000
2602,000000000000	0,131739110000	0,000270395000	0,000185497000	0,000202814000
2603,000000000000	0,131802720000	0,000242022000	0,000185580000	0,000203291000
2604,000000000000	0,131813890000	0,000225468000	0,000186041000	0,000203862000
2605,000000000000	0,131829930000	0,000261985000	0,000186303000	0,000203312000
2606,001000000000	0,131788090000	0,000260475000	0,000185947000	0,000203074000
2607,001000000000	0,131787230000	0,000253106000	0,000186031000	0,000202534000
2608,000000000000	0,131884660000	0,000234654000	0,000185036000	0,000202202000
2609,000000000000	0,131862110000	0,000263761000	0,000186135000	0,000201797000
2610,000000000000	0,131895490000	0,000279743000	0,000186250000	0,000201444000
2611,000000000000	0,131954670000	0,000248554000	0,000185423000	0,000200832000
2612,000000000000	0,131880110000	0,000248799000	0,000186072000	0,000200490000
2613,000000000000	0,131826890000	0,000252820000	0,000185873000	0,000200096000
2614,000000000000	0,131830580000	0,000276069000	0,000185423000	0,000199680000
2615,000000000000	0,131803050000	0,000279519000	0,000185361000	0,000199297000
2616,000000000000	0,131752440000	0,000258066000	0,000185476000	0,000199058000
2617,000000000000	0,131858860000	0,000257005000	0,000185455000	0,000198601000
2618,000000000000	0,131869590000	0,000270252000	0,000185340000	0,000198197000
2619,000000000000	0,131861250000	0,000263740000	0,000185172000	0,000197470000
2620,000000000000	0,131828840000	0,000254147000	0,000185120000	0,000197315000
2621,000000000000	0,131813670000	0,000214364000	0,000185371000	0,000196765000
2622,000000000000	0,131769560000	0,000271640000	0,000185528000	0,000196402000
2623,000000000000	0,131800670000	0,000294358000	0,000185120000	0,000195945000
2624,000000000000	0,131767500000	0,000225428000	0,000185423000	0,000195821000
2625,000000000000	0,131791340000	0,000225836000	0,000185235000	0,000195312000
2626,000000000000	0,131800120000	0,000245717000	0,000185067000	0,000194824000
2627,000000000000	0,131788310000	0,000266721000	0,000184889000	0,000194378000
2628,000000000000	0,131784410000	0,000250473000	0,000184879000	0,000194223000
2629,000000000000	0,131802070000	0,000229530000	0,000185193000	0,000193579000
2630,000000000000	0,131782240000	0,000264434000	0,000184565000	0,000193289000
2631,000000000000	0,131695000000	0,000294215000	0,000184806000	0,000192853000
2632,000000000000	0,131677870000	0,000268598000	0,000184659000	0,000192417000
2633,000000000000	0,131699870000	0,000227734000	0,000184502000	0,000191971000
2634,000000000000	0,131663460000	0,000245635000	0,000184868000	0,000191566000
2635,000000000000	0,131627800000	0,000279886000	0,000184492000	0,000191265000
2636,000000000000	0,131625200000	0,000280519000	0,000184743000	0,000190736000
2637,000000000000	0,131632570000	0,000266374000	0,000184596000	0,000190456000
2638,000000000000	0,131712990000	0,000244941000	0,000184188000	0,000190010000
2639,000000000000	0,131719170000	0,000297114000	0,000184261000	0,000189771000
2640,000000000000	0,131690550000	0,000282029000	0,000184418000	0,000189242000
2641,000000000000	0,131708220000	0,000259352000	0,000184324000	0,000189014000
2642,000000000000	0,131643630000	0,000240532000	0,000183455000	0,000188277000
2643,000000000000	0,131608950000	0,000283703000	0,000184083000	0,000188018000
2644,000000000000	0,131558010000	0,000297093000	0,000184607000	0,000187561000
2645,000000000000	0,131578600000	0,000253922000	0,000184198000	0,000187208000
2646,000000000000	0,131589110000	0,000263843000	0,000184188000	0,000186793000
2647,000000000000	0,131558330000	0,000279988000	0,000184062000	0,000186420000
2648,000000000000	0,131591060000	0,000274130000	0,000184356000	0,000186025000
2649,000000000000	0,131567220000	0,000258066000	0,000183686000	0,000185475000
2650,001000000000	0,131509460000	0,000273701000	0,000184230000	0,000185392000
2651,000000000000	0,131592260000	0,000255964000	0,000183811000	0,000184884000
2652,000000000000	0,131594970000	0,000269864000	0,000184146000	0,000184396000
2653,000000000000	0,131581530000	0,000263904000	0,000183895000	0,000184116000
2654,000000000000	0,131622060000	0,000251881000	0,000183937000	0,000183660000
2655,000000000000	0,131691420000	0,000261271000	0,000183811000	0,000183213000
2656,000000000000	0,131618810000	0,000261107000	0,000183706000	0,000182746000
2657,000000000000	0,131639620000	0,000287377000	0,000183581000	0,000182383000
2658,000000000000	0,131673760000	0,000236348000	0,000183748000	0,000181844000
2659,000000000000	0,131662270000	0,000249024000	0,000183853000	0,000181595000
2660,000000000000	0,131682860000	0,000276477000	0,000183675000	0,000181232000
2661,000000000000	0,131635280000	0,000273048000	0,000183445000	0,000180816000
2662,000000000000	0,131723610000	0,000245717000	0,000183686000	0,000180267000
2663,000000000000	0,131661510000	0,000258474000	0,000183131000	0,000179768000
2664,000000000000	0,131705190000	0,000283070000	0,000182785000	0,000179551000
2665,000000000000	0,131761000000	0,000272007000	0,000182995000	0,000179177000
2666,000000000000	0,131785490000	0,000254045000	0,000183644000	0,000178835000
2667,000000000000	0,131657500000	0,000238654000	0,000183057000	0,000178388000
2668,000000000000	0,131745720000	0,000239042000	0,000183120000	0,000177818000
2669,000000000000	0,131789500000	0,000284867000	0,000183036000	0,000177403000
2670,000000000000	0,131756660000	0,000277212000	0,000183120000	0,000177143000
2671,000000000000	0,131775090000	0,000243451000	0,000183068000	0,000176749000
2672,000000000000	0,131743980000	0,000286214000	0,000182785000	0,000176531000
2673,000000000000	0,131707140000	0,000266639000	0,000182649000	0,000176075000
2674,000000000000	0,131782780000	0,000259352000	0,000182712000	0,000175203000
2675,000000000000	0,131719920000	0,000241553000	0,000183183000	0,000174788000
2676,000000000000	0,131649370000	0,000250432000	0,000182806000	0,000174860000
2677,000000000000	0,131815300000	0,000290664000	0,000182911000	0,000174103000
2678,000000000000	0,131700630000	0,000287479000	0,000183445000	0,000173854000
2679,000000000000	0,131685890000	0,000242002000	0,000182649000	0,000173657000
2680,000000000000	0,131796760000	0,000223162000	0,000182576000	0,000173086000
2681,000000000000	0,131726970000	0,000294215000	0,000182544000	0,000172630000
2682,000000000000	0,131679930000	0,000281417000	0,000182858000	0,000172536000
2683,000000000000	0,131740190000	0,000247697000	0,000182660000	0,000171872000
2684,000000000000	0,131726320000	0,000227183000	0,000182199000	0,000171644000
2685,000000000000	0,131730650000	0,000310667000	0,000182607000	0,000171135000
2686,000000000000	0,131726540000	0,000283703000	0,000182639000	0,000170814000
2687,000000000000	0,131754500000	0,000242165000	0,000182084000	0,000170077000
2688,000000000000	0,131712340000	0,000238430000	0,000182618000	0,000169911000
2689,000000000000	0,131792650000	0,000244717000	0,000182503000	0,000169434000
2690,000000000000	0,131729570000	0,000256025000	0,000182304000	0,000169164000
2691,000000000000	0,131775200000	0,000232245000	0,000182272000	0,000168739000
2692,000000000000	0,131792430000	0,000247534000	0,000181937000	0,000168355000
2693,000000000000	0,131815730000	0,000236674000	0,000182220000	0,000168012000
2694,000000000000	0,131804460000	0,000256290000	0,000181969000	0,000167462000
2695,000000000000	0,131825160000	0,000257454000	0,000182251000	0,000167099000
2696,000000000000	0,131822120000	0,000229959000	0,000182178000	0,000166809000
2697,000000000000	0,131832530000	0,000249105000	0,000181969000	0,000166611000
2698,000000000000	0,131827760000	0,000286377000	0,000181696000	0,000165978000
2699,000000000000	0,131837840000	0,000265945000	0,000182073000	0,000165501000
2700,000000000000	0,131868180000	0,000216977000	0,000180838000	0,000165128000
2701,000000000000	0,131869050000	0,000206771000	0,000180691000	0,000164598000
2702,000000000000	0,131843150000	0,000262046000	0,000180074000	0,000164152000
2703,000000000000	0,131795790000	0,000266904000	0,000179791000	0,000163758000
2704,000000000000	0,131777040000	0,000259658000	0,000180116000	0,000163467000
2705,000000000000	0,131819520000	0,000236083000	0,000180095000	0,000163021000
2706,000000000000	0,131784410000	0,000266047000	0,000179969000	0,000162679000
2707,000000000000	0,131805870000	0,000266027000	0,000180063000	0,000162502000
2708,000000000000	0,131861360000	0,000259923000	0,000179791000	0,000161994000
2709,000000000000	0,131916300000	0,000238981000	0,000179351000	0,000160987000
2710,000000000000	0,131944260000	0,000242982000	0,000178734000	0,000160956000
2711,001000000000	0,131944370000	0,000280907000	0,000177572000	0,000160687000
2712,000000000000	0,131924320000	0,000257025000	0,000177331000	0,000160230000
2713,000000000000	0,131917710000	0,000252514000	0,000177907000	0,000159815000
2714,000000000000	0,131918800000	0,000251636000	0,000177760000	0,000159431000
2715,000000000000	0,131917170000	0,000256127000	0,000176745000	0,000159089000
2716,000000000000	0,131882490000	0,000258699000	0,000176787000	0,000158549000
2717,000000000000	0,131933540000	0,000229837000	0,000172672000	0,000158134000
2718,000000000000	0,131908720000	0,000257658000	0,000170442000	0,000157864000
2719,000000000000	0,131953370000	0,000256453000	0,000165355000	0,000157262000
2720,000000000000	0,131941230000	0,000272620000	0,000161083000	0,000157076000
2721,000000000000	0,131979050000	0,000222652000	0,000154991000	0,000156546000
2722,000000000000	0,132012220000	0,000228571000	0,000147662000	0,000156204000
2723,000000000000	0,132080600000	0,000230633000	0,000140313000	0,000155706000
2724,000000000000	0,132017530000	0,000303115000	0,000136555000	0,000155177000
2725,000000000000	0,132047110000	0,000243349000	0,000135382000	0,000154938000
2726,000000000000	0,132048520000	0,000216201000	0,000123720000	0,000154357000
2727,000000000000	0,132106720000	0,000246717000	0,000114403000	0,000154170000
2728,000000000000	0,132163290000	0,000258229000	0,000110310000	0,000153859000
2729,000000000000	0,132160150000	0,000247574000	0,000110236000	0,000153371000
2730,000000000000	0,132270150000	0,000192646000	0,000109284000	0,000153029000
2731,000000000000	0,132271350000	0,000254310000	0,000096910000	0,000152728000
2732,000000000000	0,132268200000	0,000258291000	0,000096669000	0,000152168000
2733,000000000000	0,132312530000	0,000235001000	0,000096533000	0,000151794000
2734,000000000000	0,132324880000	0,000213017000	0,000096878000	0,000151265000
2735,000000000000	0,132290850000	0,000226224000	0,000097067000	0,000150829000
2736,000000000000	0,132307220000	0,000267904000	0,000081489000	0,000150497000
2737,000000000000	0,132323690000	0,000259127000	0,000080892000	0,000150258000
2738,000000000000	0,132390890000	0,000211486000	0,000080547000	0,000149843000
2739,000000000000	0,132382000000	0,000237675000	0,000081479000	0,000149335000
2740,000000000000	0,132337780000	0,000285397000	0,000081165000	0,000148982000
2741,000000000000	0,132400640000	0,000253861000	0,000081468000	0,000148567000
2742,000000000000	0,132389480000	0,000241859000	0,000081165000	0,000148173000
2743,000000000000	0,132351870000	0,000220590000	0,000081458000	0,000147778000
2744,000000000000	0,132329870000	0,000255617000	0,000080913000	0,000147229000
2745,000000000000	0,132364880000	0,000282764000	0,000081049000	0,000146627000
2746,000000000000	0,132355990000	0,000246676000	0,000081489000	0,000146481000
2747,000000000000	0,132414730000	0,000214140000	0,000081552000	0,000146004000
2748,000000000000	0,132341680000	0,000256923000	0,000081301000	0,000145921000
2749,000000000000	0,132443990000	0,000229020000	0,000081039000	0,000145216000
2750,000000000000	0,132383190000	0,000226509000	0,000081196000	0,000144884000
2751,000000000000	0,132407140000	0,000239369000	0,000080934000	0,000144614000
2752,000000000000	0,132446270000	0,000254167000	0,000080767000	0,000144033000
2753,000000000000	0,132478670000	0,000300951000	0,000080997000	0,000143213000
2754,000000000000	0,132444530000	0,000260924000	0,000080809000	0,000143275000
2755,000000000000	0,132367150000	0,000231796000	0,000080892000	0,000142860000
2756,000000000000	0,132398260000	0,000239736000	0,000081280000	0,000142061000
2757,000000000000	0,132440410000	0,000253535000	0,000081196000	0,000142092000
2758,000000000000	0,132399230000	0,000261209000	0,000080861000	0,000141740000
2759,000000000000	0,132413650000	0,000229000000	0,000080756000	0,000141241000
2760,000000000000	0,132473140000	0,000218018000	0,000080516000	0,000140826000
2761,000000000000	0,132320980000	0,000269395000	0,000080484000	0,000140660000
2762,000000000000	0,132396090000	0,000273048000	0,000080536000	0,000140131000
2763,000000000000	0,132476070000	0,000215242000	0,000080746000	0,000139571000
2764,000000000000	0,132451580000	0,000211160000	0,000080275000	0,000139280000
2765,000000000000	0,132353390000	0,000261720000	0,000080693000	0,000138762000
2766,000000000000	0,132435100000	0,000257250000	0,000080641000	0,000138668000
2767,000000000000	0,132393380000	0,000233021000	0,000080160000	0,000138097000
2768,000000000000	0,132450600000	0,000206771000	0,000080379000	0,000137651000
2769,000000000000	0,132433150000	0,000246207000	0,000080338000	0,000137506000
2770,000000000000	0,132354800000	0,000274763000	0,000080348000	0,000136583000
2771,000000000000	0,132361410000	0,000250922000	0,000080442000	0,000136282000
2772,000000000000	0,132374850000	0,000237940000	0,000080170000	0,000136095000
2773,000000000000	0,132408880000	0,000252657000	0,000080620000	0,000135628000
2774,000000000000	0,132388070000	0,000263516000	0,000080243000	0,000135119000
2775,000000000000	0,132396090000	0,000262230000	0,000080453000	0,000134870000
2776,000000000000	0,132496550000	0,000226979000	0,000080495000	0,000134466000
2777,000000000000	0,132485820000	0,000239063000	0,000080421000	0,000134009000
2778,000000000000	0,132453530000	0,000267823000	0,000080390000	0,000133511000
2779,000000000000	0,132520400000	0,000284111000	0,000080055000	0,000133189000
2780,000000000000	0,132525160000	0,000212487000	0,000080254000	0,000132650000
2781,000000000000	0,132533400000	0,000229081000	0,000079929000	0,000132515000
2782,000000000000	0,132533940000	0,000265945000	0,000080369000	0,000131975000
2783,000000000000	0,132587810000	0,000277192000	0,000081384000	0,000131675000
2784,000000000000	0,132562990000	0,000228693000	0,000080390000	0,000131249000
2785,000000000000	0,132577400000	0,000243655000	0,000080432000	0,000130637000
2786,000000000000	0,132584450000	0,000257535000	0,000080390000	0,000130492000
2787,000000000000	0,132558550000	0,000256372000	0,000080160000	0,000130077000
2788,000000000000	0,132555400000	0,000258291000	0,000080097000	0,000129838000
2789,001000000000	0,132524950000	0,000231143000	0,000080065000	0,000129226000
2790,000000000000	0,132491030000	0,000252371000	0,000080934000	0,000128904000
2791,000000000000	0,132526250000	0,000251779000	0,000080317000	0,000128365000
2792,000000000000	0,132492540000	0,000236736000	0,000079291000	0,000128043000
2793,000000000000	0,132454830000	0,000221509000	0,000080254000	0,000127638000
2794,000000000000	0,132516170000	0,000262659000	0,000079929000	0,000127140000
2795,000000000000	0,132527770000	0,000254412000	0,000079992000	0,000126756000
2796,000000000000	0,132539690000	0,000294766000	0,000079950000	0,000126393000
2797,000000000000	0,132523110000	0,000239695000	0,000080139000	0,000125999000
2798,000000000000	0,132575020000	0,000223733000	0,000079647000	0,000125449000
2799,000000000000	0,132598100000	0,000255249000	0,000080139000	0,000125127000
2800,000000000000	0,132604500000	0,000233878000	0,000079961000	0,000124733000
2801,000000000000	0,132610460000	0,000219569000	0,000080107000	0,000124629000
2802,000000000000	0,132568520000	0,000242124000	0,000079416000	0,000124079000
2803,000000000000	0,132569270000	0,000266190000	0,000080044000	0,000123114000
2804,000000000000	0,132604500000	0,000248411000	0,000079437000	0,000123176000
2805,000000000000	0,132640690000	0,000210180000	0,000079563000	0,000123508000
2806,000000000000	0,132590840000	0,000222652000	0,000080369000	0,000123955000
2807,000000000000	0,132608400000	0,000216079000	0,000079804000	0,000124256000
2808,000000000000	0,132588890000	0,000248962000	0,000080065000	0,000124598000
2809,000000000000	0,132545540000	0,000239900000	0,000080453000	0,000125096000
2810,000000000000	0,132618690000	0,000228510000	0,000080191000	0,000125490000
2811,000000000000	0,132610780000	0,000240165000	0,000080379000	0,000125864000
2812,000000000000	0,132594090000	0,000275008000	0,000080023000	0,000126300000
2813,000000000000	0,132531990000	0,000271232000	0,000080201000	0,000126953000
2814,000000000000	0,132522670000	0,000233225000	0,000079919000	0,000127088000
2815,000000000000	0,132568840000	0,000216834000	0,000079668000	0,000127358000
2816,000000000000	0,132526790000	0,000254392000	0,000079741000	0,000127929000
2817,000000000000	0,132517250000	0,000235776000	0,000080358000	0,000128510000
2818,000000000000	0,132540120000	0,000214181000	0,000080013000	0,000128427000
2819,000000000000	0,132493300000	0,000232633000	0,000080338000	0,000129164000
2820,000000000000	0,132481710000	0,000276600000	0,000080317000	0,000129485000
2821,001000000000	0,132567650000	0,000253780000	0,000079982000	0,000130014000
2822,000000000000	0,132526570000	0,000225285000	0,000080317000	0,000130461000
2823,000000000000	0,132559740000	0,000209425000	0,000079992000	0,000130844000
2824,000000000000	0,132589000000	0,000237144000	0,000080495000	0,000131322000
2825,000000000000	0,132562560000	0,000262271000	0,000080495000	0,000131322000
2826,000000000000	0,132523860000	0,000226714000	0,000080578000	0,000132173000
2827,000000000000	0,132511830000	0,000204995000	0,000079783000	0,000132432000
2828,001000000000	0,132527010000	0,000240124000	0,000080369000	0,000132889000
2829,000000000000	0,132517470000	0,000242390000	0,000080599000	0,000132878000
2830,000000000000	0,132602110000	0,000227285000	0,000080683000	0,000133719000
2831,000000000000	0,132576970000	0,000205322000	0,000080097000	0,000133926000
2832,000000000000	0,132611760000	0,000205281000	0,000080421000	0,000134590000
2833,000000000000	0,132631700000	0,000250146000	0,000080296000	0,000134933000
2834,000000000000	0,132617180000	0,000230163000	0,000080463000	0,000135088000
2835,000000000000	0,132608180000	0,000215283000	0,000080400000	0,000135472000
2836,000000000000	0,132607310000	0,000243880000	0,000080610000	0,000136064000
2837,000000000000	0,132618690000	0,000236021000	0,000080704000	0,000136105000
2838,000000000000	0,132625200000	0,000258393000	0,000080851000	0,000136800000
2839,000000000000	0,132646330000	0,000206383000	0,000080526000	0,000137205000
2840,000000000000	0,132544560000	0,000236940000	0,000080777000	0,000137641000
2841,000000000000	0,132608290000	0,000251432000	0,000080453000	0,000138263000
2842,000000000000	0,132644600000	0,000232429000	0,000080568000	0,000138564000
2843,000000000000	0,132640370000	0,000227775000	0,000080756000	0,000138803000
2844,000000000000	0,132607960000	0,000218814000	0,000080599000	0,000139353000
2845,000000000000	0,132700740000	0,000200648000	0,000080631000	0,000139623000
2846,000000000000	0,132632350000	0,000253045000	0,000080526000	0,000140235000
2847,000000000000	0,132637770000	0,000233674000	0,000080149000	0,000140588000
2848,000000000000	0,132612410000	0,000212711000	0,000080871000	0,000140775000
2849,000000000000	0,132620650000	0,000256086000	0,000080505000	0,000141075000
2850,000000000000	0,132547920000	0,000238859000	0,000081081000	0,000141657000
2851,000000000000	0,132621190000	0,000213630000	0,000081332000	0,000142238000
2852,000000000000	0,132600490000	0,000209772000	0,000081049000	0,000142321000
2853,000000000000	0,132649260000	0,000230633000	0,000081322000	0,000142871000
2854,000000000000	0,132655760000	0,000255862000	0,000081008000	0,000143265000
2855,000000000000	0,132675270000	0,000248187000	0,000081384000	0,000143711000
2856,000000000000	0,132644920000	0,000209078000	0,000080746000	0,000144126000
2857,000000000000	0,132721000000	0,000209711000	0,000080924000	0,000144344000
2858,000000000000	0,132705720000	0,000259148000	0,000080861000	0,000144873000
2859,000000000000	0,132663350000	0,000258985000	0,000081206000	0,000145143000
2860,000000000000	0,132748200000	0,000206751000	0,000080767000	0,000145599000
2861,000000000000	0,132721440000	0,000212242000	0,000081301000	0,000146232000
2862,000000000000	0,132687300000	0,000242798000	0,000081227000	0,000146450000
2863,000000000000	0,132661500000	0,000257290000	0,000081594000	0,000146803000
2864,000000000000	0,132647850000	0,000226979000	0,000081186000	0,000147229000
2865,000000000000	0,132621510000	0,000218733000	0,000081154000	0,000147986000
2866,000000000000	0,132678520000	0,000229040000	0,000081343000	0,000148183000
2867,000000000000	0,132622920000	0,000249391000	0,000081395000	0,000149293000
2868,000000000000	0,132648170000	0,000234878000	0,000081196000	0,000148899000
2869,000000000000	0,132655870000	0,000199627000	0,000081416000	0,000149221000
2870,000000000000	0,132658140000	0,000229285000	0,000080997000	0,000149771000
2871,000000000000	0,132634300000	0,000231653000	0,000081196000	0,000149906000
2872,000000000000	0,132723490000	0,000220794000	0,000081719000	0,000150476000
2873,000000000000	0,132712220000	0,000203230000	0,000081521000	0,000150974000
2874,000000000000	0,132722840000	0,000207302000	0,000081887000	0,000151545000
2875,000000000000	0,132725660000	0,000239716000	0,000082410000	0,000151711000
2876,000000000000	0,132723490000	0,000259189000	0,000081583000	0,000152054000
2877,000000000000	0,132709300000	0,000222182000	0,000081992000	0,000152375000
2878,000000000000	0,132698890000	0,000228408000	0,000081960000	0,000152967000
2879,000000000000	0,132718940000	0,000248779000	0,000081615000	0,000153434000
2880,000000000000	0,132716450000	0,000241594000	0,000082431000	0,000153745000
2881,000000000000	0,132695430000	0,000225550000	0,000081678000	0,000154295000
2882,000000000000	0,132644810000	0,000209098000	0,000082023000	0,000154668000
2883,000000000000	0,132615660000	0,000234450000	0,000082149000	0,000154897000
2884,000000000000	0,132621300000	0,000255841000	0,000081960000	0,000155187000
2885,000000000000	0,132580000000	0,000235715000	0,000082117000	0,000155696000
2886,000000000000	0,132543260000	0,000246329000	0,000082264000	0,000156121000
2887,001000000000	0,132641780000	0,000225652000	0,000082442000	0,000156650000
2888,000000000000	0,132600700000	0,000259332000	0,000082976000	0,000157107000
2889,000000000000	0,132628450000	0,000238042000	0,000084180000	0,000157366000
2890,000000000000	0,132610020000	0,000230122000	0,000088189000	0,000157823000
2891,000000000000	0,132630620000	0,000210384000	0,000098637000	0,000158051000
2892,000000000000	0,132541640000	0,000268558000	0,000112299000	0,000158383000
2893,000000000000	0,132530800000	0,000244655000	0,000129143000	0,000158995000
2894,000000000000	0,132508260000	0,000234919000	0,000137194000	0,000159161000
2895,000000000000	0,132467400000	0,000234613000	0,000142365000	0,000159722000
2896,000000000000	0,132438030000	0,000248860000	0,000146312000	0,000160220000
2897,000000000000	0,132365740000	0,000272191000	0,000149578000	0,000160448000
2898,000000000000	0,132371380000	0,000219794000	0,000151148000	0,000161133000
2899,000000000000	0,132326080000	0,000225223000	0,000154352000	0,000161423000
2900,000000000000	0,132302230000	0,000237471000	0,000156205000	0,000161610000
2901,000000000000	0,132317190000	0,000239491000	0,000157817000	0,000162399000
2902,000000000000	0,132274920000	0,000225999000	0,000159461000	0,000162523000
2903,000000000000	0,132215420000	0,000213977000	0,000161649000	0,000162938000
2904,000000000000	0,132151480000	0,000246411000	0,000163648000	0,000163415000
2905,000000000000	0,132138580000	0,000243676000	0,000165355000	0,000163831000
2906,000000000000	0,132106400000	0,000211303000	0,000166967000	0,000164131000
2907,000000000000	0,132136090000	0,000204097000	0,000168925000	0,000164764000
2908,000000000000	0,132101520000	0,000243696000	0,000170170000	0,000165200000
2909,000000000000	0,132104010000	0,000247534000	0,000172599000	0,000165470000
2910,000000000000	0,132029670000	0,000269701000	0,000174787000	0,000165958000
2911,000000000000	0,132054810000	0,000242471000	0,000177886000	0,000166196000
2912,000000000000	0,132031400000	0,000235736000	0,000180178000	0,000166497000
2913,000000000000	0,131976340000	0,000245349000	0,000180021000	0,000167161000
2914,000000000000	0,131988810000	0,000267557000	0,000180126000	0,000167566000
2915,000000000000	0,131903410000	0,000263883000	0,000180440000	0,000167825000
2916,000000000000	0,131940470000	0,000222917000	0,000181121000	0,000168272000
2917,000000000000	0,131911530000	0,000254698000	0,000180566000	0,000168562000
2918,000000000000	0,131884010000	0,000251065000	0,000179142000	0,000168956000
2919,000000000000	0,131863630000	0,000227346000	0,000180712000	0,000169434000
2920,000000000000	0,131976340000	0,000219814000	0,000180775000	0,000169735000
2921,000000000000	0,131926920000	0,000256433000	0,000180932000	0,000170316000
2922,000000000000	0,131905470000	0,000257944000	0,000181299000	0,000170762000
2923,000000000000	0,131940580000	0,000236838000	0,000181634000	0,000171011000
2924,000000000000	0,131869700000	0,000236940000	0,000181435000	0,000171550000
2925,000000000000	0,131870570000	0,000237430000	0,000180775000	0,000171872000
2926,000000000000	0,131869810000	0,000247819000	0,000181445000	0,000172598000
2927,000000000000	0,131940250000	0,000238940000	0,000182063000	0,000172837000
2928,000000000000	0,131864820000	0,000239083000	0,000181853000	0,000173180000
2929,000000000000	0,131853340000	0,000249350000	0,000181780000	0,000173512000
2930,000000000000	0,131902860000	0,000241859000	0,000182304000	0,000173854000
2931,000000000000	0,131967570000	0,000222203000	0,000181508000	0,000174591000
2932,000000000000	0,131915870000	0,000238532000	0,000182126000	0,000174694000
2933,000000000000	0,131918800000	0,000261087000	0,000182136000	0,000175078000
2934,000000000000	0,131946000000	0,000241145000	0,000182105000	0,000175493000
2935,000000000000	0,132001160000	0,000247717000	0,000182157000	0,000175784000
2936,000000000000	0,131912080000	0,000247717000	0,000182544000	0,000176448000
2937,000000000000	0,131977320000	0,000247166000	0,000182325000	0,000176573000
2938,000000000000	0,132005820000	0,000250228000	0,000182555000	0,000176873000
2939,000000000000	0,132028910000	0,000248003000	0,000182879000	0,000177610000
2940,000000000000	0,131969520000	0,000225530000	0,000182565000	0,000177859000
2941,000000000000	0,131933970000	0,000231449000	0,000182356000	0,000178202000
2942,000000000000	0,132020130000	0,000258842000	0,000182691000	0,000179468000
2943,000000000000	0,131950880000	0,000253208000	0,000183068000	0,000179063000
2944,000000000000	0,131949470000	0,000249044000	0,000182984000	0,000179530000
2945,000000000000	0,131941230000	0,000220263000	0,000183434000	0,000179893000
2946,000000000000	0,131954450000	0,000232388000	0,000182660000	0,000180256000
2947,000000000000	0,131935700000	0,000261638000	0,000183078000	0,000180713000
2948,000000000000	0,131979920000	0,000250167000	0,000183696000	0,000180899000
2949,000000000000	0,132032810000	0,000236572000	0,000183727000	0,000181574000
2950,000000000000	0,132040610000	0,000250820000	0,000183319000	0,000182030000
2951,000000000000	0,131987070000	0,000274355000	0,000183445000	0,000182311000
2952,000000000000	0,132037900000	0,000237552000	0,000183665000	0,000182819000
2953,000000000000	0,132101840000	0,000248799000	0,000183581000	0,000183213000
2954,000000000000	0,132094910000	0,000210445000	0,000183790000	0,000183711000
2955,000000000000	0,132025220000	0,000283846000	0,000183602000	0,000184106000
2956,000000000000	0,132115720000	0,000254249000	0,000183508000	0,000184365000
2957,000000000000	0,132040610000	0,000242226000	0,000184021000	0,000184863000
2958,000000000000	0,132032380000	0,000232960000	0,000183968000	0,000185216000
2959,000000000000	0,132072580000	0,000267945000	0,000184544000	0,000185455000
2960,000000000000	0,132045060000	0,000277355000	0,000184272000	0,000186108000
2961,000000000000	0,131993580000	0,000241267000	0,000184104000	0,000186461000
2962,000000000000	0,132077680000	0,000234245000	0,000184387000	0,000186710000
2963,001000000000	0,132084180000	0,000273885000	0,000184010000	0,000187260000
2964,000000000000	0,132057840000	0,000258576000	0,000184345000	0,000187561000
2965,000000000000	0,132079410000	0,000235409000	0,000184460000	0,000188080000
2966,000000000000	0,132017960000	0,000240471000	0,000184649000	0,000188547000
2967,000000000000	0,132029670000	0,000231225000	0,000184481000	0,000188962000
2968,000000000000	0,132071500000	0,000267190000	0,000184659000	0,000189149000
2969,000000000000	0,132056650000	0,000217712000	0,000184460000	0,000189522000
2970,000000000000	0,132051990000	0,000224387000	0,000184868000	0,000189844000
2971,000000000000	0,132036380000	0,000255331000	0,000184492000	0,000190394000
2972,000000000000	0,132042780000	0,000265700000	0,000184230000	0,000190684000
2973,000000000000	0,132034540000	0,000266700000	0,000184219000	0,000191079000
2974,000000000000	0,132012330000	0,000232021000	0,000184994000	0,000191639000
2975,000000000000	0,132058280000	0,000242022000	0,000184942000	0,000192012000
2976,000000000000	0,132136200000	0,000250105000	0,000184732000	0,000192479000
2977,000000000000	0,132093070000	0,000263822000	0,000185088000	0,000192811000
2978,001000000000	0,132129050000	0,000239308000	0,000184722000	0,000193216000
2979,000000000000	0,132048740000	0,000254290000	0,000185549000	0,000193683000
2980,000000000000	0,132092740000	0,000260760000	0,000185026000	0,000194233000
2981,000000000000	0,132119940000	0,000262965000	0,000185046000	0,000194492000
2982,000000000000	0,132157230000	0,000220631000	0,000185162000	0,000194824000
2983,000000000000	0,132191580000	0,000226020000	0,000184858000	0,000195260000
2984,000000000000	0,132155380000	0,000272089000	0,000184743000	0,000195613000
2985,000000000000	0,132141080000	0,000251861000	0,000185224000	0,000196018000
2986,000000000000	0,132194290000	0,000239348000	0,000185287000	0,000196640000
2987,000000000000	0,132163940000	0,000230184000	0,000185706000	0,000196962000
2988,000000000000	0,132214010000	0,000260617000	0,000185507000	0,000197346000
2989,000000000000	0,132245550000	0,000268394000	0,000185319000	0,000197844000
2990,000000000000	0,132216290000	0,000237409000	0,000185308000	0,000198051000
2991,001000000000	0,132231790000	0,000215160000	0,000185266000	0,000198435000
2992,000000000000	0,132224200000	0,000237144000	0,000185120000	0,000198902000
2993,000000000000	0,132245440000	0,000247248000	0,000185549000	0,000199234000
2994,000000000000	0,132149420000	0,000266210000	0,000185968000	0,000199795000
2995,000000000000	0,132177170000	0,000230510000	0,000185528000	0,000200064000
2996,000000000000	0,132159610000	0,000261230000	0,000185978000	0,000200313000
2997,000000000000	0,132187680000	0,000252698000	0,000185737000	0,000200998000
2998,000000000000	0,132189520000	0,000275559000	0,000185549000	0,000201227000
2999,000000000000	0,132226480000	0,000239818000	0,000185685000	0,000201071000
3000,000000000000	0,132238180000	0,000240838000	0,000185570000	0,000202119000
3001,000000000000	0,132186380000	0,000271477000	0,000186177000	0,000202607000
3002,000000000000	0,132164160000	0,000267884000	0,000186114000	0,000202804000
3003,000000000000	0,132272860000	0,000241369000	0,000186219000	0,000203229000
3004,000000000000	0,132181500000	0,000230163000	0,000186031000	0,000203914000
3005,000000000000	0,132170990000	0,000248207000	0,000185601000	0,000203603000
3006,000000000000	0,132175110000	0,000270946000	0,000186062000	0,000202814000
3007,000000000000	0,132140210000	0,000249391000	0,000185905000	0,000202648000
3008,000000000000	0,132233520000	0,000192156000	0,000186219000	0,000201963000
3009,000000000000	0,132193420000	0,000253208000	0,000185884000	0,000201776000
3010,000000000000	0,132184970000	0,000216161000	0,000185654000	0,000201507000
3011,000000000000	0,132146390000	0,000249003000	0,000185423000	0,000200967000
3012,000000000000	0,132110410000	0,000232123000	0,000185936000	0,000200417000
3013,000000000000	0,132139880000	0,000229408000	0,000186931000	0,000200189000
3014,000000000000	0,132131540000	0,000246043000	0,000185162000	0,000199587000
3015,000000000000	0,132121790000	0,000237328000	0,000185664000	0,000199411000
3016,000000000000	0,132144220000	0,000221447000	0,000185287000	0,000198674000
3017,000000000000	0,132083100000	0,000213997000	0,000186072000	0,000198383000
3018,000000000000	0,132122980000	0,000237083000	0,000184691000	0,000198072000
3019,000000000000	0,132140750000	0,000245696000	0,000185266000	0,000197553000
3020,000000000000	0,132055030000	0,000236838000	0,000185444000	0,000197304000
3021,000000000000	0,132092520000	0,000224325000	0,000185172000	0,000196837000
3022,000000000000	0,132010700000	0,000229571000	0,000185162000	0,000196578000
3023,000000000000	0,132033680000	0,000249493000	0,000184921000	0,000196080000
3024,000000000000	0,131996610000	0,000241247000	0,000185183000	0,000195623000
3025,000000000000	0,131986970000	0,000220018000	0,000185402000	0,000195188000
3026,000000000000	0,131997370000	0,000238736000	0,000184764000	0,000194689000
3027,000000000000	0,132008210000	0,000228265000	0,000184889000	0,000194451000
3028,000000000000	0,131963340000	0,000258944000	0,000184795000	0,000193839000
3029,000000000000	0,132056220000	0,000226264000	0,000185078000	0,000193507000
3030,000000000000	0,131988480000	0,000233143000	0,000185476000	0,000193289000
3031,000000000000	0,131958900000	0,000256821000	0,000184680000	0,000192926000
3032,000000000000	0,132015030000	0,000248758000	0,000185203000	0,000192687000
3033,000000000000	0,131936030000	0,000230551000	0,000184481000	0,000192147000
3034,000000000000	0,131896900000	0,000236287000	0,000184994000	0,000191712000
3035,000000000000	0,131903410000	0,000319199000	0,000184711000	0,000191494000
3036,000000000000	0,131897450000	0,000276682000	0,000185130000	0,000190861000
3037,000000000000	0,131897990000	0,000257903000	0,000184575000	0,000190549000
3038,000000000000	0,131880000000	0,000236552000	0,000184303000	0,000190082000
3039,000000000000	0,131829060000	0,000279355000	0,000184670000	0,000189802000
3040,000000000000	0,131876960000	0,000270129000	0,000184523000	0,000189512000
3041,000000000000	0,131909690000	0,000233225000	0,000184492000	0,000188962000
3042,000000000000	0,131962360000	0,000248166000	0,000184397000	0,000188578000
3043,000000000000	0,131967350000	0,000274212000	0,000184492000	0,000188090000
3044,001000000000	0,131888340000	0,000282295000	0,000184178000	0,000187592000
3045,000000000000	0,131932990000	0,000246635000	0,000184272000	0,000187177000
3046,000000000000	0,131864500000	0,000257474000	0,000184303000	0,000187053000
3047,000000000000	0,131892570000	0,000260577000	0,000183968000	0,000186513000
3048,000000000000	0,131947950000	0,000247023000	0,000184293000	0,000186077000
3049,000000000000	0,131938950000	0,000246431000	0,000184052000	0,000185527000
3050,000000000000	0,131944810000	0,000251106000	0,000184021000	0,000185268000
3051,000000000000	0,131987400000	0,000240655000	0,000184104000	0,000184967000
3052,000000000000	0,131935050000	0,000263210000	0,000184209000	0,000184241000
3053,000000000000	0,131975260000	0,000263149000	0,000183455000	0,000183504000
3054,000000000000	0,131996180000	0,000224734000	0,000184000000	0,000183411000
3055,000000000000	0,131994550000	0,000228979000	0,000183424000	0,000183130000
3056,000000000000	0,132012980000	0,000249473000	0,000183036000	0,000182663000
3057,000000000000	0,131966160000	0,000262026000	0,000183644000	0,000182466000
3058,000000000000	0,131960090000	0,000221284000	0,000183445000	0,000182082000
3059,000000000000	0,131968220000	0,000257147000	0,000183549000	0,000181553000
3060,000000000000	0,131989670000	0,000264373000	0,000183549000	0,000181335000
3061,000000000000	0,131948490000	0,000266537000	0,000183466000	0,000180723000
3062,000000000000	0,131951310000	0,000252759000	0,000183026000	0,000180350000
3063,000000000000	0,131961390000	0,000236879000	0,000183822000	0,000179893000
3064,000000000000	0,131952500000	0,000245064000	0,000184146000	0,000179644000
3065,000000000000	0,131952610000	0,000260189000	0,000183298000	0,000179042000
3066,000000000000	0,131987070000	0,000234735000	0,000183225000	0,000178586000
3067,000000000000	0,131953370000	0,000239389000	0,000183256000	0,000178274000
3068,000000000000	0,132007770000	0,000281335000	0,000182722000	0,000177807000
3069,000000000000	0,131980250000	0,000195912000	0,000182921000	0,000177465000
3070,000000000000	0,131990650000	0,000258842000	0,000182953000	0,000177133000
3071,000000000000	0,131988920000	0,000223611000	0,000182890000	0,000176562000
3072,000000000000	0,131962150000	0,000269517000	0,000183780000	0,000176178000
3073,001000000000	0,131992930000	0,000285867000	0,000182869000	0,000175950000
3074,000000000000	0,132027280000	0,000261169000	0,000183026000	0,000175390000
3075,000000000000	0,131968000000	0,000240818000	0,000183036000	0,000175234000
3076,000000000000	0,131905470000	0,000242900000	0,000182827000	0,000174580000
3077,000000000000	0,131914680000	0,000258576000	0,000182429000	0,000174331000
3078,000000000000	0,131963660000	0,000274416000	0,000182188000	0,000173802000
3079,000000000000	0,132025110000	0,000231082000	0,000182084000	0,000173678000
3080,000000000000	0,132047870000	0,000232776000	0,000182701000	0,000173138000
3081,000000000000	0,132088190000	0,000241859000	0,000182754000	0,000172557000
3082,001000000000	0,132140970000	0,000245839000	0,000183036000	0,000171966000
3083,000000000000	0,132191800000	0,000231306000	0,000182712000	0,000171779000
3084,000000000000	0,132185400000	0,000229102000	0,000182586000	0,000171426000
3085,000000000000	0,132178680000	0,000267047000	0,000182513000	0,000170969000
3086,000000000000	0,132220730000	0,000243267000	0,000182356000	0,000170710000
3087,000000000000	0,132234930000	0,000246737000	0,000183110000	0,000170399000
3088,000000000000	0,132237970000	0,000223835000	0,000182387000	0,000169735000
3089,000000000000	0,132237100000	0,000234143000	0,000182618000	0,000169486000
3090,000000000000	0,132262570000	0,000257637000	0,000182063000	0,000169122000
3091,000000000000	0,132276010000	0,000222509000	0,000182094000	0,000168728000
3092,000000000000	0,132238290000	0,000274579000	0,000181895000	0,000168085000
3093,000000000000	0,132271670000	0,000255065000	0,000182052000	0,000167587000
3094,000000000000	0,132294650000	0,000267047000	0,000182094000	0,000167597000
3095,000000000000	0,132271560000	0,000258597000	0,000181969000	0,000166933000
3096,000000000000	0,132261160000	0,000226775000	0,000181906000	0,000166715000
3097,000000000000	0,132216830000	0,000233960000	0,000181906000	0,000166207000
3098,000000000000	0,132255410000	0,000261107000	0,000182136000	0,000165854000
3099,000000000000	0,132181830000	0,000249473000	0,000181278000	0,000165460000
3100,000000000000	0,132136310000	0,000223938000	0,000180472000	0,000165096000
3101,000000000000	0,132046030000	0,000228898000	0,000180356000	0,000164713000
3102,000000000000	0,132041700000	0,000240165000	0,000180775000	0,000164349000
3103,000000000000	0,131974940000	0,000273395000	0,000180524000	0,000163748000
3104,000000000000	0,131994660000	0,000262026000	0,000180210000	0,000163654000
3105,000000000000	0,132008530000	0,000215997000	0,000179885000	0,000163104000
3106,000000000000	0,131943830000	0,000247697000	0,000180032000	0,000162419000
3107,000000000000	0,131891160000	0,000262985000	0,000179875000	0,000161932000
3108,000000000000	0,131908070000	0,000246411000	0,000180639000	0,000161890000
3109,000000000000	0,131925520000	0,000219345000	0,000179027000	0,000161413000
3110,000000000000	0,131859950000	0,000273293000	0,000178587000	0,000160946000
3111,000000000000	0,131921510000	0,000287459000	0,000177792000	0,000160593000
3112,001000000000	0,131948490000	0,000252351000	0,000178022000	0,000160240000
3113,000000000000	0,131908280000	0,000245145000	0,000177676000	0,000159867000
3114,000000000000	0,131917390000	0,000256106000	0,000176787000	0,000159514000
3115,000000000000	0,131916740000	0,000253453000	0,000176902000	0,000158860000
3116,000000000000	0,131975040000	0,000279131000	0,000176692000	0,000158497000
3117,000000000000	0,131997150000	0,000227489000	0,000172829000	0,000158186000
3118,000000000000	0,131973740000	0,000212629000	0,000170359000	0,000157802000
3119,000000000000	0,131963010000	0,000258495000	0,000165302000	0,000157387000
3120,000000000000	0,132016660000	0,000246799000	0,000161827000	0,000156951000
3121,000000000000	0,132050150000	0,000212731000	0,000156739000	0,000156422000
3122,000000000000	0,132079840000	0,000238981000	0,000155828000	0,000156256000
3123,000000000000	0,132078540000	0,000261577000	0,000141297000	0,000155799000
3124,000000000000	0,132107050000	0,000255453000	0,000136628000	0,000154886000
3125,000000000000	0,132106400000	0,000254535000	0,000132755000	0,000154814000
3126,000000000000	0,132144330000	0,000217936000	0,000123532000	0,000154575000
3127,000000000000	0,132154620000	0,000250942000	0,000114602000	0,000153942000
3128,000000000000	0,132206100000	0,000242002000	0,000110373000	0,000153766000
3129,000000000000	0,132272210000	0,000228061000	0,000110257000	0,000153371000
3130,000000000000	0,132297250000	0,000220100000	0,000109891000	0,000152998000
3131,000000000000	0,132301580000	0,000236409000	0,000097014000	0,000152458000
3132,000000000000	0,132299960000	0,000241716000	0,000097077000	0,000152137000
3133,000000000000	0,132302130000	0,000281560000	0,000097349000	0,000151773000
3134,000000000000	0,132317510000	0,000216528000	0,000096690000	0,000151400000
3135,000000000000	0,132367040000	0,000228755000	0,000096847000	0,000150424000
3136,000000000000	0,132357610000	0,000277233000	0,000081636000	0,000150559000
3137,000000000000	0,132452550000	0,000254759000	0,000081751000	0,000150103000
3138,000000000000	0,132453640000	0,000221121000	0,000080934000	0,000149833000
3139,000000000000	0,132452440000	0,000249228000	0,000081332000	0,000149553000
3140,000000000000	0,132400970000	0,000267823000	0,000080840000	0,000148889000
3141,000000000000	0,132468810000	0,000270456000	0,000081405000	0,000148526000
3142,000000000000	0,132435100000	0,000215426000	0,000081070000	0,000148308000
3143,000000000000	0,132431640000	0,000210200000	0,000080871000	0,000147675000
3144,000000000000	0,132573610000	0,000252473000	0,000081248000	0,000147114000
3145,001000000000	0,132590410000	0,000244288000	0,000080997000	0,000146751000
3146,000000000000	0,132584560000	0,000231020000	0,000081133000	0,000146450000
3147,000000000000	0,132589760000	0,000195463000	0,000081541000	0,000146170000
3148,000000000000	0,132554210000	0,000213895000	0,000081290000	0,000145776000
3149,000000000000	0,132641670000	0,000238879000	0,000080746000	0,000145340000
3150,000000000000	0,132640040000	0,000217079000	0,000081374000	0,000144769000
3151,001000000000	0,132560170000	0,000207486000	0,000080924000	0,000144313000
3152,000000000000	0,132519960000	0,000245207000	0,000080714000	0,000143898000
3153,000000000000	0,132540010000	0,000265312000	0,000080693000	0,000143535000
3154,000000000000	0,132558220000	0,000281009000	0,000080557000	0,000143275000
3155,000000000000	0,132610460000	0,000214017000	0,000081280000	0,000143047000
3156,000000000000	0,132570030000	0,000231122000	0,000080903000	0,000142352000
3157,000000000000	0,132643400000	0,000244798000	0,000080191000	0,000142258000
3158,000000000000	0,132593770000	0,000243165000	0,000080516000	0,000141688000
3159,000000000000	0,132619130000	0,000213446000	0,000080882000	0,000141148000
3160,000000000000	0,132629210000	0,000207241000	0,000080505000	0,000140795000
3161,000000000000	0,132670720000	0,000256658000	0,000081102000	0,000140318000
3162,000000000000	0,132733140000	0,000259025000	0,000080526000	0,000139955000
3163,001000000000	0,132735960000	0,000222897000	0,000080631000	0,000139675000
3164,000000000000	0,132711360000	0,000222366000	0,000080400000	0,000139332000
3165,000000000000	0,132730760000	0,000245554000	0,000080599000	0,000138658000
3166,000000000000	0,132752320000	0,000250391000	0,000080882000	0,000138450000
3167,000000000000	0,132736280000	0,000232572000	0,000081008000	0,000138108000
3168,000000000000	0,132769660000	0,000196259000	0,000080589000	0,000137454000
3169,000000000000	0,132709410000	0,000233715000	0,000080526000	0,000137101000
3170,000000000000	0,132662260000	0,000240614000	0,000080285000	0,000136935000
3171,000000000000	0,132718620000	0,000227857000	0,000080003000	0,000136458000
3172,000000000000	0,132634730000	0,000220141000	0,000080034000	0,000136147000
3173,000000000000	0,132646220000	0,000240002000	0,000080421000	0,000135752000
3174,000000000000	0,132616530000	0,000221549000	0,000080034000	0,000135151000
3175,000000000000	0,132649040000	0,000239614000	0,000080201000	0,000135576000
3176,000000000000	0,132618800000	0,000191524000	0,000080118000	0,000134704000
3177,000000000000	0,132655110000	0,000177297000	0,000079877000	0,000134237000
3178,000000000000	0,132591170000	0,000272497000	0,000080128000	0,000133646000
3179,000000000000	0,132617610000	0,000273803000	0,000080411000	0,000133023000
3180,000000000000	0,132679930000	0,000227591000	0,000080390000	0,000132889000
3181,000000000000	0,132689460000	0,000231592000	0,000080463000	0,000132411000
3182,000000000000	0,132644270000	0,000266006000	0,000080306000	0,000131851000
3183,000000000000	0,132660960000	0,000258801000	0,000080620000	0,000131602000
3184,000000000000	0,132619450000	0,000250942000	0,000080076000	0,000131477000
3185,000000000000	0,132631270000	0,000197137000	0,000079866000	0,000130865000
3186,000000000000	0,132596480000	0,000241369000	0,000080013000	0,000130585000
3187,000000000000	0,132588780000	0,000237164000	0,000080390000	0,000129848000
3188,000000000000	0,132559740000	0,000221447000	0,000080463000	0,000129568000
3189,000000000000	0,132635280000	0,000216344000	0,000080714000	0,000129184000
3190,000000000000	0,132524620000	0,000243308000	0,000080034000	0,000128852000
3191,000000000000	0,132558440000	0,000229143000	0,000080201000	0,000128416000
3192,001000000000	0,132516280000	0,000239961000	0,000080254000	0,000127949000
3193,000000000000	0,132514000000	0,000230000000	0,000079887000	0,000127659000
3194,000000000000	0,132548790000	0,000230122000	0,000080243000	0,000127244000
3195,000000000000	0,132575780000	0,000242655000	0,000079699000	0,000126891000
3196,000000000000	0,132524840000	0,000259332000	0,000080097000	0,000126383000
3197,000000000000	0,132498500000	0,000211711000	0,000080463000	0,000126196000
3198,000000000000	0,132535240000	0,000207118000	0,000080212000	0,000125521000
3199,000000000000	0,132566560000	0,000255780000	0,000080212000	0,000125044000
3200,000000000000	0,132517360000	0,000227877000	0,000079929000	0,000124639000
3201,000000000000	0,132500240000	0,000240002000	0,000079961000	0,000124256000
3202,000000000000	0,132522560000	0,000184257000	0,000079751000	0,000123955000
3203,000000000000	0,132549120000	0,000256229000	0,000080097000	0,000123571000
3204,000000000000	0,132519100000	0,000238287000	0,000080170000	0,000123042000
3205,000000000000	0,132486690000	0,000218712000	0,000079982000	0,000123342000
3206,000000000000	0,132385360000	0,000217242000	0,000079793000	0,000123840000
3207,000000000000	0,132438460000	0,000232449000	0,000079940000	0,000124256000
3208,000000000000	0,132369970000	0,000241512000	0,000080139000	0,000124722000
3209,000000000000	0,132420690000	0,000232510000	0,000079688000	0,000125210000
3210,000000000000	0,132530580000	0,000223488000	0,000080296000	0,000125770000
3211,000000000000	0,132464470000	0,000264149000	0,000080369000	0,000125947000
3212,000000000000	0,132407790000	0,000262271000	0,000080044000	0,000126289000
3213,000000000000	0,132389690000	0,000249166000	0,000080128000	0,000126715000
3214,000000000000	0,132288140000	0,000200076000	0,000080149000	0,000127275000
3215,000000000000	0,132429680000	0,000181093000	0,000079406000	0,000127607000
3216,000000000000	0,132340490000	0,000269721000	0,000080400000	0,000128136000
3217,000000000000	0,132416250000	0,000240267000	0,000079804000	0,000128531000
3218,000000000000	0,132445290000	0,000237062000	0,000080212000	0,000129132000
3219,000000000000	0,132517360000	0,000206363000	0,000080160000	0,000129278000
3220,000000000000	0,132505010000	0,000231061000	0,000080139000	0,000129423000
3221,000000000000	0,132525600000	0,000236634000	0,000079678000	0,000129848000
3222,000000000000	0,132507280000	0,000230878000	0,000079982000	0,000130481000
3223,000000000000	0,132526570000	0,000201872000	0,000079940000	0,000130575000
3224,001000000000	0,132552580000	0,000228530000	0,000079846000	0,000131197000
3225,000000000000	0,132501540000	0,000262128000	0,000079961000	0,000131560000
3226,000000000000	0,132556380000	0,000223203000	0,000080358000	0,000132017000
3227,000000000000	0,132593330000	0,000214671000	0,000080484000	0,000132328000
3228,000000000000	0,132626710000	0,000245533000	0,000080599000	0,000132712000
3229,000000000000	0,132598640000	0,000257597000	0,000080693000	0,000133210000
3230,000000000000	0,132605040000	0,000246431000	0,000080170000	0,000133802000
3231,000000000000	0,132638640000	0,000195034000	0,000080285000	0,000134175000
3232,000000000000	0,132641350000	0,000222019000	0,000080306000	0,000134341000
3233,000000000000	0,132731730000	0,000231204000	0,000080390000	0,000134736000
3234,000000000000	0,132655870000	0,000245819000	0,000080432000	0,000135337000
3235,000000000000	0,132568410000	0,000217692000	0,000079877000	0,000135638000
3236,000000000000	0,132666160000	0,000218120000	0,000080254000	0,000135887000
3237,000000000000	0,132702790000	0,000225387000	0,000080442000	0,000136448000
3238,000000000000	0,132599080000	0,000259597000	0,000080327000	0,000136904000
3239,000000000000	0,132619450000	0,000228489000	0,000080536000	0,000137423000
3240,001000000000	0,132645900000	0,000203199000	0,000080505000	0,000137714000
3241,000000000000	0,132670720000	0,000244717000	0,000080714000	0,000137745000
3242,000000000000	0,132676240000	0,000251453000	0,000081186000	0,000138606000
3243,000000000000	0,132648610000	0,000220059000	0,000080107000	0,000138948000
3244,000000000000	0,132626610000	0,000192095000	0,000080516000	0,000139177000
3245,000000000000	0,132593440000	0,000248207000	0,000080620000	0,000139716000
3246,000000000000	0,132629860000	0,000261985000	0,000080641000	0,000139913000
3247,000000000000	0,132602550000	0,000242533000	0,000080767000	0,000140505000
3248,000000000000	0,132606560000	0,000233633000	0,000080516000	0,000140847000
3249,000000000000	0,132623900000	0,000248003000	0,000080683000	0,000140982000
3250,000000000000	0,132631590000	0,000261189000	0,000080599000	0,000141646000
3251,000000000000	0,132599510000	0,000242247000	0,000081081000	0,000142217000
3252,000000000000	0,132612190000	0,000247472000	0,000080756000	0,000142549000
3253,000000000000	0,132607420000	0,000208894000	0,000080966000	0,000142788000
3254,000000000000	0,132541960000	0,000229571000	0,000080327000	0,000143120000
3255,000000000000	0,132551610000	0,000257005000	0,000081426000	0,000143586000
3256,000000000000	0,132590190000	0,000239103000	0,000080725000	0,000144085000
3257,000000000000	0,132608620000	0,000218671000	0,000080976000	0,000144385000
3258,001000000000	0,132662150000	0,000242676000	0,000081238000	0,000144852000
3259,000000000000	0,132663240000	0,000271089000	0,000081175000	0,000145122000
3260,000000000000	0,132680250000	0,000220121000	0,000081332000	0,000145734000
3261,000000000000	0,132655000000	0,000202219000	0,000081238000	0,000146098000
3262,000000000000	0,132650020000	0,000239042000	0,000080924000	0,000146523000
3263,000000000000	0,132691200000	0,000238675000	0,000081206000	0,000147011000
3264,000000000000	0,132696620000	0,000222121000	0,000080390000	0,000147260000
3265,000000000000	0,132650670000	0,000202893000	0,000080934000	0,000147882000
3266,000000000000	0,132661180000	0,000250085000	0,000081112000	0,000148059000
3267,000000000000	0,132680470000	0,000229163000	0,000081479000	0,000148505000
3268,000000000000	0,132632570000	0,000229561000	0,000081049000	0,000149086000
3269,000000000000	0,132574150000	0,000221672000	0,000081227000	0,000149200000
3270,000000000000	0,132557570000	0,000235919000	0,000081280000	0,000149978000
3271,000000000000	0,132518120000	0,000264312000	0,000081060000	0,000150321000
3272,000000000000	0,132518660000	0,000233368000	0,000080903000	0,000150456000
3273,000000000000	0,132558870000	0,000187074000	0,000081866000	0,000150995000
3274,000000000000	0,132503380000	0,000257107000	0,000081332000	0,000151452000
3275,000000000000	0,132451690000	0,000276886000	0,000081583000	0,000151472000
3276,001000000000	0,132507070000	0,000251412000	0,000081740000	0,000152033000
3277,000000000000	0,132501650000	0,000222672000	0,000081562000	0,000152437000
3278,000000000000	0,132437600000	0,000220672000	0,000081437000	0,000152801000
3279,000000000000	0,132449730000	0,000240553000	0,000081814000	0,000153413000
3280,000000000000	0,132483330000	0,000238675000	0,000082170000	0,000153828000
3281,000000000000	0,132508690000	0,000190279000	0,000082054000	0,000154077000
3282,000000000000	0,132472600000	0,000225040000	0,000082222000	0,000154419000
3283,000000000000	0,132541200000	0,000241961000	0,000081950000	0,000155198000
3284,000000000000	0,132566130000	0,000254249000	0,000082264000	0,000155291000
3285,000000000000	0,132532860000	0,000245390000	0,000082065000	0,000155862000
3286,000000000000	0,132595390000	0,000227693000	0,000082023000	0,000156183000
3287,000000000000	0,132575560000	0,000240920000	0,000082588000	0,000156474000
3288,000000000000	0,132660310000	0,000220815000	0,000083091000	0,000157117000
3289,000000000000	0,132702580000	0,000219610000	0,000083928000	0,000157439000
3290,000000000000	0,132776170000	0,000182869000	0,000088168000	0,000157781000
3291,000000000000	0,132765330000	0,000212221000	0,000098019000	0,000158279000
3292,000000000000	0,132653160000	0,000271395000	0,000111870000	0,000158611000
3293,000000000000	0,132734120000	0,000232061000	0,000127981000	0,000159151000
3294,000000000000	0,132727720000	0,000186298000	0,000136869000	0,000159400000
3295,000000000000	0,132761640000	0,000208282000	0,000141643000	0,000159742000
3296,000000000000	0,132778120000	0,000217814000	0,000145820000	0,000160427000
3297,000000000000	0,132731410000	0,000235001000	0,000149348000	0,000160562000
3298,000000000000	0,132696830000	0,000212915000	0,000151944000	0,000160925000
3299,000000000000	0,132665080000	0,000226958000	0,000153640000	0,000161548000
3300,000000000000	0,132640910000	0,000238552000	0,000156278000	0,000161735000
3301,000000000000	0,132631700000	0,000249432000	0,000157451000	0,000162347000
3302,000000000000	0,132633000000	0,000206036000	0,000159241000	0,000162772000
3303,000000000000	0,132590410000	0,000227857000	0,000161377000	0,000162980000
3304,000000000000	0,132583040000	0,000258025000	0,000163439000	0,000163457000
3305,000000000000	0,132524950000	0,000260556000	0,000165156000	0,000163841000
3306,000000000000	0,132527980000	0,000237899000	0,000166820000	0,000164214000
3307,000000000000	0,132565700000	0,000197525000	0,000168673000	0,000164796000
3308,000000000000	0,132550850000	0,000241267000	0,000170537000	0,000164993000
3309,000000000000	0,132591170000	0,000231041000	0,000172191000	0,000165480000
3310,000000000000	0,132533510000	0,000207302000	0,000174494000	0,000165792000
3311,001000000000	0,132439760000	0,000223039000	0,000177802000	0,000166165000
3312,000000000000	0,132471520000	0,000246493000	0,000179906000	0,000166715000
3313,000000000000	0,132458950000	0,000237021000	0,000180503000	0,000167016000
3314,000000000000	0,132385250000	0,000252861000	0,000180576000	0,000167441000
3315,000000000000	0,132393600000	0,000245880000	0,000180807000	0,000167857000
3316,000000000000	0,132400310000	0,000224346000	0,000180231000	0,000168157000
3317,000000000000	0,132436840000	0,000258699000	0,000180398000	0,000168572000
3318,000000000000	0,132466420000	0,000269374000	0,000180786000	0,000169247000
3319,000000000000	0,132498830000	0,000204853000	0,000180597000	0,000169558000
3320,000000000000	0,132476940000	0,000250146000	0,000180419000	0,000169942000
3321,000000000000	0,132444970000	0,000236144000	0,000180733000	0,000170409000
3322,000000000000	0,132466210000	0,000248554000	0,000181016000	0,000170814000
3323,000000000000	0,132509880000	0,000225856000	0,000180733000	0,000170886000
3324,000000000000	0,132485500000	0,000203893000	0,000181037000	0,000171416000
3325,000000000000	0,132495790000	0,000251228000	0,000181330000	0,000171903000
3326,000000000000	0,132442800000	0,000247493000	0,000181309000	0,000172526000
3327,000000000000	0,132479100000	0,000253004000	0,000181655000	0,000172692000
3328,000000000000	0,132484520000	0,000212140000	0,000181665000	0,000173034000
3329,001000000000	0,132470980000	0,000226183000	0,000181016000	0,000173709000
3330,000000000000	0,132464470000	0,000238859000	0,000181906000	0,000173823000
3331,000000000000	0,132528520000	0,000227244000	0,000181927000	0,000174352000
3332,001000000000	0,132508150000	0,000201138000	0,000182168000	0,000174715000
3333,000000000000	0,132551720000	0,000234041000	0,000181969000	0,000175338000
3334,000000000000	0,132531020000	0,000241716000	0,000182178000	0,000175587000
3335,000000000000	0,132532640000	0,000268190000	0,000182408000	0,000175929000
3336,000000000000	0,132593010000	0,000199648000	0,000182838000	0,000176241000
3337,000000000000	0,132647410000	0,000222039000	0,000181969000	0,000176656000
3338,000000000000	0,132554860000	0,000258678000	0,000183047000	0,000177174000
3339,000000000000	0,132541530000	0,000258842000	0,000182618000	0,000177818000
3340,000000000000	0,132562450000	0,000205077000	0,000182701000	0,000177963000
3341,000000000000	0,132597780000	0,000206363000	0,000182995000	0,000178409000
3342,000000000000	0,132602110000	0,000249289000	0,000182796000	0,000178575000
3343,000000000000	0,132499910000	0,000266598000	0,000182827000	0,000179281000
3344,000000000000	0,132572530000	0,000220570000	0,000183351000	0,000179509000
3345,000000000000	0,132539250000	0,000199892000	0,000183225000	0,000179831000
3346,000000000000	0,132574910000	0,000242614000	0,000183298000	0,000180443000
3347,000000000000	0,132616960000	0,000215222000	0,000183089000	0,000180931000
3348,000000000000	0,132616960000	0,000236042000	0,000183193000	0,000181128000
3349,000000000000	0,132659340000	0,000222060000	0,000183717000	0,000181615000
3350,000000000000	0,132634520000	0,000215752000	0,000183110000	0,000181792000
3351,000000000000	0,132584340000	0,000233939000	0,000183832000	0,000182560000
3352,000000000000	0,132598640000	0,000227510000	0,000183884000	0,000182892000
3353,001000000000	0,132584660000	0,000232980000	0,000183759000	0,000183244000
3354,000000000000	0,132583690000	0,000238348000	0,000183351000	0,000183525000
3355,000000000000	0,132515300000	0,000267966000	0,000183853000	0,000184043000
3356,000000000000	0,132529610000	0,000251820000	0,000183801000	0,000184386000
3357,000000000000	0,132490700000	0,000228755000	0,000184125000	0,000184697000
3358,000000000000	0,132457970000	0,000216079000	0,000183696000	0,000185185000
3359,000000000000	0,132499370000	0,000230000000	0,000184073000	0,000185590000
3360,000000000000	0,132438030000	0,000244125000	0,000183706000	0,000186036000
3361,001000000000	0,132394350000	0,000229163000	0,000184010000	0,000186430000
3362,000000000000	0,132372030000	0,000209711000	0,000183926000	0,000186907000
3363,000000000000	0,132306890000	0,000268864000	0,000184230000	0,000187219000
3364,001000000000	0,132337890000	0,000271293000	0,000184146000	0,000187665000
3365,000000000000	0,132304290000	0,000248003000	0,000184178000	0,000187935000
3366,000000000000	0,132359460000	0,000217426000	0,000184617000	0,000188547000
3367,000000000000	0,132324670000	0,000244308000	0,000184387000	0,000188692000
3368,000000000000	0,132276330000	0,000268925000	0,000184261000	0,000189149000
3369,000000000000	0,132253250000	0,000245513000	0,000184450000	0,000189574000
3370,000000000000	0,132266690000	0,000206526000	0,000184198000	0,000189999000
3371,000000000000	0,132280230000	0,000232184000	0,000184408000	0,000190456000
3372,000000000000	0,132243280000	0,000259434000	0,000184879000	0,000190861000
3373,000000000000	0,132310470000	0,000237920000	0,000184827000	0,000191089000
3374,000000000000	0,132351870000	0,000204240000	0,000184827000	0,000191680000
3375,000000000000	0,132346670000	0,000235144000	0,000184701000	0,000192012000
3376,000000000000	0,132389040000	0,000237654000	0,000184816000	0,000192344000
3377,000000000000	0,132403570000	0,000231551000	0,000184848000	0,000192739000
3378,000000000000	0,132449410000	0,000218630000	0,000184764000	0,000193206000
3379,000000000000	0,132421770000	0,000266088000	0,000184795000	0,000193766000
3380,000000000000	0,132489830000	0,000240389000	0,000185183000	0,000194119000
3381,000000000000	0,132505550000	0,000225632000	0,000185319000	0,000194461000
3382,000000000000	0,132446700000	0,000205894000	0,000184952000	0,000194918000
3383,000000000000	0,132439010000	0,000238920000	0,000185329000	0,000195405000
3384,000000000000	0,132423940000	0,000247084000	0,000185497000	0,000195769000
3385,000000000000	0,132464260000	0,000251698000	0,000184910000	0,000196308000
3386,000000000000	0,132501320000	0,000241635000	0,000185203000	0,000196443000
3387,000000000000	0,132555400000	0,000204791000	0,000185109000	0,000196858000
3388,000000000000	0,132538600000	0,000250799000	0,000185172000	0,000197149000
3389,000000000000	0,132562010000	0,000229796000	0,000185340000	0,000197792000
3390,000000000000	0,132559740000	0,000229183000	0,000185361000	0,000198103000
3391,000000000000	0,132564070000	0,000214405000	0,000185183000	0,000198477000
3392,000000000000	0,132645030000	0,000216059000	0,000185183000	0,000198933000
3393,000000000000	0,132604710000	0,000254739000	0,000185088000	0,000199317000
3394,000000000000	0,132601570000	0,000264884000	0,000185298000	0,000199701000
3395,000000000000	0,132654890000	0,000199750000	0,000185455000	0,000200282000
3396,000000000000	0,132578380000	0,000232000000	0,000185737000	0,000200479000
3397,000000000000	0,132568950000	0,000231082000	0,000185476000	0,000200967000
3398,000000000000	0,132497850000	0,000259087000	0,000185905000	0,000201310000
3399,000000000000	0,132574480000	0,000211956000	0,000185266000	0,000201797000
3400,000000000000	0,132506960000	0,000221917000	0,000185894000	0,000202316000
3401,000000000000	0,132507280000	0,000246799000	0,000185884000	0,000202461000
3402,000000000000	0,132469780000	0,000275885000	0,000185675000	0,000202949000
3403,000000000000	0,132540770000	0,000260005000	0,000185873000	0,000203447000
3404,000000000000	0,132563420000	0,000216263000	0,000186250000	0,000203717000
3405,000000000000	0,132541530000	0,000231735000	0,000186031000	0,000203364000
3406,000000000000	0,132565260000	0,000244002000	0,000185277000	0,000203053000
3407,000000000000	0,132559740000	0,000219243000	0,000186010000	0,000202503000
3408,000000000000	0,132532970000	0,000238124000	0,000185413000	0,000201984000
3409,000000000000	0,132586940000	0,000232061000	0,000185800000	0,000201766000
3410,000000000000	0,132575450000	0,000254392000	0,000185183000	0,000201268000
3411,000000000000	0,132648280000	0,000225611000	0,000185580000	0,000200832000
3412,000000000000	0,132635710000	0,000214813000	0,000185601000	0,000200448000
3413,001000000000	0,132636580000	0,000243472000	0,000185109000	0,000200158000
3414,000000000000	0,132674070000	0,000238042000	0,000185685000	0,000199743000
3415,000000000000	0,132689140000	0,000219243000	0,000185120000	0,000199203000
3416,000000000000	0,132660960000	0,000206690000	0,000185329000	0,000198913000
3417,000000000000	0,132633760000	0,000198627000	0,000185957000	0,000198612000
3418,000000000000	0,132668870000	0,000230041000	0,000185936000	0,000197989000
3419,000000000000	0,132643300000	0,000245166000	0,000184942000	0,000197782000
3420,000000000000	0,132552260000	0,000226224000	0,000184848000	0,000197429000
3421,000000000000	0,132550630000	0,000212078000	0,000185151000	0,000196858000
3422,000000000000	0,132504900000	0,000258270000	0,000184795000	0,000196142000
3423,000000000000	0,132559200000	0,000245247000	0,000185183000	0,000196298000
3424,000000000000	0,132523860000	0,000214140000	0,000185256000	0,000195686000
3425,001000000000	0,132531560000	0,000181624000	0,000184680000	0,000195354000
3426,000000000000	0,132531560000	0,000231204000	0,000185120000	0,000194928000
3427,001000000000	0,132503160000	0,000254739000	0,000185109000	0,000194638000
3428,000000000000	0,132560710000	0,000225468000	0,000184659000	0,000194140000
3429,000000000000	0,132548030000	0,000214548000	0,000184921000	0,000193849000
3430,001000000000	0,132599620000	0,000213058000	0,000184251000	0,000193444000
3431,000000000000	0,132596800000	0,000227591000	0,000184387000	0,000192894000
3432,000000000000	0,132585310000	0,000226632000	0,000184743000	0,000192459000
3433,000000000000	0,132623900000	0,000218508000	0,000184596000	0,000191888000
3434,000000000000	0,132686320000	0,000214671000	0,000184628000	0,000191629000
3435,000000000000	0,132631480000	0,000243288000	0,000184554000	0,000191265000
3436,000000000000	0,132626390000	0,000225387000	0,000184481000	0,000190726000
3437,001000000000	0,132696830000	0,000204669000	0,000184397000	0,000190446000
3438,000000000000	0,132686100000	0,000213078000	0,000184732000	0,000190114000
3439,000000000000	0,132726640000	0,000225917000	0,000184649000	0,000189595000
3440,000000000000	0,132725230000	0,000222019000	0,000184544000	0,000189263000
3441,000000000000	0,132699980000	0,000203240000	0,000184460000	0,000188713000
3442,000000000000	0,132732710000	0,000185523000	0,000184335000	0,000188360000
3443,000000000000	0,132687510000	0,000246023000	0,000184554000	0,000188080000
3444,000000000000	0,132733790000	0,000241573000	0,000184397000	0,000187727000
3445,000000000000	0,132699000000	0,000231674000	0,000184617000	0,000187239000
3446,000000000000	0,132741270000	0,000209894000	0,000184314000	0,000186928000
3447,000000000000	0,132731950000	0,000231408000	0,000184125000	0,000186440000
3448,000000000000	0,132786680000	0,000237818000	0,000183738000	0,000186015000
3449,000000000000	0,132815290000	0,000219447000	0,000183937000	0,000185942000
3450,000000000000	0,132845090000	0,000186543000	0,000184094000	0,000185216000
3451,000000000000	0,132816050000	0,000218181000	0,000184219000	0,000184957000
3452,000000000000	0,132771290000	0,000215263000	0,000183916000	0,000184438000
3453,000000000000	0,132731410000	0,000225489000	0,000183644000	0,000184116000
3454,000000000000	0,132673970000	0,000221672000	0,000184533000	0,000183504000
3455,000000000000	0,132701710000	0,000206996000	0,000184052000	0,000183203000
3456,000000000000	0,132685240000	0,000262393000	0,000183717000	0,000182871000
3457,000000000000	0,132680040000	0,000227530000	0,000183256000	0,000182363000
3458,000000000000	0,132645790000	0,000214405000	0,000183738000	0,000182051000
3459,000000000000	0,132646980000	0,000202301000	0,000183078000	0,000181730000
3460,000000000000	0,132686430000	0,000248452000	0,000183937000	0,000181408000
3461,000000000000	0,132718180000	0,000243839000	0,000183225000	0,000180848000
3462,000000000000	0,132728910000	0,000213364000	0,000183675000	0,000180495000
3463,001000000000	0,132715150000	0,000191217000	0,000183235000	0,000180090000
3464,000000000000	0,132671150000	0,000242165000	0,000183654000	0,000179696000
3465,000000000000	0,132643080000	0,000251657000	0,000183424000	0,000179333000
3466,000000000000	0,132732710000	0,000208670000	0,000183235000	0,000178897000
3467,000000000000	0,132764890000	0,000204730000	0,000183487000	0,000178347000
3468,000000000000	0,132727180000	0,000233307000	0,000183162000	0,000177984000
3469,000000000000	0,132783750000	0,000231755000	0,000183057000	0,000177361000
3470,000000000000	0,132816920000	0,000202566000	0,000183057000	0,000177185000
3471,000000000000	0,132760130000	0,000209731000	0,000183068000	0,000176905000
3472,000000000000	0,132896250000	0,000200872000	0,000183267000	0,000176427000
3473,000000000000	0,132858100000	0,000233286000	0,000183225000	0,000175950000
3474,000000000000	0,132884000000	0,000223366000	0,000182461000	0,000175618000
3475,000000000000	0,132950110000	0,000194463000	0,000182639000	0,000175193000
3476,000000000000	0,132906650000	0,000238634000	0,000182461000	0,000174829000
3477,000000000000	0,132947180000	0,000232878000	0,000182419000	0,000174342000
3478,000000000000	0,132931360000	0,000224366000	0,000182597000	0,000173999000
3479,000000000000	0,132889850000	0,000228183000	0,000182377000	0,000173584000
3480,000000000000	0,132905240000	0,000208914000	0,000182670000	0,000173034000
3481,001000000000	0,132875330000	0,000248452000	0,000182639000	0,000172879000
3482,000000000000	0,132858210000	0,000242553000	0,000182419000	0,000172329000
3483,000000000000	0,132918140000	0,000194994000	0,000182387000	0,000171841000
3484,000000000000	0,132909470000	0,000193749000	0,000182094000	0,000171436000
3485,000000000000	0,132929190000	0,000235817000	0,000182838000	0,000171156000
3486,000000000000	0,132853660000	0,000249207000	0,000181937000	0,000170617000
3487,000000000000	0,132808460000	0,000224305000	0,000182293000	0,000170461000
3488,000000000000	0,132844230000	0,000193095000	0,000182461000	0,000170108000
3489,000000000000	0,132873600000	0,000228061000	0,000182073000	0,000169506000
3490,000000000000	0,132852900000	0,000220733000	0,000182084000	0,000169226000
3491,000000000000	0,132925730000	0,000246064000	0,000182199000	0,000168707000
3492,000000000000	0,132868070000	0,000219284000	0,000182000000	0,000168189000
3493,000000000000	0,132933750000	0,000215589000	0,000181937000	0,000167940000
3494,000000000000	0,132886280000	0,000224591000	0,000181644000	0,000167556000
3495,000000000000	0,132862000000	0,000223835000	0,000182168000	0,000167369000
3496,000000000000	0,132894950000	0,000217038000	0,000181801000	0,000166653000
3497,000000000000	0,132870350000	0,000235511000	0,000182052000	0,000166425000
3498,000000000000	0,132852140000	0,000243472000	0,000181581000	0,000165875000
3499,000000000000	0,132884220000	0,000252779000	0,000180325000	0,000165345000
3500,000000000000	0,132843790000	0,000213140000	0,000180587000	0,000164951000
3501,000000000000	0,132734550000	0,000223141000	0,000180566000	0,000164806000
3502,000000000000	0,132674730000	0,000249636000	0,000180074000	0,000164412000
3503,000000000000	0,132803480000	0,000266700000	0,000180534000	0,000163799000
3504,000000000000	0,132904810000	0,000204893000	0,000180325000	0,000163094000
3505,000000000000	0,132928540000	0,000222835000	0,000179739000	0,000163094000
3506,000000000000	0,132907300000	0,000234715000	0,000179990000	0,000162648000
3507,000000000000	0,132808030000	0,000238899000	0,000179812000	0,000162554000
3508,000000000000	0,132871750000	0,000200158000	0,000179781000	0,000161776000
3509,000000000000	0,132886820000	0,000201158000	0,000179215000	0,000161537000
3510,000000000000	0,132912400000	0,000212997000	0,000179299000	0,000160936000
3511,000000000000	0,132802830000	0,000256903000	0,000177457000	0,000160676000
3512,000000000000	0,132840870000	0,000231653000	0,000176881000	0,000160209000
3513,000000000000	0,132799030000	0,000214140000	0,000177436000	0,000159919000
3514,000000000000	0,132815620000	0,000240859000	0,000176923000	0,000159462000
3515,000000000000	0,132836320000	0,000247248000	0,000177383000	0,000159151000
3516,000000000000	0,132791120000	0,000250310000	0,000174211000	0,000158518000
3517,000000000000	0,132758070000	0,000218141000	0,000172651000	0,000158373000
3518,000000000000	0,132652940000	0,000233082000	0,000171929000	0,000157812000
3519,000000000000	0,132696510000	0,000254637000	0,000165543000	0,000157304000
3520,000000000000	0,132739640000	0,000249840000	0,000160801000	0,000157065000
3521,000000000000	0,132748200000	0,000204934000	0,000157262000	0,000156619000
3522,000000000000	0,132760020000	0,000223795000	0,000142564000	0,000156391000
3523,000000000000	0,132744410000	0,000272762000	0,000134022000	0,000155789000
3524,000000000000	0,132800330000	0,000241328000	0,000133017000	0,000155187000
3525,000000000000	0,132846500000	0,000227836000	0,000126704000	0,000155239000
3526,001000000000	0,132926590000	0,000211527000	0,000120286000	0,000154710000
3527,001000000000	0,132961270000	0,000233388000	0,000113649000	0,000154233000
3528,000000000000	0,132972980000	0,000261046000	0,000110341000	0,000153620000
3529,001000000000	0,133047430000	0,000205097000	0,000110038000	0,000153257000
3530,000000000000	0,133055670000	0,000210364000	0,000102877000	0,000153143000
3531,001000000000	0,133100860000	0,000241339000	0,000096972000	0,000152552000
3532,001000000000	0,133082550000	0,000237940000	0,000097067000	0,000152240000
3533,000000000000	0,133063360000	0,000230286000	0,000096564000	0,000151773000
3534,000000000000	0,133043320000	0,000204914000	0,000096910000	0,000151265000
3535,000000000000	0,133051990000	0,000224427000	0,000097035000	0,000150871000
3536,000000000000	0,133154180000	0,000233225000	0,000081866000	0,000150622000
3537,001000000000	0,133236550000	0,000261311000	0,000081458000	0,000150227000
3538,000000000000	0,133287710000	0,000172357000	0,000081280000	0,000149750000
3539,000000000000	0,133269390000	0,000197668000	0,000081405000	0,000149107000
3540,000000000000	0,133232970000	0,000261291000	0,000081573000	0,000149034000
3541,000000000000	0,133269170000	0,000234450000	0,000081217000	0,000148640000
3542,000000000000	0,133277410000	0,000196239000	0,000080955000	0,000148401000
3543,000000000000	0,133320220000	0,000185257000	0,000081112000	0,000147758000
3544,000000000000	0,133302770000	0,000256596000	0,000081353000	0,000147405000
3545,000000000000	0,133287710000	0,000224305000	0,000081227000	0,000147114000
3546,001000000000	0,133223980000	0,000213711000	0,000081667000	0,000146834000
3547,000000000000	0,133205770000	0,000219018000	0,000080913000	0,000146222000
3548,000000000000	0,133269930000	0,000221488000	0,000080871000	0,000145112000
3549,000000000000	0,133266680000	0,000236470000	0,000081206000	0,000145714000
3550,000000000000	0,133357610000	0,000237368000	0,000080568000	0,000144749000
3551,000000000000	0,133402480000	0,000202219000	0,000081165000	0,000144666000
3552,000000000000	0,133402580000	0,000233123000	0,000081028000	0,000143929000
3553,000000000000	0,133392400000	0,000250963000	0,000081049000	0,000144157000
3554,000000000000	0,133411360000	0,000240002000	0,000080505000	0,000143462000
3555,000000000000	0,133421230000	0,000206935000	0,000081227000	0,000142974000
3556,000000000000	0,133429790000	0,000208506000	0,000080892000	0,000142746000
3557,000000000000	0,133547160000	0,000228530000	0,000080913000	0,000142155000
3558,000000000000	0,133483650000	0,000215344000	0,000081154000	0,000141636000
3559,000000000000	0,133428920000	0,000213548000	0,000080526000	0,000141241000
3560,000000000000	0,133431300000	0,000204853000	0,000080903000	0,000140951000
3561,000000000000	0,133397170000	0,000250269000	0,000080819000	0,000140474000
3562,001000000000	0,133341890000	0,000262005000	0,000080683000	0,000140059000
3563,000000000000	0,133447340000	0,000229326000	0,000080306000	0,000139768000
3564,000000000000	0,133460670000	0,000218733000	0,000080495000	0,000139477000
3565,000000000000	0,133508900000	0,000248472000	0,000080453000	0,000138855000
3566,000000000000	0,133511400000	0,000230408000	0,000080673000	0,000138596000
3567,000000000000	0,133525380000	0,000210813000	0,000080892000	0,000138129000
3568,000000000000	0,133494600000	0,000196933000	0,000080725000	0,000137734000
3569,000000000000	0,133472920000	0,000212834000	0,000080369000	0,000137381000
3570,000000000000	0,133413420000	0,000233511000	0,000079678000	0,000137060000
3571,000000000000	0,133559950000	0,000201280000	0,000079668000	0,000136666000
3572,000000000000	0,133461000000	0,000214446000	0,000080463000	0,000136116000
3573,000000000000	0,133482350000	0,000190136000	0,000080652000	0,000135628000
3574,000000000000	0,133480290000	0,000200097000	0,000080107000	0,000135275000
3575,000000000000	0,133474660000	0,000228081000	0,000079887000	0,000134985000
3576,000000000000	0,133521150000	0,000195708000	0,000080589000	0,000135192000
3577,000000000000	0,133451350000	0,000211793000	0,000080358000	0,000134071000
3578,000000000000	0,133521910000	0,000239001000	0,000080044000	0,000133802000
3579,000000000000	0,133497410000	0,000219345000	0,000080358000	0,000133169000
3580,000000000000	0,133491350000	0,000194953000	0,000080358000	0,000132920000
3581,000000000000	0,133547920000	0,000191034000	0,000080327000	0,000132619000
3582,000000000000	0,133644370000	0,000222856000	0,000080767000	0,000132017000
3583,000000000000	0,133553340000	0,000216855000	0,000079364000	0,000131643000
3584,000000000000	0,133572410000	0,000161008000	0,000080421000	0,000131384000
3585,000000000000	0,133504030000	0,000188217000	0,000080505000	0,000130927000
3586,000000000000	0,133568080000	0,000210507000	0,000079940000	0,000130512000
3587,000000000000	0,133565480000	0,000221733000	0,000080306000	0,000129900000
3588,000000000000	0,133514430000	0,000228938000	0,000079919000	0,000129579000
3589,000000000000	0,133488530000	0,000210078000	0,000080474000	0,000129236000
3590,000000000000	0,133518660000	0,000224591000	0,000080034000	0,000128977000
3591,000000000000	0,133531660000	0,000245370000	0,000079940000	0,000128157000
3592,000000000000	0,133538600000	0,000250493000	0,000079908000	0,000128167000
3593,000000000000	0,133653260000	0,000215630000	0,000080003000	0,000127586000
3594,000000000000	0,133726520000	0,000196974000	0,000079835000	0,000127368000
3595,000000000000	0,133783640000	0,000207771000	0,000080044000	0,000126829000
3596,000000000000	0,133769010000	0,000226958000	0,000079427000	0,000126403000
3597,000000000000	0,133854190000	0,000212956000	0,000080128000	0,000126051000
3598,000000000000	0,133811170000	0,000211874000	0,000079856000	0,000125511000
3599,000000000000	0,133810950000	0,000248636000	0,000080170000	0,000125241000
3600,000000000000	0,133856680000	0,000230571000	0,000080327000	0,000124899000
3601,000000000000	0,133785480000	0,000202587000	0,000079772000	0,000124141000
3602,000000000000	0,133808240000	0,000182420000	0,000079668000	0,000124048000
3603,000000000000	0,133732160000	0,000229061000	0,000079458000	0,000123633000
3604,000000000000	0,133777460000	0,000259434000	0,000079804000	0,000123197000
3605,000000000000	0,133835120000	0,000194300000	0,000079982000	0,000123820000
3606,000000000000	0,133828720000	0,000220406000	0,000079971000	0,000124110000
3607,000000000000	0,133802600000	0,000234470000	0,000080442000	0,000124339000
3608,000000000000	0,133830020000	0,000245656000	0,000080044000	0,000124992000
3609,000000000000	0,133832730000	0,000227448000	0,000080139000	0,000125189000
3610,000000000000	0,133852130000	0,000198831000	0,000080003000	0,000125698000
3611,000000000000	0,133804770000	0,000219018000	0,000080201000	0,000126092000
3612,000000000000	0,133717960000	0,000239797000	0,000080149000	0,000126258000
3613,000000000000	0,133708640000	0,000223203000	0,000079940000	0,000126767000
3614,000000000000	0,133690430000	0,000215120000	0,000080526000	0,000127451000
3615,000000000000	0,133638090000	0,000209527000	0,000080055000	0,000127835000
3616,000000000000	0,133648710000	0,000244574000	0,000079699000	0,000127981000
3617,000000000000	0,133660520000	0,000251391000	0,000080673000	0,000128510000
3618,000000000000	0,133672010000	0,000202179000	0,000080233000	0,000128811000
3619,000000000000	0,133675590000	0,000197831000	0,000080285000	0,000129330000
3620,000000000000	0,133686530000	0,000238022000	0,000080065000	0,000129516000
3621,000000000000	0,133717310000	0,000232429000	0,000080023000	0,000130201000
3622,000000000000	0,133831870000	0,000211690000	0,000080631000	0,000130627000
3623,000000000000	0,133842270000	0,000196565000	0,000079636000	0,000130917000
3624,000000000000	0,133806830000	0,000250146000	0,000080358000	0,000131405000
3625,000000000000	0,133844110000	0,000238022000	0,000080348000	0,000131872000
3626,000000000000	0,133747440000	0,000218753000	0,000080599000	0,000131986000
3627,000000000000	0,133779520000	0,000208445000	0,000080139000	0,000132432000
3628,000000000000	0,133836960000	0,000217283000	0,000080201000	0,000132774000
3629,000000000000	0,133803900000	0,000262699000	0,000080191000	0,000133387000
3630,000000000000	0,133821570000	0,000222182000	0,000080453000	0,000133708000
3631,000000000000	0,133852890000	0,000200505000	0,000080369000	0,000134383000
3632,000000000000	0,133864920000	0,000203975000	0,000080400000	0,000134507000
3633,000000000000	0,133809000000	0,000235838000	0,000080411000	0,000134902000
3634,000000000000	0,133788840000	0,000225775000	0,000080107000	0,000135369000
3635,000000000000	0,133787860000	0,000199260000	0,000080181000	0,000135732000
3636,000000000000	0,133829700000	0,000214017000	0,000080379000	0,000136178000
3637,000000000000	0,133862970000	0,000223305000	0,000080181000	0,000136541000
3638,000000000000	0,133812470000	0,000232306000	0,000080013000	0,000136863000
3639,000000000000	0,133756980000	0,000200219000	0,000081175000	0,000137444000
3640,000000000000	0,133830780000	0,000208853000	0,000080453000	0,000137745000
3641,000000000000	0,133861020000	0,000205832000	0,000080798000	0,000138274000
3642,000000000000	0,133860260000	0,000211690000	0,000080233000	0,000138492000
3643,000000000000	0,133805310000	0,000181216000	0,000080547000	0,000139197000
3644,000000000000	0,133854190000	0,000175296000	0,000080348000	0,000139426000
3645,000000000000	0,133883240000	0,000209323000	0,000080620000	0,000139799000
3646,000000000000	0,133876840000	0,000240144000	0,000081018000	0,000140245000
3647,000000000000	0,133833920000	0,000201280000	0,000080348000	0,000140733000
3648,000000000000	0,133881070000	0,000219957000	0,000080851000	0,000141024000
3649,000000000000	0,133945230000	0,000223039000	0,000080578000	0,000141605000
3650,000000000000	0,133955850000	0,000238389000	0,000080830000	0,000141698000
3651,000000000000	0,133927450000	0,000216732000	0,000080683000	0,000142227000
3652,001000000000	0,133987280000	0,000192258000	0,000080233000	0,000142632000
3653,000000000000	0,134066500000	0,000199811000	0,000080934000	0,000143088000
3654,000000000000	0,134007220000	0,000222019000	0,000080871000	0,000143306000
3655,000000000000	0,134023040000	0,000226938000	0,000081196000	0,000143732000
3656,000000000000	0,134072030000	0,000194157000	0,000080892000	0,000144105000
3657,000000000000	0,134128280000	0,000189380000	0,000081531000	0,000144915000
3658,001000000000	0,134154290000	0,000219365000	0,000081353000	0,000145070000
3659,000000000000	0,134145730000	0,000202975000	0,000080997000	0,000145423000
3660,000000000000	0,134160790000	0,000160926000	0,000081049000	0,000145859000
3661,000000000000	0,134091000000	0,000180032000	0,000080809000	0,000146274000
3662,000000000000	0,134191240000	0,000212629000	0,000080714000	0,000146388000
3663,000000000000	0,134166100000	0,000206200000	0,000080976000	0,000147011000
3664,001000000000	0,134237520000	0,000175419000	0,000081510000	0,000147498000
3665,000000000000	0,134235030000	0,000185502000	0,000081521000	0,000147747000
3666,000000000000	0,134290080000	0,000222488000	0,000080924000	0,000147945000
3667,000000000000	0,134326170000	0,000218549000	0,000081248000	0,000148858000
3668,000000000000	0,134369740000	0,000204955000	0,000081028000	0,000148816000
3669,000000000000	0,134317720000	0,000180726000	0,000081426000	0,000149397000
3670,000000000000	0,134302550000	0,000197504000	0,000080934000	0,000149926000
3671,000000000000	0,134291490000	0,000215303000	0,000081793000	0,000150352000
3672,000000000000	0,134322160000	0,000215834000	0,000081437000	0,000150715000
3673,000000000000	0,134293010000	0,000227612000	0,000081573000	0,000151130000
3674,000000000000	0,134228090000	0,000208486000	0,000081405000	0,000151421000
3675,000000000000	0,134204360000	0,000205465000	0,000081709000	0,000151856000
3676,001000000000	0,134218550000	0,000203832000	0,000081426000	0,000152240000
3677,000000000000	0,134234920000	0,000199505000	0,000081688000	0,000152686000
3678,000000000000	0,134247490000	0,000202117000	0,000082013000	0,000153112000
3679,000000000000	0,134235140000	0,000230102000	0,000081594000	0,000153506000
3680,000000000000	0,134214650000	0,000218569000	0,000081845000	0,000154046000
3681,000000000000	0,134213240000	0,000188115000	0,000082389000	0,000154305000
3682,000000000000	0,134160790000	0,000194606000	0,000081971000	0,000154658000
3683,000000000000	0,134193090000	0,000211425000	0,000081887000	0,000154907000
3684,000000000000	0,134227550000	0,000217977000	0,000082222000	0,000155343000
3685,000000000000	0,134260610000	0,000194177000	0,000082138000	0,000156059000
3686,000000000000	0,134295830000	0,000172684000	0,000082536000	0,000156391000
3687,000000000000	0,134296260000	0,000227959000	0,000082253000	0,000156764000
3688,000000000000	0,134266240000	0,000230122000	0,000082337000	0,000157148000
3689,001000000000	0,134242720000	0,000201383000	0,000083164000	0,000157408000
3690,000000000000	0,134265160000	0,000166927000	0,000085153000	0,000157895000
3691,000000000000	0,134212810000	0,000211833000	0,000093497000	0,000158134000
3692,000000000000	0,134186260000	0,000203138000	0,000104123000	0,000158705000
3693,000000000000	0,134107140000	0,000180338000	0,000121365000	0,000159037000
3694,000000000000	0,134067910000	0,000177725000	0,000133791000	0,000159545000
3695,001000000000	0,134117870000	0,000196280000	0,000140177000	0,000160012000
3696,000000000000	0,134144420000	0,000201199000	0,000145056000	0,000160271000
3697,000000000000	0,134070510000	0,000214528000	0,000147547000	0,000160552000
3698,000000000000	0,134044180000	0,000205567000	0,000150395000	0,000161122000
3699,000000000000	0,134020770000	0,000192422000	0,000153043000	0,000161569000
3700,000000000000	0,134033010000	0,000181665000	0,000154949000	0,000161973000
3701,000000000000	0,133964090000	0,000223305000	0,000156812000	0,000162087000
3702,000000000000	0,133942090000	0,000174480000	0,000158717000	0,000162668000
3703,000000000000	0,133894400000	0,000214650000	0,000160864000	0,000163156000
3704,000000000000	0,133964630000	0,000213221000	0,000162675000	0,000163478000
3705,000000000000	0,133927780000	0,000197994000	0,000164109000	0,000163768000
3706,000000000000	0,133909680000	0,000177276000	0,000166004000	0,000164235000
3707,000000000000	0,133897430000	0,000163355000	0,000167721000	0,000164578000
3708,000000000000	0,133823410000	0,000219896000	0,000169542000	0,000164920000
3709,000000000000	0,133895700000	0,000201995000	0,000171196000	0,000165595000
3710,000000000000	0,133895050000	0,000184829000	0,000172882000	0,000165771000
3711,000000000000	0,133945660000	0,000167377000	0,000175823000	0,000166269000
3712,000000000000	0,133929620000	0,000207710000	0,000178608000	0,000166954000
3713,000000000000	0,133947940000	0,000205873000	0,000180702000	0,000167192000
3714,000000000000	0,133953030000	0,000202995000	0,000179278000	0,000167524000
3715,000000000000	0,134000720000	0,000201097000	0,000180566000	0,000167774000
3716,001000000000	0,134047540000	0,000170989000	0,000180838000	0,000168521000
3717,001000000000	0,133999090000	0,000222529000	0,000180681000	0,000168759000
3718,000000000000	0,133978930000	0,000208608000	0,000181047000	0,000169237000
3719,000000000000	0,133969720000	0,000178236000	0,000180754000	0,000169506000
3720,000000000000	0,134034420000	0,000165070000	0,000181100000	0,000169932000
3721,000000000000	0,134026190000	0,000191687000	0,000181382000	0,000170471000
3722,000000000000	0,134033230000	0,000204669000	0,000181225000	0,000170700000
3723,001000000000	0,134020660000	0,000177297000	0,000181435000	0,000171291000
3724,000000000000	0,134097280000	0,000163253000	0,000181414000	0,000171540000
3725,001000000000	0,134039190000	0,000223611000	0,000181414000	0,000172028000
3726,000000000000	0,134109640000	0,000191217000	0,000181340000	0,000172235000
3727,000000000000	0,134139980000	0,000185849000	0,000181864000	0,000172899000
3728,000000000000	0,134173580000	0,000183379000	0,000182168000	0,000173159000
3729,000000000000	0,134325310000	0,000199586000	0,000181539000	0,000173615000
3730,000000000000	0,134307530000	0,000197688000	0,000182209000	0,000174113000
3731,000000000000	0,134324330000	0,000191728000	0,000181853000	0,000174196000
3732,000000000000	0,134345570000	0,000167846000	0,000182450000	0,000174736000
3733,000000000000	0,134329530000	0,000192136000	0,000182220000	0,000175244000
3734,000000000000	0,134406700000	0,000211323000	0,000181696000	0,000175525000
3735,000000000000	0,134369960000	0,000187952000	0,000182293000	0,000176189000
3736,000000000000	0,134368870000	0,000169438000	0,000182042000	0,000176344000
3737,000000000000	0,134351320000	0,000190850000	0,000182544000	0,000176822000
3738,000000000000	0,134339400000	0,000199301000	0,000182209000	0,000177019000
3739,000000000000	0,134383400000	0,000202648000	0,000182429000	0,000177631000
3740,000000000000	0,134424800000	0,000182032000	0,000183026000	0,000177870000
3741,000000000000	0,134464680000	0,000162723000	0,000183193000	0,000178617000
3742,000000000000	0,134452760000	0,000201219000	0,000182921000	0,000179104000
3743,000000000000	0,134479090000	0,000183930000	0,000183225000	0,000179146000
3744,001000000000	0,134432710000	0,000172337000	0,000183110000	0,000179810000
3745,000000000000	0,134454060000	0,000174766000	0,000183089000	0,000180215000
3746,000000000000	0,134451460000	0,000212854000	0,000183131000	0,000180277000
3747,000000000000	0,134451570000	0,000149047000	0,000183340000	0,000180775000
3748,000000000000	0,134428810000	0,000163192000	0,000183612000	0,000181242000
3749,000000000000	0,134445500000	0,000171357000	0,000177247000	0,000161070000
